product_id,product_name,brand,category,review_text,cluster_text,cluster,cluster_text_v2,cluster_4,cluster_text_v3,cluster_v3,cluster_v3_6,meta_category
B002Y27P6Y,Unknown,Amazon Digital Services Inc.,"Electronics,Amazon Device Accessories,Kindle Store,Covers,Kindle E-Reader Accessories,Kindle DX (2nd Generation, Global Wireless) Accessories","As you've seen in other reviews, this can break your DX. But not if you put a little double-sided tape at each right side corner, ALWAYS move the elastic band so that it holds the right edge of the Kindle into the case against the tape, and never, NEVER swing the back open. If you let your Kindle DX swing freely back and forth the way the pages in a printed book do when you hold it by both the front and back covers, the plastic part of the case will break. So don't DO that! Note in other reviews that some people even without the tape have used this case for months with no cracking of the case. I have to assume those people always move the elastic band. They might also have been reading with the case flat on a table. But if you use the tape AND the band you can read in any normal position. Note that the DX weighs 19 oz and the case weighs 12 oz. For some people the DX without case MIGHT be suitable to hold in one hand. With the case, you read with this resting in your lap, or against your knees when you lie down, or on a table. The combo is as big and heavy as a college textbook. But you can tell this is an expensively made quality product. My new Kindle DX2 graphite came yesterday and immediately I realized I needed a cover. I was nervous when putting the DX down and picking it up fearing that I would drop or scratch it and there's no great way to carry the Kindle around without a cover. Also I found the bare Kindle to be a bit fidgety to hold while reading and I was hoping a cover would give me a better grip.This cover was just released and I like the fact that it has the elastic band to hold it closed like the original Kindle 1, as I had read that the older DX cover did not always stay closed. I got the cover with 1-day local delivery and it just arrived.The cover weighs a bit more than 11 ounces so the Kindle with cover is 30 ounces. This makes it significantly heavier than just the Kindle alone (18.75 oz), however the cover gives you several better ways to hold the Kindle, including open like a book or folded back. If you rest the Kindle on something to take the weight off, it is definitely more comfortable to read with it. My preference is to lie on the couch with the Kindle balanced on my chest/stomach and my left hand holding the top of the left part of the cover open at about 90 degrees.I'd give it 5 stars if it was lighter, but so far I really like it. This cover is made for the Kindle DX and fits it beautifully. The problem - and it's a big one - is if you accidentlly try to open the cover from the back (which is very easy to do) you can damage the Kindle without even realizing what's happened. My husband did this and cracked the Kindle frame within the first week of owning the device. Fortunately, only the frame was cracked and the Kindle still works. We cannot, however, remove the cover because of the way it hooks into the device, the hook closure must be bent because of the accidental attempt to open the back cover. After the incident, we attempted to clip the back cover to the Kindle, but found this to be cumbersome and the clip would not stay in place. We are just extremely careful now, but the damage was done almost immediately. I hope this design flaw has been fixed. I have several covers, from simple rubber covers to the more expanded package of hard cased plastic rubber Otterbox.I will keep it simple by summing up pro's and con's:PRO's1 Reading comfortThis one is my favorite for when it comes to reading comfort. You can fold the leather cover back to have the 'one page' feel of just the Kindle in your hand, or you can leave it open and then the Kindle reads more like an unfolded book.2 protection on the inside and good to hold for longer periods of timeThe inside is soft to protect the screen, and the outside is real leather - which is a plus to rubber which tends to make the hands more sticky after a while.3 The weight is neglegible the item is very light.4 The hinge system prevents the Kindle to slip out, which no other cover that I know of has5 Elastic band keeps the cover together and indicates 'front' of the device. Many people have complained before that when one opens the Kindle on the back unintentionally, the Kindle could crack at the hinges. By closing it up with the elastic band, you always know where the front is so you never have this problemCON's1 Expensive. That is why I bought it from overstock.com from the marketplace amazon, rather than new from amazon itself2 No total protection. Only an Otterbox case will make sure the Kindle survives a fall on the ground. But for both cases you still need a plastic screen cover to keep the Kindle clean and untouched.Overall If reading comfort is firt priority, and you are careful enough not to damage the Kindle, this is the product for you. If you rather want more safety from damage or scratches, go for the Otterbox, but then the comfortable feel will be compromised for a more heave, rubber 'touch'. The reason people give it 5 stars is because they don't give the product enough time before they review it. I purchased this along with my kindle dx on August 12, 2010. I can honestly say that I don't recommend this product as it will damage the kindle. The hinge that attaches to the kindle will eventually put pressure on the kindle front plastic cover and soon you will see it crack. To avoid this, you have to make sure the kindle doesn't rock back and forth from off the back cover causing the hinge to bend more and crack the front plastic further. This is hard to do if you open and close your kindle many times a day or simply lend it to someone else who doesn't know better. One thing I can honestly say is that I really wanted to like this product. I really wanted it to work. I'm looking for a slip cover now. This cover is a must have for your Kindle reading device. I purchased a different case initally and had to come back to get this case. It is so handy to close when reading so your screen is always protected. The Kindle is secure/locked into the case so you don't have to worry about it falling. If you buy a Kindle you MUST this case! I have this cover in black and my cover does indeed fold back on itself. Not sure why the other review stated that the cover does not... I wrapped the elastic band around the back part of the cover and this works great to keep it secure and out of the way. The magnets on the back help to stop from opening the cover the wrong way, but I used a small piece of two faced tape on the back of the Kindle and no more trouble opening it the wrong way now, works great! I am very happy with this cover. I found this cover to be quite handsome in appearance (EVERYONE who sees it comments on how cool or how nice it is!), very simple, and very functional. It's VERY easy to attach the Kindle DX to it and the fit is perfect. Most importantly, it appears Amazon has solved the older problem with this cover somehow damaging the Kindle if one opened the cover from the back too far. Now, there is a small magnet embedded in the back of the cover that gently keeps the back cover snug to the Kindle DX and serves to gently remind you, with a gentle tug, if you accidentally attempt to open your Kindle backwards. For me, it's an elegant and well-thought-out solution. I, as well as other Kindle lovers, have noticed that although we have taken great care with the cover, it has warped and has bubbles and is not durable. Within 3 months, and I only started using the Kindle with the cover in the past 2 weeks, noticed the cover has become warped and bubbled under the leather. No idea what would cause this, I have taken great care not to put it near any source that would have done this damage, not sunlight, heat, moisture or anything. I will be requesting a replacement, but Kindle manufacturers of the cover need to do their homework and come up with a better product, especially for the price we paid. This cover is a replacement for the initial cover that broke my kindle framewhere the top hinge goes into the Kindle. The metal on the original hinge system was too light weight to withstand having the cover fold all the way back on the Kindle and after just over a year resulted in the hinge becoming bent up towards the frame and it cracked the frame on my Kindle.I understand this new Kindle cover is supposed to have corrected that problembut the hinge system looks identical to the one that was on my old cover. I hope that over time, again, about a year plus it won't crack the frame in the same place again on my new Kindle.I am so thankful that Amazon replace both my Kindle and the book cover as a result of this problem.I would recomend that after about 6 months use it would be wise to remove the cover from your Kindle and see if the top hinge is beginning to bend upwards towards the frame and if so contact Amazon before the frame of your Kindle breaks where the top hinge inserts into your Kindle.","Unknown Amazon Digital Services Inc. Electronics,Amazon Device Accessories,Kindle Store,Covers,Kindle E-Reader Accessories,Kindle DX (2nd Generation, Global Wireless) Accessories As you've seen in other reviews, this can break your DX. But not if you put a little double-sided tape at each right side corner, ALWAYS move the elastic band so that it holds the right edge of the Kindle into the case against the tape, and never, NEVER swing the back open. If you let your Kindle DX swing freely back and forth the way the pages in a printed book do when you hold it by both the front and back covers, the plastic part of the case will break. So don't DO that! Note in other reviews that some people even without the tape have used this case for months with no cracking of the case. I have to assume those people always move the elastic band. They might also have been reading with the case flat on a table. But if you use the tape AND the band you can read in any normal position. Note that the DX weighs 19 oz and the case weighs 12 oz. For some people the DX without case MIGHT be suitable to hold in one hand. With the case, you read with this resting in your lap, or against your knees when you lie down, or on a table. The combo is as big and heavy as a college textbook. But you can tell this is an expensively made quality product. My new Kindle DX2 graphite came yesterday and immediately I realized I needed a cover. I was nervous when putting the DX down and picking it up fearing that I would drop or scratch it and there's no great way to carry the Kindle around without a cover. Also I found the bare Kindle to be a bit fidgety to hold while reading and I was hoping a cover would give me a better grip.This cover was just released and I like the fact that it has the elastic band to hold it closed like the original Kindle 1, as I had read that the older DX cover did not always stay closed. I got the cover with 1-day local delivery and it just arrived.The cover weighs a bit more than 11 ounces so the Kindle with cover is 30 ounces. This makes it significantly heavier than just the Kindle alone (18.75 oz), however the cover gives you several better ways to hold the Kindle, including open like a book or folded back. If you rest the Kindle on something to take the weight off, it is definitely more comfortable to read with it. My preference is to lie on the couch with the Kindle balanced on my chest/stomach and my left hand holding the top of the left part of the cover open at about 90 degrees.I'd give it 5 stars if it was lighter, but so far I really like it. This cover is made for the Kindle DX and fits it beautifully. The problem - and it's a big one - is if you accidentlly try to open the cover from the back (which is very easy to do) you can damage the Kindle without even realizing what's happened. My husband did this and cracked the Kindle frame within the first week of owning the device. Fortunately, only the frame was cracked and the Kindle still works. We cannot, however, remove the cover because of the way it hooks into the device, the hook closure must be bent because of the accidental attempt to open the back cover. After the incident, we attempted to clip the back cover to the Kindle, but found this to be cumbersome and the clip would not stay in place. We are just extremely careful now, but the damage was done almost immediately. I hope this design flaw has been fixed. I have several covers, from simple rubber covers to the more expanded package of hard cased plastic rubber Otterbox.I will keep it simple by summing up pro's and con's:PRO's1 Reading comfortThis one is my favorite for when it comes to reading comfort. You can fold the leather cover back to have the 'one page' feel of just the Kindle in your hand, or you can leave it open and then the Kindle reads more like an unfolded book.2 protection on the inside and good to hold for longer periods of timeThe inside is soft to protect the screen, and the outside is real leather - which is a plus to rubber which tends to make the hands more sticky after a while.3 The weight is neglegible the item is very light.4 The hinge system prevents the Kindle to slip out, which no other cover that I know of has5 Elastic band keeps the cover together and indicates 'front' of the device. Many people have complained before that when one opens the Kindle on the back unintentionally, the Kindle could crack at the hinges. By closing it up with the elastic band, you always know where the front is so you never have this problemCON's1 Expensive. That is why I bought it from overstock.com from the marketplace amazon, rather than new from amazon itself2 No total protection. Only an Otterbox case will make sure the Kindle survives a fall on the ground. But for both cases you still need a plastic screen cover to keep the Kindle clean and untouched.Overall If reading comfort is firt priority, and you are careful enough not to damage the Kindle, this is the product for you. If you rather want more safety from damage or scratches, go for the Otterbox, but then the comfortable feel will be compromised for a more heave, rubber 'touch'. The reason people give it 5 stars is because they don't give the product enough time before they review it. I purchased this along with my kindle dx on August 12, 2010. I can honestly say that I don't recommend this product as it will damage the kindle. The hinge that attaches to the kindle will eventually put pressure on the kindle front plastic cover and soon you will see it crack. To avoid this, you have to make sure the kindle doesn't rock back and forth from off the back cover causing the hinge to bend more and crack the front plastic further. This is hard to do if you open and close your kindle many times a day or simply lend it to someone else who doesn't know better. One thing I can honestly say is that I really wanted to like this product. I really wanted it to work. I'm looking for a slip cover now. This cover is a must have for your Kindle reading device. I purchased a different case initally and had to come back to get this case. It is so handy to close when reading so your screen is always protected. The Kindle is secure/locked into the case so you don't have to worry about it falling. If you buy a Kindle you MUST this case! I have this cover in black and my cover does indeed fold back on itself. Not sure why the other review stated that the cover does not... I wrapped the elastic band around the back part of the cover and this works great to keep it secure and out of the way. The magnets on the back help to stop from opening the cover the wrong way, but I used a small piece of two faced tape on the back of the Kindle and no more trouble opening it the wrong way now, works great! I am very happy with this cover. I found this cover to be quite handsome in appearance (EVERYONE who sees it comments on how cool or how nice it is!), very simple, and very functional. It's VERY easy to attach the Kindle DX to it and the fit is perfect. Most importantly, it appears Amazon has solved the older problem with this cover somehow damaging the Kindle if one opened the cover from the back too far. Now, there is a small magnet embedded in the back of the cover that gently keeps the back cover snug to the Kindle DX and serves to gently remind you, with a gentle tug, if you accidentally attempt to open your Kindle backwards. For me, it's an elegant and well-thought-out solution. I, as well as other Kindle lovers, have noticed that although we have taken great care with the cover, it has warped and has bubbles and is not durable. Within 3 months, and I only started using the Kindle with the cover in the past 2 weeks, noticed the cover has become warped and bubbled under the leather. No idea what would cause this, I have taken great care not to put it near any source that would have done this damage, not sunlight, heat, moisture or anything. I will be requesting a replacement, but Kindle manufacturers of the cover need to do their homework and come up with a better product, especially for the price we paid. This cover is a replacement for the initial cover that broke my kindle framewhere the top hinge goes into the Kindle. The metal on the original hinge system was too light weight to withstand having the cover fold all the way back on the Kindle and after just over a year resulted in the hinge becoming bent up towards the frame and it cracked the frame on my Kindle.I understand this new Kindle cover is supposed to have corrected that problembut the hinge system looks identical to the one that was on my old cover. I hope that over time, again, about a year plus it won't crack the frame in the same place again on my new Kindle.I am so thankful that Amazon replace both my Kindle and the book cover as a result of this problem.I would recomend that after about 6 months use it would be wise to remove the cover from your Kindle and see if the top hinge is beginning to bend upwards towards the frame and if so contact Amazon before the frame of your Kindle breaks where the top hinge inserts into your Kindle.",0,"Unknown Electronics,Amazon Device Accessories,Kindle Store,Covers,Kindle E-Reader Accessories,Kindle DX (2nd Generation, Global Wireless) Accessories",1,"    Electronics,Amazon Device Accessories,Kindle Store,Covers,Kindle E-Reader Accessories,Kindle DX (2nd Generation, Global Wireless) Accessories",0,0,Accessories & Power
B005PB2T0S,"Amazon Kindle Lighted Leather Cover,,,
Amazon Kindle Lighted Leather Cover,,,",Amazon,"Electronics,eBook Readers & Accessories,Covers,Kindle Store,Amazon Device Accessories,Kindle E-Reader Accessories,Kindle (5th Generation) Accessories,Kindle (5th Generation) Covers","Finally received the Kindle Lighted Leather Cover for the newest version Kindle. It is VERY lightweight and I had to double and triple check the description considering it states this is a leather cover. The front cover is very thin with a medium-weight cardboard feel to it. The leather on the front cover is extremely thin and you can immediately tell the surface will be easily scratched and marred with normal everyday use. The inside of the front cover has a thin microfiber material to protect the screen. The back cover is hollowed out plastic to form-fit your Kindle and snaps in with relative ease.Using the enclosed graphic instruction card, I removed the Kindle as shown, having to use just enough pressure to make me a bit concerned for someone who would place and remove their Kindle in this cover frequently. However, I plan on using this cover as a full-time solution for both protection and as a light source.I went ahead and pulled up a book and switched the light on, heading to a closet to see how this looked in complete darkness. The light pulls out of the back cover and is nice and stiff and has a locked full-out position. The spread of the light is greater on top obviously but it does reach the entire screen on the Kindle. There was no glare or reflection and I was able to easily read the page without any noticeable straining.If I were to choose between this design and the Kindle Keyboard lighted cover, which I have used since its release, I would choose this newer cover.Read more I owned a Kindle Keyboard for about a year, and I purchased the leather lighted case for that unit. While the corner light left a little to be desired as far as even lighting, overall I was very pleased with the case. Based on that experience, I went ahead and purchased the lighted cover for my new Kindle. I can't say this experience has as been as positive.Let's start off with what's good about the case. The Kindle battery powered light is a big improvement. The light is now centered on the screen, so illumination is more even now. I don't use the light often, but in the cases where I do it will be nice to have more balanced coverage. One positive on the case itself is that I appreciate how much lighter this one feels than the previous generation. The hinge area is smaller, which means less of the spine folding effect the other one took on after heavy use. I never took my Kindle Keyboard out of the case after it was put in, so the snug fit I have seen complaints about is not an issue for me. It IS tight, though, so if you don't plan to keep the case on full time be aware it may take some effort to get it back out. In my situation, that tight fit is exactly what I want, but your mileage may vary.Now on to the negatives. The case does feel very cheap, especially with no change in price point. The previous cover felt like a solidly made piece of work, whereas the new cover only feels half as sturdy. The thinness of the case was no doubt done to minimize its weight, so I realize this is a personal issue. Outside the thickness, though, it just doesn't look or feel as well made. The textured surface of the previous model you that leather feel, very much like a real book. Finally, the most stunning oversight is the lack of a closure device.Read more I purchased this Kindle case in the Saddle Tan color. The leather is high quality (it has that wonderful new smell as well) and has beautiful stitching around the border on the front. The case does not add any bulk to the Kindle. I find it quite comfortable to hold in one hand or two, as the front cover folds behind the case, and I truly feel like I am holding an actual book while reading.At the top of the case, there is a plastic arm that pulls upward to reveal a light, which illuminates the screen of the Kindle perfectly in a dark room. My eyes have no trouble reading with the light activated. The light is powered by the Kindle itself, by way of two metal prongs inside the case making contact with two metal tabs on the lower back of the Kindle. The arm for the light does seem a bit delicate, and I could see a young child inadvertently breaking this if care is not shown. I fear that over time, this will be the first piece to stop functioning as the case is regularly used.My only criticism of this case is that there is no way to secure the front cover from opening. It would have been nice to include a clasp, or some kind of stretchable band to keep the case closed. I paid 54 for this case, which is almost as expensive as the Kindle itself. At that price, the designers should have had the forethought to include a means of securing the case from opening. Aside from this potential problem, this Kindle case is perfect, and adds a bit of sophistication to an already awesome device.Kudos, Amazon! I have had the Kindle Keyboard with it's lighted cover and now I have the new Kindle with lighted cover. I will briefly compare them and then list the pros and cons of this cover.In comparison:-The kindle keyboard in the cover is much heavier than the new kindle in it's cover. The new case does a much better job of securing the kindle as well, it is no longer hinged only on one edge, but instead it is form fit inside of a rigid rubber shell that attaches to the back of the new kindle-The lighting is about the same between both cases, but where the old case lit the screen from the top right corner, the new case lights the screen from the top middle.-I feel like the old light mechanism was more durable. The light bar on this cover is made out of very stiff, thin plastic instead of the thick rubbery plastic that contained the light on the old cover. It also hinges open instead of pulling out of the case, and the hinge feels subpar.-The light on the new case is less angled and tends to get in my eyes more when reading than the old kindle keyboard case did.All in all I still like the new case. It fits the new kindle very well and does not increase the size or weight very much. The leather is somewhat thin but not horribly so and it looks sleek on the kindle. I will be keeping this case.Pros:Compact case that looks very sleekTight and secure fitUses the Kindle's batteries so no additional power is needed.Provides adequate lighting across the entire screen.Cons:Lightbar hinge seems very cheap.Since I only received this today, I cannot yet evaluate the additional drain that this case will place on the Kindle's battery.Read more I read every single review for this cover before I decided to buy it, but I am glad that I finally decided to pull the trigger. I have never had a Kindle or another cover, so my review is based on a first-timer's perspective. This is my feedback:1) I agree that this cover is expensive. Ridiculously expensive. But, after pricing other covers and other lights, then factoring in that I would have to buy replacement batteries for any other light, it did not seem like I would be saving much money if I bought something else. Plus, the fact that the light is built-in was very appealing and turns out to be extremely convenient.2) Yes, the cover should have had a magnet or something for closure. That was the main reason for my initial hesitation, not the price. I thought about using a rubber band around it, but some people mentioned that a rubber band would look ugly around the pretty cover (which, by the way, is quite pretty in the wine purple color). I ended up knitting a small little sleeve to slip over my Kindle cover to keep the cover closed, for additional protection, and to prevent scratches, because:3) The cover does scratch quite easily. I agree with one reviewer who did not seem to mind the scratches on the cover, because doesn't that show that the cover is doing its job to protect the Kindle But, it does sound like the same cover for the Kindle Keyboard was much more durable. It would be nice for the cover to keep looking fresh and new, but I would rather my Kindle be protected than for my cover to look perfect. My little knitted sleeve is helping with that, but I know a lot of people wouldn't want to use an additional cover.4) Some people commented that the cover added too much to the size and weight of the Kindle. ReallyRead more","Amazon Kindle Lighted Leather Cover,,,
Amazon Kindle Lighted Leather Cover,,, Amazon Electronics,eBook Readers & Accessories,Covers,Kindle Store,Amazon Device Accessories,Kindle E-Reader Accessories,Kindle (5th Generation) Accessories,Kindle (5th Generation) Covers Finally received the Kindle Lighted Leather Cover for the newest version Kindle. It is VERY lightweight and I had to double and triple check the description considering it states this is a leather cover. The front cover is very thin with a medium-weight cardboard feel to it. The leather on the front cover is extremely thin and you can immediately tell the surface will be easily scratched and marred with normal everyday use. The inside of the front cover has a thin microfiber material to protect the screen. The back cover is hollowed out plastic to form-fit your Kindle and snaps in with relative ease.Using the enclosed graphic instruction card, I removed the Kindle as shown, having to use just enough pressure to make me a bit concerned for someone who would place and remove their Kindle in this cover frequently. However, I plan on using this cover as a full-time solution for both protection and as a light source.I went ahead and pulled up a book and switched the light on, heading to a closet to see how this looked in complete darkness. The light pulls out of the back cover and is nice and stiff and has a locked full-out position. The spread of the light is greater on top obviously but it does reach the entire screen on the Kindle. There was no glare or reflection and I was able to easily read the page without any noticeable straining.If I were to choose between this design and the Kindle Keyboard lighted cover, which I have used since its release, I would choose this newer cover.Read more I owned a Kindle Keyboard for about a year, and I purchased the leather lighted case for that unit. While the corner light left a little to be desired as far as even lighting, overall I was very pleased with the case. Based on that experience, I went ahead and purchased the lighted cover for my new Kindle. I can't say this experience has as been as positive.Let's start off with what's good about the case. The Kindle battery powered light is a big improvement. The light is now centered on the screen, so illumination is more even now. I don't use the light often, but in the cases where I do it will be nice to have more balanced coverage. One positive on the case itself is that I appreciate how much lighter this one feels than the previous generation. The hinge area is smaller, which means less of the spine folding effect the other one took on after heavy use. I never took my Kindle Keyboard out of the case after it was put in, so the snug fit I have seen complaints about is not an issue for me. It IS tight, though, so if you don't plan to keep the case on full time be aware it may take some effort to get it back out. In my situation, that tight fit is exactly what I want, but your mileage may vary.Now on to the negatives. The case does feel very cheap, especially with no change in price point. The previous cover felt like a solidly made piece of work, whereas the new cover only feels half as sturdy. The thinness of the case was no doubt done to minimize its weight, so I realize this is a personal issue. Outside the thickness, though, it just doesn't look or feel as well made. The textured surface of the previous model you that leather feel, very much like a real book. Finally, the most stunning oversight is the lack of a closure device.Read more I purchased this Kindle case in the Saddle Tan color. The leather is high quality (it has that wonderful new smell as well) and has beautiful stitching around the border on the front. The case does not add any bulk to the Kindle. I find it quite comfortable to hold in one hand or two, as the front cover folds behind the case, and I truly feel like I am holding an actual book while reading.At the top of the case, there is a plastic arm that pulls upward to reveal a light, which illuminates the screen of the Kindle perfectly in a dark room. My eyes have no trouble reading with the light activated. The light is powered by the Kindle itself, by way of two metal prongs inside the case making contact with two metal tabs on the lower back of the Kindle. The arm for the light does seem a bit delicate, and I could see a young child inadvertently breaking this if care is not shown. I fear that over time, this will be the first piece to stop functioning as the case is regularly used.My only criticism of this case is that there is no way to secure the front cover from opening. It would have been nice to include a clasp, or some kind of stretchable band to keep the case closed. I paid 54 for this case, which is almost as expensive as the Kindle itself. At that price, the designers should have had the forethought to include a means of securing the case from opening. Aside from this potential problem, this Kindle case is perfect, and adds a bit of sophistication to an already awesome device.Kudos, Amazon! I have had the Kindle Keyboard with it's lighted cover and now I have the new Kindle with lighted cover. I will briefly compare them and then list the pros and cons of this cover.In comparison:-The kindle keyboard in the cover is much heavier than the new kindle in it's cover. The new case does a much better job of securing the kindle as well, it is no longer hinged only on one edge, but instead it is form fit inside of a rigid rubber shell that attaches to the back of the new kindle-The lighting is about the same between both cases, but where the old case lit the screen from the top right corner, the new case lights the screen from the top middle.-I feel like the old light mechanism was more durable. The light bar on this cover is made out of very stiff, thin plastic instead of the thick rubbery plastic that contained the light on the old cover. It also hinges open instead of pulling out of the case, and the hinge feels subpar.-The light on the new case is less angled and tends to get in my eyes more when reading than the old kindle keyboard case did.All in all I still like the new case. It fits the new kindle very well and does not increase the size or weight very much. The leather is somewhat thin but not horribly so and it looks sleek on the kindle. I will be keeping this case.Pros:Compact case that looks very sleekTight and secure fitUses the Kindle's batteries so no additional power is needed.Provides adequate lighting across the entire screen.Cons:Lightbar hinge seems very cheap.Since I only received this today, I cannot yet evaluate the additional drain that this case will place on the Kindle's battery.Read more I read every single review for this cover before I decided to buy it, but I am glad that I finally decided to pull the trigger. I have never had a Kindle or another cover, so my review is based on a first-timer's perspective. This is my feedback:1) I agree that this cover is expensive. Ridiculously expensive. But, after pricing other covers and other lights, then factoring in that I would have to buy replacement batteries for any other light, it did not seem like I would be saving much money if I bought something else. Plus, the fact that the light is built-in was very appealing and turns out to be extremely convenient.2) Yes, the cover should have had a magnet or something for closure. That was the main reason for my initial hesitation, not the price. I thought about using a rubber band around it, but some people mentioned that a rubber band would look ugly around the pretty cover (which, by the way, is quite pretty in the wine purple color). I ended up knitting a small little sleeve to slip over my Kindle cover to keep the cover closed, for additional protection, and to prevent scratches, because:3) The cover does scratch quite easily. I agree with one reviewer who did not seem to mind the scratches on the cover, because doesn't that show that the cover is doing its job to protect the Kindle But, it does sound like the same cover for the Kindle Keyboard was much more durable. It would be nice for the cover to keep looking fresh and new, but I would rather my Kindle be protected than for my cover to look perfect. My little knitted sleeve is helping with that, but I know a lot of people wouldn't want to use an additional cover.4) Some people commented that the cover added too much to the size and weight of the Kindle. ReallyRead more",0,"Amazon Kindle Lighted Leather Cover,,,
Amazon Kindle Lighted Leather Cover,,, Electronics,eBook Readers & Accessories,Covers,Kindle Store,Amazon Device Accessories,Kindle E-Reader Accessories,Kindle (5th Generation) Accessories,Kindle (5th Generation) Covers",1,"Amazon Kindle Lighted Leather Cover,,,
Amazon Kindle Lighted Leather Cover,,, Amazon Kindle Lighted Leather Cover,,,
Amazon Kindle Lighted Leather Cover,,, Amazon Kindle Lighted Leather Cover,,,
Amazon Kindle Lighted Leather Cover,,, Amazon Kindle Lighted Leather Cover,,,
Amazon Kindle Lighted Leather Cover,,, Electronics,eBook Readers & Accessories,Covers,Kindle Store,Amazon Device Accessories,Kindle E-Reader Accessories,Kindle (5th Generation) Accessories,Kindle (5th Generation) Covers",0,0,Accessories & Power
B005PB2T2Q,"Fire Kids Edition Tablet, 7 Display, Wi-Fi, 16 GB, Green Kid-Proof Case",Amazon,"Amazon Device Accessories,Kindle Store,Kindle Touch (4th Generation) Accessories,Kindle E-Reader Accessories,Covers,Kindle Touch (4th Generation) Covers","I bought one of the first Macs in the 80s. I've had 'too many to count since then.' I am an early adopter, by nature. This has been true of Amazon's Kindle product as well having owned the First Generation Kindle, K2, K3 and now the K Touch. Love the reader. And I love this case as well. I hear all of these complaints that this leather case looks cheap or doesn't have a closure, or it's too slippery. PLEASE. I find it to be a PERFECT fit for the Kindle Touch. The unit snaps in a la DoDo Case -- which is such a great product for iPad. Very similar design only on a much smaller scale, obviously. The leather is not an issue for me. I do NOT find it to be too slippery at all unless, perhaps, your hands are covered in oil This is a first class cover for a first class e-reader. And NO. I do not work for Amazon. I'm just a HUGE Kindle fan. Overall it's a nice looking cover and does it's job well. It's simple, elegant and slick. When I say slick, I don't necessarily mean cleverly devised, I mean slippery. The smooth leather provides next to no grip on the cover. I have a tendency to hold things lightly, so I can just imagine this repeatedly slipping out of my hand. Sure it doesn't have a band/clasp/etc to keep it closed, but neither did Kindle 2's cover, and neither does nearly every book ever published.It's too expensive. I don't understand why Amazon is charging so much considering they'll be offering another cover with additional functionality for half the price (AmazonBasics Leather Folio Cover with Multi-Angle Adjustable Stand for Kindle Touch, Kindle (Black)). What the heckPros:PrettyFunctionalCons:SlipperyExpensive So in reading the reviews before I got this cover I was quite worried... lots of people reported it feeling cheap, flimsy, overpriced etc. I was so concerned in fact I tried to cancel my order. I'm glad I wasn't able to.It is perhaps not what people expect- the leather is not soft, but is rather pressed and almost polished. However, this cover does NOT feel cheap to me. It is stylish, super light, and fits the kindle without those annoying elastic loops or hooks on the corners. It fits within a rubberized groove on the cover, which not only gives it a very tight and secure fit, it also adds protection to the corners of the device and cover. It also feels quite secure in the hand.So, to sum up: Light, secure, well made and unobtrusive. The 40 price tag could be debated, but I actually don't find it to be overpriced. I'm quite happy with it! I don't want to get too negative on this, because it does what it's supposed to. However, I'm not sure how Amazon justifies charging 40! Half that and I'd feel a lot less disappointed. It's nothing like the last generation cover, which was hefty and substantial. That thing could take a beating! This one Umm...not so much.PROS:- I really like the solution Amazon came up with to lock the Kindle in place sort of a rubberized cup that grips it on all four sides and holds it VERY securely. No more metal-prong slide-release gizmo.- It looks quite nice and is genuine (if untextured) leather like the last one.CONS:- Flimsy. The leather is extremely thin and unpadded. Won't stand up to much abuse. scrape it even lightly on a rough surface and you'll likely ruin it.- The actual cover that folds over the front is incredibly floppy and delicate -- it's about the thickness of a piece of notepad cardboard. I could bend it in half with almost no effort, if I had the notion.- Cover has no lock/closure mechanism (like the elastic strap on the last gen model). It should have SOMETHING.Oh, well. It is what it is. I never read with the Kindle in the case anyway so it's not such a big deal to me, but I was expecting more. Especially for this price! The Touch cover from Amazon has some good and some bad properties.On the good side, it's very light: at 4 oz it is noticeably lighter than the previous generation of covers. My Kindle Touch fits in very snugly with no wasted space.On the negative side, it looks and feels rather plasticky. I ordered the plain black version and the front and back outer covers are a shiny black leather. At first I thought the back exterior was simply black plastic, and it took a close examination to realize it is the same leather as the front cover. The front inner cover is a soft felt. The inner body where the Kindle sits is plastic. There is no fastener or band to hold the cover closed.This is my fourth Kindle and cover. The Touch cover looks much more like a gadget cover than the earlier ones. It looks rather like an old Palm PDA cover I had, or like some ipod covers. The previous Kindle covers had a textured leather appearance and they looked more like book or notebook covers.Right now I am having rather mixed reactions. I definitely like the fact that it adds so little weight to the Kindle. However it does look rather cheap. For 40 I was expecting a little more.I think I am going to have to use this for a while before reaching a final conclusion.Update November 29th: Tastes will vary, but in the end I decided that this was not the right look or feel for me and I have switched to a different cover (the Splash SAFARI). That is similar to the old Kindle 3 cover, with a textured leather appearance and an elastic fastener strap. Okay, so I have been debating for days on whether to rate this thing 3 or 4 stars, and I still want to rate it 3 and a half, but I have settled for 4 stars. Here is why.PROSThe only real reason I wanted this case over the others is because every other case holds the Kindle in with straps around the edges, and this is the only case that holds the Kindle in while letting you see the whole front side. It holds it in perfectly, neither feeling loose or too tight to get it out. The black leather is genuine leather and smells nice, and while the front cover is very thin (if you tap on it you get a hollow drum sound, and it can be bent without much effort) it takes mild amounts of abuse without a problem. Also, the flap folds back perfectly and when you are reading, you hardly notice the Kindle has a case on.CONSMy main complaint is the quality of the leather. If you compare this to the case for the Kindle 3 (keyboard) the leather is a little thinner but much less durable. I sometimes lightly hold my Kindle between my teeth when I run out of hands, and after a week I can still see my tooth marks (whereas on the K3 case I couldn't). Also, even a mild scratch will either take several days to disappear. UPDATE: Most scratches will mostly disappear so its not as big a problem as I originally thought.The only other complaint is of course the lack of anything to hold the cover closed, but this has actually not been much of a problem for me. Quite often I like to frisbee toss my Kindle onto a nearby soft surface (like carpet or a pillow or bed) and I was afraid the cover would flap open every time, but 10 times out of the 11 I tried it stayed shut just fine.Read more","Fire Kids Edition Tablet, 7 Display, Wi-Fi, 16 GB, Green Kid-Proof Case Amazon Amazon Device Accessories,Kindle Store,Kindle Touch (4th Generation) Accessories,Kindle E-Reader Accessories,Covers,Kindle Touch (4th Generation) Covers I bought one of the first Macs in the 80s. I've had 'too many to count since then.' I am an early adopter, by nature. This has been true of Amazon's Kindle product as well having owned the First Generation Kindle, K2, K3 and now the K Touch. Love the reader. And I love this case as well. I hear all of these complaints that this leather case looks cheap or doesn't have a closure, or it's too slippery. PLEASE. I find it to be a PERFECT fit for the Kindle Touch. The unit snaps in a la DoDo Case -- which is such a great product for iPad. Very similar design only on a much smaller scale, obviously. The leather is not an issue for me. I do NOT find it to be too slippery at all unless, perhaps, your hands are covered in oil This is a first class cover for a first class e-reader. And NO. I do not work for Amazon. I'm just a HUGE Kindle fan. Overall it's a nice looking cover and does it's job well. It's simple, elegant and slick. When I say slick, I don't necessarily mean cleverly devised, I mean slippery. The smooth leather provides next to no grip on the cover. I have a tendency to hold things lightly, so I can just imagine this repeatedly slipping out of my hand. Sure it doesn't have a band/clasp/etc to keep it closed, but neither did Kindle 2's cover, and neither does nearly every book ever published.It's too expensive. I don't understand why Amazon is charging so much considering they'll be offering another cover with additional functionality for half the price (AmazonBasics Leather Folio Cover with Multi-Angle Adjustable Stand for Kindle Touch, Kindle (Black)). What the heckPros:PrettyFunctionalCons:SlipperyExpensive So in reading the reviews before I got this cover I was quite worried... lots of people reported it feeling cheap, flimsy, overpriced etc. I was so concerned in fact I tried to cancel my order. I'm glad I wasn't able to.It is perhaps not what people expect- the leather is not soft, but is rather pressed and almost polished. However, this cover does NOT feel cheap to me. It is stylish, super light, and fits the kindle without those annoying elastic loops or hooks on the corners. It fits within a rubberized groove on the cover, which not only gives it a very tight and secure fit, it also adds protection to the corners of the device and cover. It also feels quite secure in the hand.So, to sum up: Light, secure, well made and unobtrusive. The 40 price tag could be debated, but I actually don't find it to be overpriced. I'm quite happy with it! I don't want to get too negative on this, because it does what it's supposed to. However, I'm not sure how Amazon justifies charging 40! Half that and I'd feel a lot less disappointed. It's nothing like the last generation cover, which was hefty and substantial. That thing could take a beating! This one Umm...not so much.PROS:- I really like the solution Amazon came up with to lock the Kindle in place sort of a rubberized cup that grips it on all four sides and holds it VERY securely. No more metal-prong slide-release gizmo.- It looks quite nice and is genuine (if untextured) leather like the last one.CONS:- Flimsy. The leather is extremely thin and unpadded. Won't stand up to much abuse. scrape it even lightly on a rough surface and you'll likely ruin it.- The actual cover that folds over the front is incredibly floppy and delicate -- it's about the thickness of a piece of notepad cardboard. I could bend it in half with almost no effort, if I had the notion.- Cover has no lock/closure mechanism (like the elastic strap on the last gen model). It should have SOMETHING.Oh, well. It is what it is. I never read with the Kindle in the case anyway so it's not such a big deal to me, but I was expecting more. Especially for this price! The Touch cover from Amazon has some good and some bad properties.On the good side, it's very light: at 4 oz it is noticeably lighter than the previous generation of covers. My Kindle Touch fits in very snugly with no wasted space.On the negative side, it looks and feels rather plasticky. I ordered the plain black version and the front and back outer covers are a shiny black leather. At first I thought the back exterior was simply black plastic, and it took a close examination to realize it is the same leather as the front cover. The front inner cover is a soft felt. The inner body where the Kindle sits is plastic. There is no fastener or band to hold the cover closed.This is my fourth Kindle and cover. The Touch cover looks much more like a gadget cover than the earlier ones. It looks rather like an old Palm PDA cover I had, or like some ipod covers. The previous Kindle covers had a textured leather appearance and they looked more like book or notebook covers.Right now I am having rather mixed reactions. I definitely like the fact that it adds so little weight to the Kindle. However it does look rather cheap. For 40 I was expecting a little more.I think I am going to have to use this for a while before reaching a final conclusion.Update November 29th: Tastes will vary, but in the end I decided that this was not the right look or feel for me and I have switched to a different cover (the Splash SAFARI). That is similar to the old Kindle 3 cover, with a textured leather appearance and an elastic fastener strap. Okay, so I have been debating for days on whether to rate this thing 3 or 4 stars, and I still want to rate it 3 and a half, but I have settled for 4 stars. Here is why.PROSThe only real reason I wanted this case over the others is because every other case holds the Kindle in with straps around the edges, and this is the only case that holds the Kindle in while letting you see the whole front side. It holds it in perfectly, neither feeling loose or too tight to get it out. The black leather is genuine leather and smells nice, and while the front cover is very thin (if you tap on it you get a hollow drum sound, and it can be bent without much effort) it takes mild amounts of abuse without a problem. Also, the flap folds back perfectly and when you are reading, you hardly notice the Kindle has a case on.CONSMy main complaint is the quality of the leather. If you compare this to the case for the Kindle 3 (keyboard) the leather is a little thinner but much less durable. I sometimes lightly hold my Kindle between my teeth when I run out of hands, and after a week I can still see my tooth marks (whereas on the K3 case I couldn't). Also, even a mild scratch will either take several days to disappear. UPDATE: Most scratches will mostly disappear so its not as big a problem as I originally thought.The only other complaint is of course the lack of anything to hold the cover closed, but this has actually not been much of a problem for me. Quite often I like to frisbee toss my Kindle onto a nearby soft surface (like carpet or a pillow or bed) and I was afraid the cover would flap open every time, but 10 times out of the 11 I tried it stayed shut just fine.Read more",0,"Fire Kids Edition Tablet, 7 Display, Wi-Fi, 16 GB, Green Kid-Proof Case Amazon Device Accessories,Kindle Store,Kindle Touch (4th Generation) Accessories,Kindle E-Reader Accessories,Covers,Kindle Touch (4th Generation) Covers",1,"Fire Kids Edition Tablet, 7 Display, Wi-Fi, 16 GB, Green Kid-Proof Case Fire Kids Edition Tablet, 7 Display, Wi-Fi, 16 GB, Green Kid-Proof Case Fire Kids Edition Tablet, 7 Display, Wi-Fi, 16 GB, Green Kid-Proof Case Fire Kids Edition Tablet, 7 Display, Wi-Fi, 16 GB, Green Kid-Proof Case Amazon Device Accessories,Kindle Store,Kindle Touch (4th Generation) Accessories,Kindle E-Reader Accessories,Covers,Kindle Touch (4th Generation) Covers",1,4,Fire HD Tablets
B006GWO5NE,Unknown,Amazon,"Power Adapters & Cables,Electronics,USB Cables","Having recently received a Kindle Fire HD as a gift, I knew that hooking it up to my computer to charge it daily was not going to be convenient. That's when I found this little jewel along with the Kindle Fire AC charger. And they both work like a DREAM!. My desk stays uncluttered and the cord allows me to keep the Kindle plugged in while I read in bed or listen to music. It's well worth the price for the convenience it provides! Surpassed my expectations it charges faster than the one that comes with kindle fire when new. So I would purchase another if I ever need a new one. Amazon already includes this cable with the Kindle Fire 7, the Kindle Fire HD 7 and the Kindle Fire HD 8.9. It's also great to purchase as a back up for the office or to take with you on the go. For the peace of mind knowing Amazon designed this to work specifically with Kindle Fire, it's worth the price.The quality of this cable compared to the previous white USB cable is much better. This cable has a thicker jacket on the outside so hopefully overtime it will hold up much better. Data transfer speeds between the computer and the device are relatively quick. This cable is actually a bit shorter than the white cable even though both are supposed to be 5 ft. in length. Measuring both cables, the black cable is approx 5 ft. and the white cable is approx 5 ft. 9in. Overall, even though it is shorter, this cable is starting off to be a much better improvement than the previous white version of this cable. I bought this for myself because i play my kindle long periods of time and now i can play while it is charging wouldn't be without it i can sit on my favorite chair and cord still reaches as it did not before. This cord works great! I also love that it is longer than the original cord. The USB is a good thing to have because you could take it with you and plug it into any USB port. Corrected the problem with the kindle not charging for now. Hope this is all that I'll need for the kindle. Thanks! Works well with all Kindle models, either as a computer cord or charging cord. My original Kindle came with a charger and cord. The new editions don't. They come with a cord like this - but my mom's got thrown away with the box. This is a perfect replacement. I have only used it one time to download an e-book. It works exactly as it was supposed to work. Just wish it came with the kindle rather than having to purchase seperately.","Unknown Amazon Power Adapters & Cables,Electronics,USB Cables Having recently received a Kindle Fire HD as a gift, I knew that hooking it up to my computer to charge it daily was not going to be convenient. That's when I found this little jewel along with the Kindle Fire AC charger. And they both work like a DREAM!. My desk stays uncluttered and the cord allows me to keep the Kindle plugged in while I read in bed or listen to music. It's well worth the price for the convenience it provides! Surpassed my expectations it charges faster than the one that comes with kindle fire when new. So I would purchase another if I ever need a new one. Amazon already includes this cable with the Kindle Fire 7, the Kindle Fire HD 7 and the Kindle Fire HD 8.9. It's also great to purchase as a back up for the office or to take with you on the go. For the peace of mind knowing Amazon designed this to work specifically with Kindle Fire, it's worth the price.The quality of this cable compared to the previous white USB cable is much better. This cable has a thicker jacket on the outside so hopefully overtime it will hold up much better. Data transfer speeds between the computer and the device are relatively quick. This cable is actually a bit shorter than the white cable even though both are supposed to be 5 ft. in length. Measuring both cables, the black cable is approx 5 ft. and the white cable is approx 5 ft. 9in. Overall, even though it is shorter, this cable is starting off to be a much better improvement than the previous white version of this cable. I bought this for myself because i play my kindle long periods of time and now i can play while it is charging wouldn't be without it i can sit on my favorite chair and cord still reaches as it did not before. This cord works great! I also love that it is longer than the original cord. The USB is a good thing to have because you could take it with you and plug it into any USB port. Corrected the problem with the kindle not charging for now. Hope this is all that I'll need for the kindle. Thanks! Works well with all Kindle models, either as a computer cord or charging cord. My original Kindle came with a charger and cord. The new editions don't. They come with a cord like this - but my mom's got thrown away with the box. This is a perfect replacement. I have only used it one time to download an e-book. It works exactly as it was supposed to work. Just wish it came with the kindle rather than having to purchase seperately.",0,"Unknown Power Adapters & Cables,Electronics,USB Cables",1,"    Power Adapters & Cables,Electronics,USB Cables",0,0,Accessories & Power
B006GWO5WK,Unknown,Amazon,"Computers/Tablets & Networking,Tablet & eBook Reader Accs,Chargers & Sync Cables,Power Adapters & Cables,Kindle Store,Amazon Device Accessories,Fire Tablet Accessories,Kindle Fire (2nd Generation) Accessories","Excellent charging quality with heavy duty cord. Does not work on Kindle with a cover. Great value. This charger (9W) rapid charger is as described. It works well with both my Fire 7.0 8.9 HDXs. A bonus is the angled usb connector, which fits over the origami case making for a stable and secure connection. A good deal. just what i expected and just what I wanted. thanks. Although the description states that this will work on my Kindle Fire HDX 8.9, when I plug the charger to the Kindle, I receive a message that the charger is not of sufficient wattage to properly charge the Kindle. I bought this charger as a back up for when I travel. The original charger which came with the Kindle does not show this warning when I plug it in. Connects snugly! So I was already not too pleased with Amazon's choice to only include an essentially useless charger when purchasing a kindle hd, and caved to ordering the fast charger so it would not take hours of non-use to recharge. For 20 you don't even get a full charger, just an adapter to put on to the cord they already gave you. Amazon please just charge the real price for the device instead of settling to slowly rip people off with essential accessories, this sort of thing cheapens your image and erodes loyalty. As a charger, it works but is nothing special. With a Mk 1 Kindle Fire, it doesn't seem to charge any faster than the standard charger. And NO CABLE is included!! A Kindle-specific cable must be purchased separately! This is not mentioned in the descriptions. This is exactly like any other usb power charger, making it unnecessary. A basic charger used for an ipod works to charge the kindle fire within 3-4 hours. This is not appreciably faster than any other 1.8 or higher amp charger when used with my Kindle, Kindle Fire, Kindle Fire HD, various Android tablets, and other devices that have USB charging cables.It also blocks an adjacent outlet. Why didn't they put the plug on the short end like the original black-and-white Kindle chargerIt is an exceptionally good deal when purchased together with a Kindle Fire HD on promotion, but the regular price is not competitive for a supposedly premium charger.Additionally, it does not come with a cable, an omission that many people won't realize.**EDIT** I appreciate the many comments, but Amazon promotes this charger as something that charges faster than other chargers, but I haven't seen any such advantage. At promotional prices, it's a good deal, but not at almost twenty dollars. Otherwise, look elsewhere.**EDIT** When the review was written, the description of the item did not have this statement Optimized for Kindle tablets: PowerFast is a 9W charger and will charge your Kindle tablets faster than the white 5W Kindle charger will. That line was added a considerable amount of time after I wrote my review. Amazon should include this charger with the Kindle. The fact that they're charging us extra for something that should be included is a sign of cheapness. Plus, you can use any micro-USB phone charger instead of this to charge your Kindle. Save your money. Love my Kindle Fire but I am really disappointed in the Kindle Power Fast Charging Unit. I've had it two months and I've used it many times - The first two times it worked okay but failerd on the third and many subsequent tries. I've disposed of it and use my wife's iPad Nano charger which always works just fine. I was surprised to find it did not come with any type of charging cords so I had to purchase one and then found my Sprint HTC 3D charger is faster. I would not purchase again- 1st item I've ever not liked I've purchased from Amazon to spite the fact that i have nothing but good things to say about amazon and anthing i've ever gotten from them. and that i love my fire. i find it greedy that the wall charger doesn't come with the kindle. not everyone, ok most people, but still not everyone has a usb port to plug into. i'm taking my charger back. i think amazon should make things right and let anyone who purchased a kindle without a charger have one for free, or credit those who had to buy one.","Unknown Amazon Computers/Tablets & Networking,Tablet & eBook Reader Accs,Chargers & Sync Cables,Power Adapters & Cables,Kindle Store,Amazon Device Accessories,Fire Tablet Accessories,Kindle Fire (2nd Generation) Accessories Excellent charging quality with heavy duty cord. Does not work on Kindle with a cover. Great value. This charger (9W) rapid charger is as described. It works well with both my Fire 7.0 8.9 HDXs. A bonus is the angled usb connector, which fits over the origami case making for a stable and secure connection. A good deal. just what i expected and just what I wanted. thanks. Although the description states that this will work on my Kindle Fire HDX 8.9, when I plug the charger to the Kindle, I receive a message that the charger is not of sufficient wattage to properly charge the Kindle. I bought this charger as a back up for when I travel. The original charger which came with the Kindle does not show this warning when I plug it in. Connects snugly! So I was already not too pleased with Amazon's choice to only include an essentially useless charger when purchasing a kindle hd, and caved to ordering the fast charger so it would not take hours of non-use to recharge. For 20 you don't even get a full charger, just an adapter to put on to the cord they already gave you. Amazon please just charge the real price for the device instead of settling to slowly rip people off with essential accessories, this sort of thing cheapens your image and erodes loyalty. As a charger, it works but is nothing special. With a Mk 1 Kindle Fire, it doesn't seem to charge any faster than the standard charger. And NO CABLE is included!! A Kindle-specific cable must be purchased separately! This is not mentioned in the descriptions. This is exactly like any other usb power charger, making it unnecessary. A basic charger used for an ipod works to charge the kindle fire within 3-4 hours. This is not appreciably faster than any other 1.8 or higher amp charger when used with my Kindle, Kindle Fire, Kindle Fire HD, various Android tablets, and other devices that have USB charging cables.It also blocks an adjacent outlet. Why didn't they put the plug on the short end like the original black-and-white Kindle chargerIt is an exceptionally good deal when purchased together with a Kindle Fire HD on promotion, but the regular price is not competitive for a supposedly premium charger.Additionally, it does not come with a cable, an omission that many people won't realize.**EDIT** I appreciate the many comments, but Amazon promotes this charger as something that charges faster than other chargers, but I haven't seen any such advantage. At promotional prices, it's a good deal, but not at almost twenty dollars. Otherwise, look elsewhere.**EDIT** When the review was written, the description of the item did not have this statement Optimized for Kindle tablets: PowerFast is a 9W charger and will charge your Kindle tablets faster than the white 5W Kindle charger will. That line was added a considerable amount of time after I wrote my review. Amazon should include this charger with the Kindle. The fact that they're charging us extra for something that should be included is a sign of cheapness. Plus, you can use any micro-USB phone charger instead of this to charge your Kindle. Save your money. Love my Kindle Fire but I am really disappointed in the Kindle Power Fast Charging Unit. I've had it two months and I've used it many times - The first two times it worked okay but failerd on the third and many subsequent tries. I've disposed of it and use my wife's iPad Nano charger which always works just fine. I was surprised to find it did not come with any type of charging cords so I had to purchase one and then found my Sprint HTC 3D charger is faster. I would not purchase again- 1st item I've ever not liked I've purchased from Amazon to spite the fact that i have nothing but good things to say about amazon and anthing i've ever gotten from them. and that i love my fire. i find it greedy that the wall charger doesn't come with the kindle. not everyone, ok most people, but still not everyone has a usb port to plug into. i'm taking my charger back. i think amazon should make things right and let anyone who purchased a kindle without a charger have one for free, or credit those who had to buy one.",0,"Unknown Computers/Tablets & Networking,Tablet & eBook Reader Accs,Chargers & Sync Cables,Power Adapters & Cables,Kindle Store,Amazon Device Accessories,Fire Tablet Accessories,Kindle Fire (2nd Generation) Accessories",1,"    Computers/Tablets & Networking,Tablet & eBook Reader Accs,Chargers & Sync Cables,Power Adapters & Cables,Kindle Store,Amazon Device Accessories,Fire Tablet Accessories,Kindle Fire (2nd Generation) Accessories",0,0,Accessories & Power
B00DU15MU4,"Brand New Amazon Kindle Fire 16gb 7 Ips Display Tablet Wifi 16 Gb Blue,,,",Amazon,"Electronics,Categories,Streaming Media Players,Amazon Devices","I am not a casual user of on-demand content and devices. Having tried smart tv's from 3 brands, smart dvd/bluray players, Apple TV, WDTV, HTPC, Chromecast and too many other competing products to mention--for streaming content, before this box you really had two options (for a simple to use box that doesn't require additional items or tweaking):First is Apple TV which is easy to use (interface) but Apple limits the content you can get greatly (including no Prime Streaming built in) and it lacks a lot in features as well and is slow. The reason for selecting Apple TV is if you have other apple products that unlock features (like Amazon's content).The second option you could consider was Roku--which really means a Roku 3 box since it is heads and tails better than past Roku boxes in terms of remote and speed. Now Roku stands out with the most content and the most features of any box with the Roku 3. It is for that reason you will see me address the Roku 3 so often in this review.I have added quick summaries of other options to make sure everyone knows about the other options out there.WDTV: Are great for streaming your own content but not very user friendly.Chromecast: Is very cheap at 35 but requires other items to use (no remote included!), is limited to 16 channels according to their own site with other content broadcast via Chrome's browser not at the same quality level. This does allow you to browse the internet on your tv and is amazing for the cost but is more of a niche market than FireTV/Roku/Apple TV. But if you can live with the short comings, it is worth a look at 1/3 the price of these devices.Smart TVs: Most of these are FINE for occasional use but not nearly as pleasant to use daily like separate boxes.Read more","Brand New Amazon Kindle Fire 16gb 7 Ips Display Tablet Wifi 16 Gb Blue,,, Amazon Electronics,Categories,Streaming Media Players,Amazon Devices I am not a casual user of on-demand content and devices. Having tried smart tv's from 3 brands, smart dvd/bluray players, Apple TV, WDTV, HTPC, Chromecast and too many other competing products to mention--for streaming content, before this box you really had two options (for a simple to use box that doesn't require additional items or tweaking):First is Apple TV which is easy to use (interface) but Apple limits the content you can get greatly (including no Prime Streaming built in) and it lacks a lot in features as well and is slow. The reason for selecting Apple TV is if you have other apple products that unlock features (like Amazon's content).The second option you could consider was Roku--which really means a Roku 3 box since it is heads and tails better than past Roku boxes in terms of remote and speed. Now Roku stands out with the most content and the most features of any box with the Roku 3. It is for that reason you will see me address the Roku 3 so often in this review.I have added quick summaries of other options to make sure everyone knows about the other options out there.WDTV: Are great for streaming your own content but not very user friendly.Chromecast: Is very cheap at 35 but requires other items to use (no remote included!), is limited to 16 channels according to their own site with other content broadcast via Chrome's browser not at the same quality level. This does allow you to browse the internet on your tv and is amazing for the cost but is more of a niche market than FireTV/Roku/Apple TV. But if you can live with the short comings, it is worth a look at 1/3 the price of these devices.Smart TVs: Most of these are FINE for occasional use but not nearly as pleasant to use daily like separate boxes.Read more",1,"Brand New Amazon Kindle Fire 16gb 7 Ips Display Tablet Wifi 16 Gb Blue,,, Electronics,Categories,Streaming Media Players,Amazon Devices",2,"Brand New Amazon Kindle Fire 16gb 7 Ips Display Tablet Wifi 16 Gb Blue,,, Brand New Amazon Kindle Fire 16gb 7 Ips Display Tablet Wifi 16 Gb Blue,,, Brand New Amazon Kindle Fire 16gb 7 Ips Display Tablet Wifi 16 Gb Blue,,, Brand New Amazon Kindle Fire 16gb 7 Ips Display Tablet Wifi 16 Gb Blue,,, Electronics,Categories,Streaming Media Players,Amazon Devices",2,2,Kindle Fire 16GB Tablets
B00IOY8XWQ,"Kindle Voyage E-reader, 6 High-Resolution Display (300 ppi) with Adaptive Built-in Light, PagePress Sensors, Wi-Fi - Includes Special Offers,",Amazon,"Walmart for Business,Office Electronics,Tablets,Electronics,iPad & Tablets,All Tablets,Computers & Tablets,E-Readers & Accessories,Kindle E-readers,Electronics Features,eBook Readers,See more Amazon Kindle Voyage (Wi-Fi),See more Amazon Kindle Voyage 4GB, Wi-Fi  3G (Unlocked...","This was a gift for my wife, she had a previous version, and she loved the upgrade to tjis new version. Got this for a relative, and he really likes it. It was pricey for what it is though. I originally purchased the Paper White and after a week of that, I decided to upgrade to the Voyage for a couple reasons. 1) Perhaps my phone has made me lazy but I've grown accustomed to auto-brightness. It's something that I don't even really think of at all... until you have to manually adjust it. The Voyage is currently the only Kindle that automatically adjusts the brightness of the screen. I've read reviews that question the efficacy of it, and those people tend to say it's hit or miss. I humbly submit that that is because it's a 'smart' auto-brightness that adjusts to your preferences at certain light levels. For instance if you're in a dimly lit room and the screen is too bright for you there, and you manually turn it down a few notches the next time you're in that room, the Kindle will remember what your screen brightness preference was at that light level and adjust. I have had NO problems with this feature and consider it the most indispensable feature on the Kindle. It's brilliant.2) Page turn haptic buttons. These are great, and allow me to not need to move my hand at all to turn a page, I simply squeeze. I do wish they had been placed slightly higher on the device as I find I've needed to adjust my grip lower than I normally would have held on to the device. It's very nice having the option to not need to swipe the page to turn it.3) The flush screen. This makes a big difference to me - I was not a fan of the recessed screen on the Paper White and even the Nook has a flush screen! Amazon really needs to introduce waterproof Kindles and a flush screen is going to be necessary for that. This is also my only negative about the device - the screen appears to be slightly more reflective than the Paper White and I've heard (wether it's true or not) that is because the Voyage has a glass screen, while the Paper White has plastic? I'm not sure, but the ONLY time I notice this is when I'm reading the the sun is directly behind me. I may need to tilt the screen 5 degrees in any direction and it's easily readable again.4) The general design is sleeker and feels better in my hand than the Paper White. This also allows the device to be slightly lighter than the Paper White, which is always a good thing.To recap - This is the ONLY Kindle to feature the auto-brightness feature (not even the Oasis has it--probably to save on weight) and in my opinion a worthy upgrade over the Paper White. great product! I love kindle e-readers! is light, fast and excellent. Love this kindle - the press side page turner is great. I have both the Kindle Voyage and the low end Kindle Fire.While the $50.00 Fire is an amazing deal, for serious readin,g the Kindle Voyage is far easier on the eyes and has superior resolution. Now, it lacks many of the features of the less expensive Fire, such as color and online with Wifi; as a reader it is well organized and a pleasure.Truthfully, it isn't a whole lot better than the Paperwhite. It has a feature or two, but I'm not sure it's worth the extra 60 dollars. It is still an excellent device. Great alternative to using tablet for reading. Only problem is trying to read a *.pdf file - it only enlarges the page and does not resize the document to easily move forward. Purchased after theft in Seattle. It was on sale and works great. This is so far the best Kindle I have ever owned. I love the screen and the resolution on it. The device out performs all of the other e readers on the market. The resolution on this screen is amazing and is so close to an actual printed page. Wow! it is so nice to have a light and easy to hold device that only carries tons of books! No distractions like on my iPad, with email messages pinging in and facebook updates to check...just books and lots of them!The Kindle Voyage is everything they said it would be...light, back lit with self adjusting levels, page turners, all the bells and whistles. I am so glad I waited and splurged for this one! The Voyage is my first eReader and I am not disappointed. It is light, clear and a joy to use The Kindle Voyage is the best e-reader experience available. Text is super-sharp, it's comfortable to hold, the built-in self-adjusting light is awesome, and you change the page by either swiping with your finger or pushing down on the bezel. Unfortunately, all those great features come at a $199 price that is $80 more than Amazon's Kindle Paperwhite and more than double the cost of the company's entry level reader, both of which are excellent in their own right. So five stars for the device itself and minus one star for the high price. I bought this for my kids and very happy with that. New Kindle Voyage is a nice upgrade from the basic model. Smaller e reader with a brighter light. So far so good. I have a Paper White 1 and 2. Honestly it is difficult to justify double the price value. I certainly like most added features but not sure its worth the extra money. To note it operates great just not sure its worth an upgrade to the latest greatest. I am extremely happy with my new Kindle Voyage. The text is so sharp and crisp, the images look much better than on the Kindle Paperwhite. The device is extremely light and comfortable to hold, The adaptive front light works great. I have an iPad with the Kindle app, but the reading experience is so much better on my Kindle Voyage that don't regret the purchase one bit. Nice ereader for reading books. Browser should be improved otherwise fine for reading books, another irritating part is ads pop up which amazon shud fix I have a previous version of the Kindle, but this one surpasses it in every way, from the resolution to the automatic brightness display. Recommend it highly. The Voyage is a great reader for those like myself who love to read books. The lines and images are crisp and clean. Its light weight even with the cover. The only thing is the origami cover was something that i would have thought of designing differently. It feels uncomfortable to hold... The device though is awesome and the page turn features are great you can use either side to turn pages. Would suggest to anyone who loves to read!! First of all I'm amazed I could buy it from Best Buy, while Amazon says it will be in stock on December 1st (in more than a month from now). Best Buy is indeed the best!The Voyage itself is simply fantastic. The size is right, it's very lightweigh, quite zippy, text is super crisp, and I love the auto-brightness feature. The new Kindle Voyage is quite a step forward for the Kindle dedicated reader line. It is a beautiful device - almost like something from Apple. I like the lighted screen and the page forward and back ""buttons"" on the sides of the device. But it is rather pricey - not yet convinced it is worth the upcharge. Best e reader yet ! The new voyage is much better then the first Paperwhite which was great ! Light weight, great upgrades from the paperwhite. Love it! I am a gadget guy and a big fan of tablets and e-ink readers. They each have their specialties and purposes, and e-readers are still best for reading. I have bitten a kindle supporter from the beginning, this latest model only further improves on that reputation.The back lighting is awesome and the touch screen is amazing. The clarity and definition is outstanding. I was do excited waiting for this to be released and was very pleased with the results! I am an avid reader, and have purchased both the first and second generations of the Kindle Paperwhite products. Upon reading about the Voyage, I knew I had to have one. Although it's a bit pricey for an e-reader, it's definitely worth it for me. As much as I read, I believe the new screen will result in less eye strain. It's a beauty to look at. Especially when held next to the Paperwhite 2nd gen and compared. This is definitely the Rolls Royce of the e-readers love all the new features that it has. Upgraded from the paperwhite to the voyage. Upgraded from a Kindle paperwhite. I love the brighter screen and increased resolution. I am a book addict and the savings over printed material allows me to buy more books. The availability of reference texts is increasing which is a big plus. I have the second generation Kindle Paperwhite and the new Voyage is far superior to it. The resolution is much sharper, the back light is much brighter and the power button location is much more convenient. I highly recommend it. I never owned Kindle before. I tried to just be content with a PW 2, but after close comparison in store, I sticked to the Voyage. Luckily, I haven't been disappointed so far. This was actually for my daughter and she has rarely put it down since she got it. I can hold this next to my Kindle Paperwhite and see that is brighter, more evenly lit, sharper and faster. But $200 is pushing the price a little high. If a friend wasn't looking to buy my old one, not sure I would have paid that much. Moving to this from the first generation Paperwhite appears to have been the right move. I love the new size, it just feels tiny and perfect in the hand. The new automatic brightness setting works quite well. I do wish I could crank up the force required to activate the page turn buttons however, as I have frequently hit them accidentally. The page turn buttons do work with gloves on which a great for reading in a tree stand. Got this as an upgrade to my Kindle Touch. Page turns are crisp (the pressure-sensitive page buttons on the sides are a nice addition). I especially like the self-adjusting brightness. Very happy with the purchase. Battery life is great so far, even with the backlight on. This is my first kindle but I'm loving it. I picked it up a few days after it was released. One of the things I love the most is I'm a reader but I am not a car owner so I get almost everywhere by bike. I got tired of lugging around heavy hardcover books from the library; now my Voyage weighs less than most paperback books. An extra bonus for me is, it fits in a pocket I wasn't using in my pannier I carry stuff to work everyday. I love the clarity of the text and pressure point page turning versus screen swipes. I also love that I charged it when I got 4 days ago and it is still more than have battery power. The newest Kindle eReader (Voyage) is a very good upgrade over the current model. It has several new hardware & coming software enhancements over the current model. However, unless you do an extreme amount of reading, I would not recommend upgrading if you owned the current PaperWhite generation. The high price does not justify it. The better resolution and slightly smaller size makes a worthwhile investment if you read for hours. The commercials that tell you how much better it is to read on a Kindle Voyage vs a tablet are true. I read for hours at a time on weekly plane trips. If I use a tablet my eyes hurt after just a couple of hours. On a Kindle because of the side lighting I can read for 5 hours and my eyes never hurt . Upgrading from an older Kindle. Wow. Lighter. Crisper text is an understatement. Throw in the lighting and the new interface for page advancement. Pricey but if you want the best, you won't be disappointed. Product was as described and delivered on time as scheduled. I never owned a Kindle before. This was easy to setup and get going.It also looks really good. The text is super easy to read even at smaller fonts. I also really like the buttons on the side that turn the pages because it is a lot easier to flip pages compared to tapping the screen. I have owned exactlo, nooks, kobo's and kindles. This is the Cadillac of readers!!! Was a Christmas gift and I ended up returning it because it wasn't exactly what I was looking for. The screen is very sharp and easy to use. The letters are crisp and distinctive. The back light works well in the dark or light. I have no problem reading at night in the dark or during the day outside in direct sunlight. The new page press buttons are perfectly placed and very convenient. It's light weight and small enough to hold in one hand whole reading. I only have to charge it every 2 weeks.I would recommend this edition to anyone who enjoys reading. I love my Kindle Voyage. It truly is almost like reading a paper book. Upgraded from a paperwhite and the build quality of this unit is much, much better! Just it's kind of expensive for an e-reader. Purchased for my wife to replace her previous kindle. She loves it. Great product. The Voyage is easily the best kindle avaiailable. The page turn buttons are a little wonky a times, but I find the high-res screen worth it. Everything about it is outstanding except the price! Purchased for my mother for Christmas. She hasn't put it down since. Overall I've been very happy with my new Kindle Voyage, the screen is much sharper than my wife's paperwhite (v1) and the backlight is much more even. I've also been very happy with the page turn buttons. It makes it significantly more convenient to turn pages than using the screen and the pressure and feedback both seem about right. The only issue I have that keeps this from earning 5 stars is that the backlight on the screen has a slightly two-tone hue. It is somewhat yellowish on top and bluish on the bottom of the screen. It isn't something that really distracts from reading but it is noticeable when looking for it. Fix this so the coloring is even and it is really a perfect ereader.","Kindle Voyage E-reader, 6 High-Resolution Display (300 ppi) with Adaptive Built-in Light, PagePress Sensors, Wi-Fi - Includes Special Offers, Amazon Walmart for Business,Office Electronics,Tablets,Electronics,iPad & Tablets,All Tablets,Computers & Tablets,E-Readers & Accessories,Kindle E-readers,Electronics Features,eBook Readers,See more Amazon Kindle Voyage (Wi-Fi),See more Amazon Kindle Voyage 4GB, Wi-Fi  3G (Unlocked... This was a gift for my wife, she had a previous version, and she loved the upgrade to tjis new version. Got this for a relative, and he really likes it. It was pricey for what it is though. I originally purchased the Paper White and after a week of that, I decided to upgrade to the Voyage for a couple reasons. 1) Perhaps my phone has made me lazy but I've grown accustomed to auto-brightness. It's something that I don't even really think of at all... until you have to manually adjust it. The Voyage is currently the only Kindle that automatically adjusts the brightness of the screen. I've read reviews that question the efficacy of it, and those people tend to say it's hit or miss. I humbly submit that that is because it's a 'smart' auto-brightness that adjusts to your preferences at certain light levels. For instance if you're in a dimly lit room and the screen is too bright for you there, and you manually turn it down a few notches the next time you're in that room, the Kindle will remember what your screen brightness preference was at that light level and adjust. I have had NO problems with this feature and consider it the most indispensable feature on the Kindle. It's brilliant.2) Page turn haptic buttons. These are great, and allow me to not need to move my hand at all to turn a page, I simply squeeze. I do wish they had been placed slightly higher on the device as I find I've needed to adjust my grip lower than I normally would have held on to the device. It's very nice having the option to not need to swipe the page to turn it.3) The flush screen. This makes a big difference to me - I was not a fan of the recessed screen on the Paper White and even the Nook has a flush screen! Amazon really needs to introduce waterproof Kindles and a flush screen is going to be necessary for that. This is also my only negative about the device - the screen appears to be slightly more reflective than the Paper White and I've heard (wether it's true or not) that is because the Voyage has a glass screen, while the Paper White has plastic? I'm not sure, but the ONLY time I notice this is when I'm reading the the sun is directly behind me. I may need to tilt the screen 5 degrees in any direction and it's easily readable again.4) The general design is sleeker and feels better in my hand than the Paper White. This also allows the device to be slightly lighter than the Paper White, which is always a good thing.To recap - This is the ONLY Kindle to feature the auto-brightness feature (not even the Oasis has it--probably to save on weight) and in my opinion a worthy upgrade over the Paper White. great product! I love kindle e-readers! is light, fast and excellent. Love this kindle - the press side page turner is great. I have both the Kindle Voyage and the low end Kindle Fire.While the $50.00 Fire is an amazing deal, for serious readin,g the Kindle Voyage is far easier on the eyes and has superior resolution. Now, it lacks many of the features of the less expensive Fire, such as color and online with Wifi; as a reader it is well organized and a pleasure.Truthfully, it isn't a whole lot better than the Paperwhite. It has a feature or two, but I'm not sure it's worth the extra 60 dollars. It is still an excellent device. Great alternative to using tablet for reading. Only problem is trying to read a *.pdf file - it only enlarges the page and does not resize the document to easily move forward. Purchased after theft in Seattle. It was on sale and works great. This is so far the best Kindle I have ever owned. I love the screen and the resolution on it. The device out performs all of the other e readers on the market. The resolution on this screen is amazing and is so close to an actual printed page. Wow! it is so nice to have a light and easy to hold device that only carries tons of books! No distractions like on my iPad, with email messages pinging in and facebook updates to check...just books and lots of them!The Kindle Voyage is everything they said it would be...light, back lit with self adjusting levels, page turners, all the bells and whistles. I am so glad I waited and splurged for this one! The Voyage is my first eReader and I am not disappointed. It is light, clear and a joy to use The Kindle Voyage is the best e-reader experience available. Text is super-sharp, it's comfortable to hold, the built-in self-adjusting light is awesome, and you change the page by either swiping with your finger or pushing down on the bezel. Unfortunately, all those great features come at a $199 price that is $80 more than Amazon's Kindle Paperwhite and more than double the cost of the company's entry level reader, both of which are excellent in their own right. So five stars for the device itself and minus one star for the high price. I bought this for my kids and very happy with that. New Kindle Voyage is a nice upgrade from the basic model. Smaller e reader with a brighter light. So far so good. I have a Paper White 1 and 2. Honestly it is difficult to justify double the price value. I certainly like most added features but not sure its worth the extra money. To note it operates great just not sure its worth an upgrade to the latest greatest. I am extremely happy with my new Kindle Voyage. The text is so sharp and crisp, the images look much better than on the Kindle Paperwhite. The device is extremely light and comfortable to hold, The adaptive front light works great. I have an iPad with the Kindle app, but the reading experience is so much better on my Kindle Voyage that don't regret the purchase one bit. Nice ereader for reading books. Browser should be improved otherwise fine for reading books, another irritating part is ads pop up which amazon shud fix I have a previous version of the Kindle, but this one surpasses it in every way, from the resolution to the automatic brightness display. Recommend it highly. The Voyage is a great reader for those like myself who love to read books. The lines and images are crisp and clean. Its light weight even with the cover. The only thing is the origami cover was something that i would have thought of designing differently. It feels uncomfortable to hold... The device though is awesome and the page turn features are great you can use either side to turn pages. Would suggest to anyone who loves to read!! First of all I'm amazed I could buy it from Best Buy, while Amazon says it will be in stock on December 1st (in more than a month from now). Best Buy is indeed the best!The Voyage itself is simply fantastic. The size is right, it's very lightweigh, quite zippy, text is super crisp, and I love the auto-brightness feature. The new Kindle Voyage is quite a step forward for the Kindle dedicated reader line. It is a beautiful device - almost like something from Apple. I like the lighted screen and the page forward and back ""buttons"" on the sides of the device. But it is rather pricey - not yet convinced it is worth the upcharge. Best e reader yet ! The new voyage is much better then the first Paperwhite which was great ! Light weight, great upgrades from the paperwhite. Love it! I am a gadget guy and a big fan of tablets and e-ink readers. They each have their specialties and purposes, and e-readers are still best for reading. I have bitten a kindle supporter from the beginning, this latest model only further improves on that reputation.The back lighting is awesome and the touch screen is amazing. The clarity and definition is outstanding. I was do excited waiting for this to be released and was very pleased with the results! I am an avid reader, and have purchased both the first and second generations of the Kindle Paperwhite products. Upon reading about the Voyage, I knew I had to have one. Although it's a bit pricey for an e-reader, it's definitely worth it for me. As much as I read, I believe the new screen will result in less eye strain. It's a beauty to look at. Especially when held next to the Paperwhite 2nd gen and compared. This is definitely the Rolls Royce of the e-readers love all the new features that it has. Upgraded from the paperwhite to the voyage. Upgraded from a Kindle paperwhite. I love the brighter screen and increased resolution. I am a book addict and the savings over printed material allows me to buy more books. The availability of reference texts is increasing which is a big plus. I have the second generation Kindle Paperwhite and the new Voyage is far superior to it. The resolution is much sharper, the back light is much brighter and the power button location is much more convenient. I highly recommend it. I never owned Kindle before. I tried to just be content with a PW 2, but after close comparison in store, I sticked to the Voyage. Luckily, I haven't been disappointed so far. This was actually for my daughter and she has rarely put it down since she got it. I can hold this next to my Kindle Paperwhite and see that is brighter, more evenly lit, sharper and faster. But $200 is pushing the price a little high. If a friend wasn't looking to buy my old one, not sure I would have paid that much. Moving to this from the first generation Paperwhite appears to have been the right move. I love the new size, it just feels tiny and perfect in the hand. The new automatic brightness setting works quite well. I do wish I could crank up the force required to activate the page turn buttons however, as I have frequently hit them accidentally. The page turn buttons do work with gloves on which a great for reading in a tree stand. Got this as an upgrade to my Kindle Touch. Page turns are crisp (the pressure-sensitive page buttons on the sides are a nice addition). I especially like the self-adjusting brightness. Very happy with the purchase. Battery life is great so far, even with the backlight on. This is my first kindle but I'm loving it. I picked it up a few days after it was released. One of the things I love the most is I'm a reader but I am not a car owner so I get almost everywhere by bike. I got tired of lugging around heavy hardcover books from the library; now my Voyage weighs less than most paperback books. An extra bonus for me is, it fits in a pocket I wasn't using in my pannier I carry stuff to work everyday. I love the clarity of the text and pressure point page turning versus screen swipes. I also love that I charged it when I got 4 days ago and it is still more than have battery power. The newest Kindle eReader (Voyage) is a very good upgrade over the current model. It has several new hardware & coming software enhancements over the current model. However, unless you do an extreme amount of reading, I would not recommend upgrading if you owned the current PaperWhite generation. The high price does not justify it. The better resolution and slightly smaller size makes a worthwhile investment if you read for hours. The commercials that tell you how much better it is to read on a Kindle Voyage vs a tablet are true. I read for hours at a time on weekly plane trips. If I use a tablet my eyes hurt after just a couple of hours. On a Kindle because of the side lighting I can read for 5 hours and my eyes never hurt . Upgrading from an older Kindle. Wow. Lighter. Crisper text is an understatement. Throw in the lighting and the new interface for page advancement. Pricey but if you want the best, you won't be disappointed. Product was as described and delivered on time as scheduled. I never owned a Kindle before. This was easy to setup and get going.It also looks really good. The text is super easy to read even at smaller fonts. I also really like the buttons on the side that turn the pages because it is a lot easier to flip pages compared to tapping the screen. I have owned exactlo, nooks, kobo's and kindles. This is the Cadillac of readers!!! Was a Christmas gift and I ended up returning it because it wasn't exactly what I was looking for. The screen is very sharp and easy to use. The letters are crisp and distinctive. The back light works well in the dark or light. I have no problem reading at night in the dark or during the day outside in direct sunlight. The new page press buttons are perfectly placed and very convenient. It's light weight and small enough to hold in one hand whole reading. I only have to charge it every 2 weeks.I would recommend this edition to anyone who enjoys reading. I love my Kindle Voyage. It truly is almost like reading a paper book. Upgraded from a paperwhite and the build quality of this unit is much, much better! Just it's kind of expensive for an e-reader. Purchased for my wife to replace her previous kindle. She loves it. Great product. The Voyage is easily the best kindle avaiailable. The page turn buttons are a little wonky a times, but I find the high-res screen worth it. Everything about it is outstanding except the price! Purchased for my mother for Christmas. She hasn't put it down since. Overall I've been very happy with my new Kindle Voyage, the screen is much sharper than my wife's paperwhite (v1) and the backlight is much more even. I've also been very happy with the page turn buttons. It makes it significantly more convenient to turn pages than using the screen and the pressure and feedback both seem about right. The only issue I have that keeps this from earning 5 stars is that the backlight on the screen has a slightly two-tone hue. It is somewhat yellowish on top and bluish on the bottom of the screen. It isn't something that really distracts from reading but it is noticeable when looking for it. Fix this so the coloring is even and it is really a perfect ereader.",4,"Kindle Voyage E-reader, 6 High-Resolution Display (300 ppi) with Adaptive Built-in Light, PagePress Sensors, Wi-Fi - Includes Special Offers, Walmart for Business,Office Electronics,Tablets,Electronics,iPad & Tablets,All Tablets,Computers & Tablets,E-Readers & Accessories,Kindle E-readers,Electronics Features,eBook Readers,See more Amazon Kindle Voyage (Wi-Fi),See more Amazon Kindle Voyage 4GB, Wi-Fi  3G (Unlocked...",0,"Kindle Voyage E-reader, 6 High-Resolution Display (300 ppi) with Adaptive Built-in Light, PagePress Sensors, Wi-Fi - Includes Special Offers, Kindle Voyage E-reader, 6 High-Resolution Display (300 ppi) with Adaptive Built-in Light, PagePress Sensors, Wi-Fi - Includes Special Offers, Kindle Voyage E-reader, 6 High-Resolution Display (300 ppi) with Adaptive Built-in Light, PagePress Sensors, Wi-Fi - Includes Special Offers, Kindle Voyage E-reader, 6 High-Resolution Display (300 ppi) with Adaptive Built-in Light, PagePress Sensors, Wi-Fi - Includes Special Offers, Walmart for Business,Office Electronics,Tablets,Electronics,iPad & Tablets,All Tablets,Computers & Tablets,E-Readers & Accessories,Kindle E-readers,Electronics Features,eBook Readers,See more Amazon Kindle Voyage (Wi-Fi),See more Amazon Kindle Voyage 4GB, Wi-Fi  3G (Unlocked...",1,5,Kindle Voyage / E-readers
B00IOYAM4I,"Brand New Amazon Kindle Fire 16gb 7 Ips Display Tablet Wifi 16 Gb Blue,,,",Amazon,"Computers & Tablets,E-Readers & Accessories,eBook Readers,Kindle E-readers","my wife surprised me with this, and I wasn't sure I needed it... after all, I have a smart phone, laptop, surface and a mini-tablet ... seems redundant, no?Long story short, none of those other devices are optimal in bright sunshine. This one is. it has more capabilities than I am sure I am using. need to learn to read magazines on it. but it works well, and especially outside. Previous owner of an older kindle. Love the touch pad and back light on the voyage. Great e reader. Preffered the brighter display of the voyage over the paperwhite. Happy with 3G connection for all time access. Great product. Love using it for reading and search. I purchase it for my wife, is very good, small and fast. The voyager is light weight and easy to hold. Love the ability to have 3G and Wi Fi. Easily was able to transfer books from my old kindle keyboard. Holds a charge for up to 2 weeks and charges quickly. Great when traveling Easy to use, good battery life, great back lighting. I had the book e reader when it first came out and then I opted for a mini iPad but the lighting and reflection on the iPad made it difficult to read both at night time and day time when sunny. I did not realize how lightweight the kindle voyage is until I got it in the mail. Super easy to use and easy to transport! And best of all... Reading on the kindle voyage does not strain my eyes. Highly recommend this to my avid readers out there! It is easy to use and have a huge selection of books, I recomend it Kindle Voyage is absolutely the best! Easy to read in sunlight!Ordered from Best Buy and it shipped immediately! Purchased it for my daughter. She love this very much. It is really good. I've had a Kindle since they first came out and was happy to get one with a backlit screen. I like the WiFi and the 3G because I like the freedom of downloading books and newspapers while in the car, at the beach, by the pool when another guest recommends a new book. I still haven,t figured out some of the buttons, and because it is smaller I am always turning the page. I have adjusted the font and how far apart the lines are, but it still seems like I'm doing more page turning. I had been using a Kindle Fire HD for a couple of years, but over time found I was mainly using it for reading. I had been considering switching to a pure ereader for a while, but was not convinced until I saw some specs on the Voyage. I ordered it right away and have been very happy with it. Like that I can use it in so many ways. As a computer or a tablet The Kindle and cover were a gift for my wife. Her previous one went to the big tech heaven in the sky. She loves both products and couldn't be happier with the products. Replaced paper white with voyage...amazing screen! Easy on the eyes. Smaller and even better than earlier versions As above a high class e reader. Love it. Use it at least 2-3 hrs daily. I really like the smaller size reader, and being left handed the ease of use of the haptic page turn buttons are very easy to use. I don't even use the touch screen page advance any more, with the haptic advance this can be done from the right or left side of the reader, an advantagefor us lefties. This is my fourth kindle, I keep upgrading due to all the changes and advances, I use my kindle every night and enjoy it very much and would highly recommend if you want to upgrade to the voyage, visit your local best buy and hold it in your hands and feel and see the difference. No complaints works great and the battery is awesome as always Had the original Kindle and filled it. Upgraded to the Kindle Voyage and absolutely love it! Got this as a gift for friend of mine they have been very happy with this can't believe how light it is and how well you can read the text. If you're up for him and don't want to be caring around an iPad or have battery life on the product while you're on location this is a must take with you product. best e reader to date. yes it's a bit pricey, but it reads like a real book. Very happy and satisfiedEasier to handle. Fast charging i needed something to read in the sunlight other than fire hd Enjoy my summer reading and a regular tablet just will not do. Initially disappointed by the small size, but I quickly learned to appreciate it. Very portable and convenient. I wanted something easy on the eyes with a 3G connection so I did not have to be connected to WIFI to download books. Was a bit more then I wanted to pay but feel I will get good use out of it. I had a hard time finding a case for it at best buy I got this product for my boyfriend, and he absolutely loves it. He uses it all the time for reading. When I held it myself, I couldn't believe how small and lightweight it was. Very cool Pricey? Yes... For serious readers and users of library e-books, completly worth it. While nothing beats a real book experience, traveling 4 days plus per week nothing beats the portability and ability to add from the library or Amazon on the fly... Never have to seek out light to read by (a noticeable improvement in the backlight), exceptional direct sun readability, not affected by polarized sunglasses... Great battery life... Great build quality... I expect it to last a long time... Only upgraded as I lost my last kindle on the train. I gave my Paperwhite to a friend and bought the Voyage. I like the clearness of the screen and how easy it is to turn pages. I don't know that it's really worth all of the extra cost compared to the Paperwhite, especially since the new one just came out with 300 dpi. the back light nad easier to read in all lightings If you read - novels, biographies, anything - you need this! Free download of thousands of books from your local library... or email pdf's to a special email address and read them here. imagine being able to take 100's of books to the beach for a few ounces, and read them in full sunlight. The high resolution screen is great, as is the feature that lets me automatically sync the last page I was reading on my kindle with the Kindle reader on my android cell phone. I really like the convenience of the free 3G cellular coverage... This is a fantastic product for reading books. It is wonderful to use in full sunshine. I have a kindle fire so I thought this would be unnecessary now I am wishing I had purchased it sooner. The much longer battery life and use in full sunlight make it so much better to use for reading than the kindle fire. Very easy on the eyes. Easy to carry, fits in my purse This kindle is so sharp and turns pages quickly. I can finish books quickly and store so many on here. Perfect! I've had Amazon Kindles since v1. Each new release surpasses the one before it, as you would expect, but does so in ways that always improve the user experience. I love the feel of this one - great size, great weight, and I love the backlit screen. The touch control, page change controls, are a little to sensitive. Web browser ""too"" experimental. Like the smaller size. Can read in sunlight or no light. Carry in my purse to read when have time. I wanted this when I first heard about it. My husband surprised me for my birthday. It was the best gift. Love Love it the Kindle Voyage is the very best ereader that I've ever used. The light is great and does bother my eyes in the the dark at all (iPads, Fire and Nook tablets bother me in dim light and extended reading) while providing light read by. The controls are simple and easy to learn. However it is slightly pricey. For me the quality and relief are well worth the price. I bought the Voyage kindle as an anniversary present for my wife and she LOVES it. The new dim light feature and matted glass screen are pretty amazing and work like a charm. She's able to read in all manner of lighting and places. This is a great eReader. Note, the information on the Best Buy site is wrong, this is not a 4G device but rather a 3G device. It really makes no difference but just for clarity, lets get it right. Very light and small e-reader with a very good display and the squeeze functionality for page turning is a nice addition. Not a revolutionary device but evolutionary. This is a great reader, it feels like the best evolution of the Paperwhite. The auto-brightness works fine and is unnoticeable and it feels good in the hands. The new page squeeze feature is nice as is the haptic feedback when you squeeze the bezel.The power button is also much better placed now and the glass screen makes swiping and tapping the bookmark and location corner areas much easier. The backlight is now much more uniform than my 1st gen Paperwhite.The only issue I have is when displaying black blocks like the tree silhouette, I have what looks like a tiny bad pixel that kind of twinkles. And of course, this thing is expensive when compared to the Paperwhite. The Kindle Voyage is definitely the way to go. I bought this Kindle to replace my 1st generation Kindle because I wanted a more compact model and the 3G capability this one offers. I am definitely a fan! I just loved it .. it was really nice .. I would definitely recommend to buy the product Fast, solid, all the necessary features for an ebook. I like the side pressure page advance and the small size fits my small hands. Replaced original paper white with this new model and the recipient just loves it!! Love the new Voyage bc it is lighter and smaller. Easier to tuck in my purse. The other plus is the auto light feature. Excellent e-reader, with great download ability. I really do not need the 3G as most of my downloads are through my PC. I love this e-reader. My other reader was not backlit so needed something I could use in low light. This works perfectly for reading at night and in the sun. The light is adjustable. Love downloading books from the library. It has a 3G connection which I have not used yet, so far used only in wi-fi areas.","Brand New Amazon Kindle Fire 16gb 7 Ips Display Tablet Wifi 16 Gb Blue,,, Amazon Computers & Tablets,E-Readers & Accessories,eBook Readers,Kindle E-readers my wife surprised me with this, and I wasn't sure I needed it... after all, I have a smart phone, laptop, surface and a mini-tablet ... seems redundant, no?Long story short, none of those other devices are optimal in bright sunshine. This one is. it has more capabilities than I am sure I am using. need to learn to read magazines on it. but it works well, and especially outside. Previous owner of an older kindle. Love the touch pad and back light on the voyage. Great e reader. Preffered the brighter display of the voyage over the paperwhite. Happy with 3G connection for all time access. Great product. Love using it for reading and search. I purchase it for my wife, is very good, small and fast. The voyager is light weight and easy to hold. Love the ability to have 3G and Wi Fi. Easily was able to transfer books from my old kindle keyboard. Holds a charge for up to 2 weeks and charges quickly. Great when traveling Easy to use, good battery life, great back lighting. I had the book e reader when it first came out and then I opted for a mini iPad but the lighting and reflection on the iPad made it difficult to read both at night time and day time when sunny. I did not realize how lightweight the kindle voyage is until I got it in the mail. Super easy to use and easy to transport! And best of all... Reading on the kindle voyage does not strain my eyes. Highly recommend this to my avid readers out there! It is easy to use and have a huge selection of books, I recomend it Kindle Voyage is absolutely the best! Easy to read in sunlight!Ordered from Best Buy and it shipped immediately! Purchased it for my daughter. She love this very much. It is really good. I've had a Kindle since they first came out and was happy to get one with a backlit screen. I like the WiFi and the 3G because I like the freedom of downloading books and newspapers while in the car, at the beach, by the pool when another guest recommends a new book. I still haven,t figured out some of the buttons, and because it is smaller I am always turning the page. I have adjusted the font and how far apart the lines are, but it still seems like I'm doing more page turning. I had been using a Kindle Fire HD for a couple of years, but over time found I was mainly using it for reading. I had been considering switching to a pure ereader for a while, but was not convinced until I saw some specs on the Voyage. I ordered it right away and have been very happy with it. Like that I can use it in so many ways. As a computer or a tablet The Kindle and cover were a gift for my wife. Her previous one went to the big tech heaven in the sky. She loves both products and couldn't be happier with the products. Replaced paper white with voyage...amazing screen! Easy on the eyes. Smaller and even better than earlier versions As above a high class e reader. Love it. Use it at least 2-3 hrs daily. I really like the smaller size reader, and being left handed the ease of use of the haptic page turn buttons are very easy to use. I don't even use the touch screen page advance any more, with the haptic advance this can be done from the right or left side of the reader, an advantagefor us lefties. This is my fourth kindle, I keep upgrading due to all the changes and advances, I use my kindle every night and enjoy it very much and would highly recommend if you want to upgrade to the voyage, visit your local best buy and hold it in your hands and feel and see the difference. No complaints works great and the battery is awesome as always Had the original Kindle and filled it. Upgraded to the Kindle Voyage and absolutely love it! Got this as a gift for friend of mine they have been very happy with this can't believe how light it is and how well you can read the text. If you're up for him and don't want to be caring around an iPad or have battery life on the product while you're on location this is a must take with you product. best e reader to date. yes it's a bit pricey, but it reads like a real book. Very happy and satisfiedEasier to handle. Fast charging i needed something to read in the sunlight other than fire hd Enjoy my summer reading and a regular tablet just will not do. Initially disappointed by the small size, but I quickly learned to appreciate it. Very portable and convenient. I wanted something easy on the eyes with a 3G connection so I did not have to be connected to WIFI to download books. Was a bit more then I wanted to pay but feel I will get good use out of it. I had a hard time finding a case for it at best buy I got this product for my boyfriend, and he absolutely loves it. He uses it all the time for reading. When I held it myself, I couldn't believe how small and lightweight it was. Very cool Pricey? Yes... For serious readers and users of library e-books, completly worth it. While nothing beats a real book experience, traveling 4 days plus per week nothing beats the portability and ability to add from the library or Amazon on the fly... Never have to seek out light to read by (a noticeable improvement in the backlight), exceptional direct sun readability, not affected by polarized sunglasses... Great battery life... Great build quality... I expect it to last a long time... Only upgraded as I lost my last kindle on the train. I gave my Paperwhite to a friend and bought the Voyage. I like the clearness of the screen and how easy it is to turn pages. I don't know that it's really worth all of the extra cost compared to the Paperwhite, especially since the new one just came out with 300 dpi. the back light nad easier to read in all lightings If you read - novels, biographies, anything - you need this! Free download of thousands of books from your local library... or email pdf's to a special email address and read them here. imagine being able to take 100's of books to the beach for a few ounces, and read them in full sunlight. The high resolution screen is great, as is the feature that lets me automatically sync the last page I was reading on my kindle with the Kindle reader on my android cell phone. I really like the convenience of the free 3G cellular coverage... This is a fantastic product for reading books. It is wonderful to use in full sunshine. I have a kindle fire so I thought this would be unnecessary now I am wishing I had purchased it sooner. The much longer battery life and use in full sunlight make it so much better to use for reading than the kindle fire. Very easy on the eyes. Easy to carry, fits in my purse This kindle is so sharp and turns pages quickly. I can finish books quickly and store so many on here. Perfect! I've had Amazon Kindles since v1. Each new release surpasses the one before it, as you would expect, but does so in ways that always improve the user experience. I love the feel of this one - great size, great weight, and I love the backlit screen. The touch control, page change controls, are a little to sensitive. Web browser ""too"" experimental. Like the smaller size. Can read in sunlight or no light. Carry in my purse to read when have time. I wanted this when I first heard about it. My husband surprised me for my birthday. It was the best gift. Love Love it the Kindle Voyage is the very best ereader that I've ever used. The light is great and does bother my eyes in the the dark at all (iPads, Fire and Nook tablets bother me in dim light and extended reading) while providing light read by. The controls are simple and easy to learn. However it is slightly pricey. For me the quality and relief are well worth the price. I bought the Voyage kindle as an anniversary present for my wife and she LOVES it. The new dim light feature and matted glass screen are pretty amazing and work like a charm. She's able to read in all manner of lighting and places. This is a great eReader. Note, the information on the Best Buy site is wrong, this is not a 4G device but rather a 3G device. It really makes no difference but just for clarity, lets get it right. Very light and small e-reader with a very good display and the squeeze functionality for page turning is a nice addition. Not a revolutionary device but evolutionary. This is a great reader, it feels like the best evolution of the Paperwhite. The auto-brightness works fine and is unnoticeable and it feels good in the hands. The new page squeeze feature is nice as is the haptic feedback when you squeeze the bezel.The power button is also much better placed now and the glass screen makes swiping and tapping the bookmark and location corner areas much easier. The backlight is now much more uniform than my 1st gen Paperwhite.The only issue I have is when displaying black blocks like the tree silhouette, I have what looks like a tiny bad pixel that kind of twinkles. And of course, this thing is expensive when compared to the Paperwhite. The Kindle Voyage is definitely the way to go. I bought this Kindle to replace my 1st generation Kindle because I wanted a more compact model and the 3G capability this one offers. I am definitely a fan! I just loved it .. it was really nice .. I would definitely recommend to buy the product Fast, solid, all the necessary features for an ebook. I like the side pressure page advance and the small size fits my small hands. Replaced original paper white with this new model and the recipient just loves it!! Love the new Voyage bc it is lighter and smaller. Easier to tuck in my purse. The other plus is the auto light feature. Excellent e-reader, with great download ability. I really do not need the 3G as most of my downloads are through my PC. I love this e-reader. My other reader was not backlit so needed something I could use in low light. This works perfectly for reading at night and in the sun. The light is adjustable. Love downloading books from the library. It has a 3G connection which I have not used yet, so far used only in wi-fi areas.",1,"Brand New Amazon Kindle Fire 16gb 7 Ips Display Tablet Wifi 16 Gb Blue,,, Computers & Tablets,E-Readers & Accessories,eBook Readers,Kindle E-readers",2,"Brand New Amazon Kindle Fire 16gb 7 Ips Display Tablet Wifi 16 Gb Blue,,, Brand New Amazon Kindle Fire 16gb 7 Ips Display Tablet Wifi 16 Gb Blue,,, Brand New Amazon Kindle Fire 16gb 7 Ips Display Tablet Wifi 16 Gb Blue,,, Brand New Amazon Kindle Fire 16gb 7 Ips Display Tablet Wifi 16 Gb Blue,,, Computers & Tablets,E-Readers & Accessories,eBook Readers,Kindle E-readers",2,2,Kindle Fire 16GB Tablets
"B00L9EPT8O,B01E6AO69U","Echo (White),,,
Echo (White),,,",Amazon,"Stereos,Remote Controls,Amazon Echo,Audio Docks & Mini Speakers,Amazon Echo Accessories,Kitchen & Dining Features,Speaker Systems,Electronics,TVs Entertainment,Clearance,Smart Hubs & Wireless Routers,Featured Brands,Wireless Speakers,Smart Home & Connected Living,Home Security,Kindle Store,Home Automation,Home, Garage & Office,Home,Voice-Enabled Smart Assistants,Virtual Assistant Speakers,Portable Audio & Headphones,Electronics Features,Amazon Device Accessories,iPod, Audio Player Accessories,Home & Furniture Clearance,Consumer Electronics,Smart Home,Surveillance,Home Improvement,Smart Home & Home Automation Devices,Smart Hubs,Home Safety & Security,Voice Assistants,Alarms & Sensors,Amazon Devices,Audio,Holiday Shop","I really enjoy the Echo. I got an Echo Dot and liked it so much I then got the full size Echo. I originally go the Echo Dot for the novelty thinking I wouldn't really use it very much but it turns out that I use them all the time. It is not something that anyone really needs but it is handy and a lot of fun. Some of the things it does really well: It's great at voice recognition - you seldom have to repeat yourself. Setting timers, reminders, and alarms is as easy as saying Alexa, wake me at 7 am Or Alexa, tell me when 10 minutes is up. If you are a Prime member the Echo is great at playing music from your music library or from Prime music. It's also great at playing radio stations (using tune-in and other apps). In the morning I'll say Alexa, play 680 WRKO to listen to Kim and VB on the radio. Some of the things the Echo is bad at: It's well known that it uses Microsoft's Bing search engine so most anything the Echo has to search for comes back with the response I don't know that. Being able to tell the Echo to use Yahoo or Google would make this a five star rating. Also, if you set an alarm or reminder it only reminds you on the device you specify or the one that hears you. For example, if I'm in the upstairs bedroom (location of the Echo Dot) and say Remind me to call John Smith in 10 minutes and then I go downstairs to the kitchen (location of the Echo), the reminder will only be in the bedroom. It would be nice if I could have an alarm or reminder set on both devices. The Echo Dot has the same capability as the full size Echo as far as I can tell. The only difference is the full size Echo has much better sound for music. That being said, the Echo Dot still sounds great, amazing really, for such a small device. But the full size Echo is like listening to a stereo. Again, these are well-made devices and are a lot of fun and very useful. Maybe not a necessity but they sure are a fun conversation piece with guests or grandkids come around. I like it. I use mostly for music. Great for music! Speaker quality is excellent! Can listen to Pandora and also through Amazon Prime...Haven't attempted to order from Amazon Prime yet though. It will do other things as well...we are still learning! Love to use for news and weather Has been helpful getting information from internet Great Applience Really is just as good as the commercials make it out to be It's Great! I like being able to add things to my shopping list and set timers just by asking. The Echo is the coolest thing! I love it. I even got one for my son, and he listens to music as he falls asleep at night. It's awesome. Buy one! This was a birthday gift for my son-in-law and he loved it. Coupled with the portable battery, it provides him with both entertainment and information whereever he goes! I love asking Alexa questions and getting the answers quickly. Music is unlimited. Always know the latest news and weather without turning on a tv. this was purchased for a friend, and his family. They are enjoying it and his kids tell me that they move it from room to room. Got Alexa set up to control my lights and tv, along with being linked to my spotify but I am excited to continue finding out what else she can be used for! Great speaker! I love the Amazon echo, it is a great addition to the home. Works with all my smart devices.. and the white looks cool Alexa doesn't know half of what my computer does. But the musical quality is good. It's a glorified radio. I think I would recommend the Dot. Save your money. Awesome system, easy to use, love it! Waiting for the next system to upgrade on my room. Works perfectly. Is quick and fun to use. Music sounds great. First let me say we love out echos. As a family this is our "" dance party"" speaker. DJ (Alexa) takes requests. With more and more updates to this product it has great potential.My only wish is that it were more intuitive for non high tech. Over time I guess. We love. Bought 2. The Amazon Echo is really a great device - very easy to setup and super cool to use. The Echo is fun and easy. No longer do you need to walk to the device or use a remote! This is probably my favorite device in my home. Whether you only want this for music playing or if you want to make an awesome voice activated home automation system, do not go with any other brand. Alexa is amazing. Excellent -- has quickly become an invaluable feature of our house. Voice recognition, even from a distance, is very good. This is a lot of fun. Also very convenient since it is hands free. This is convenient and easy to operate. Love the shopping list - adding to the list without physically moving ---- and NO paper list to lose!! The Amazon Echo is great. Good speakers, works as advertised. I love the Echo...tells me the weather, makes my shopping list, and plays music as I request. I didn't give it an excellent rating because products like this can always be improved on, but it's definitely a must have in your home and for the price, you can't beat it! I already got this echo. I am a real estate agent and I love our Alexa so decided to buy them as a housewarming gift. Many I do not know rather than features to search the web. Nice sound for a speaker Loving my Echo. I mostly listen to music. And ask random facts but it was definitely a plus for me. This device is amazingly! I got one as a gift and knew I had to gift one back!! So glad I no longer have to shuffle through my music! I can just ask Alexa and the song is played!! Great product!! 10********** The ECHO is really easy to set and use. I am surprised at the quality of sound. I've had a lot of fun using Alexa. Have even laughed at some of the things we've done with it! The Echo is the start of a very long relationship. I'm able to order on Echo, listen to music, and have a joke told to me. My patents loved this gift and can't get enough... I'm very proud to have one of these. Best product I've purchased so far Very functional, easy set-up and great so be quality. Really convenient, is amazing how many things you can do with Alexa. Also really responsive I use the echo to control the lights and thermostat in the house. Syncs with other devices really easy and has a ton of other function. Bought this item with high expectations of its capabilities. It would be extremely lenghty to supply full details, let me just say that technology is not there yet with AI devices like this.... Love everything about it. No complaints, Will recommend it to a friend. I so enjoy Alexa. My favorite radio station is just a request away, as is most information. Great conversation piece! If you want a device that performs on command, Alexa is her name.She's a constant companion in the kitchen. She sings, tells jokes, shares recipes, tells stories, quotes Bible verses, gives me the weather forecast and so much more.If you add the additional devices you can control your lights or thermostat. My grandson really likes Alexa because she tells him stories.This inanimate object begins to feel like a real person the longer you have it around. It is really easy to program and use. I am looking forward to connecting it to some of the smart items I have In my home. works great the only thing they need to add is the ability to customize actions and commands We got this back in January for our apartment and actually use it on a daily basis. Mostly for playing music but can't wait to move into a house so we can use more of the integrated home features. Sound is actually really great! Very good quality speaker. Been waiting to get ALEXA for years and not disappointed yet. It has A lot of features already and I like the fact I get weekly email about new features they are still adding.I would rate a five but nothing is perfect. I bought this for myself as an early Christmas present and I'm in love. The sound quality is awesome and Alexa tells the funniest yet shortest stories in history. The Amazon Echo has become a critical appliance in our kitchen. Admittedly we bought the Echo to serve as yet another cool toy to have around...but we're finding that it's a great addition to our lives.The top used function for our family is probably the simple to use timer function, but a close second is the ability to call on any artist we want to hear with Amazon Prime Music. It's well worth a few bucks a month to get the music service and the sound quality of the device (although not audiophile worthy) is quite good.Our family is still exploring the many great tools available with Alexa...but I can say without reservation that it's a great device to have for any household. I loooooove Alexa tower. It is so convenient & so easy to use! This item is continuously improving & updating all without any inconvenience to me & with my very busy and demanding schedule, I need all the help I can get! While it is mostly a way to sell you more stuff, it is very useful and you can manage the temptation with discipline. Bought this for my husband for Christmas and he loves it!","Echo (White),,,
Echo (White),,, Amazon Stereos,Remote Controls,Amazon Echo,Audio Docks & Mini Speakers,Amazon Echo Accessories,Kitchen & Dining Features,Speaker Systems,Electronics,TVs Entertainment,Clearance,Smart Hubs & Wireless Routers,Featured Brands,Wireless Speakers,Smart Home & Connected Living,Home Security,Kindle Store,Home Automation,Home, Garage & Office,Home,Voice-Enabled Smart Assistants,Virtual Assistant Speakers,Portable Audio & Headphones,Electronics Features,Amazon Device Accessories,iPod, Audio Player Accessories,Home & Furniture Clearance,Consumer Electronics,Smart Home,Surveillance,Home Improvement,Smart Home & Home Automation Devices,Smart Hubs,Home Safety & Security,Voice Assistants,Alarms & Sensors,Amazon Devices,Audio,Holiday Shop I really enjoy the Echo. I got an Echo Dot and liked it so much I then got the full size Echo. I originally go the Echo Dot for the novelty thinking I wouldn't really use it very much but it turns out that I use them all the time. It is not something that anyone really needs but it is handy and a lot of fun. Some of the things it does really well: It's great at voice recognition - you seldom have to repeat yourself. Setting timers, reminders, and alarms is as easy as saying Alexa, wake me at 7 am Or Alexa, tell me when 10 minutes is up. If you are a Prime member the Echo is great at playing music from your music library or from Prime music. It's also great at playing radio stations (using tune-in and other apps). In the morning I'll say Alexa, play 680 WRKO to listen to Kim and VB on the radio. Some of the things the Echo is bad at: It's well known that it uses Microsoft's Bing search engine so most anything the Echo has to search for comes back with the response I don't know that. Being able to tell the Echo to use Yahoo or Google would make this a five star rating. Also, if you set an alarm or reminder it only reminds you on the device you specify or the one that hears you. For example, if I'm in the upstairs bedroom (location of the Echo Dot) and say Remind me to call John Smith in 10 minutes and then I go downstairs to the kitchen (location of the Echo), the reminder will only be in the bedroom. It would be nice if I could have an alarm or reminder set on both devices. The Echo Dot has the same capability as the full size Echo as far as I can tell. The only difference is the full size Echo has much better sound for music. That being said, the Echo Dot still sounds great, amazing really, for such a small device. But the full size Echo is like listening to a stereo. Again, these are well-made devices and are a lot of fun and very useful. Maybe not a necessity but they sure are a fun conversation piece with guests or grandkids come around. I like it. I use mostly for music. Great for music! Speaker quality is excellent! Can listen to Pandora and also through Amazon Prime...Haven't attempted to order from Amazon Prime yet though. It will do other things as well...we are still learning! Love to use for news and weather Has been helpful getting information from internet Great Applience Really is just as good as the commercials make it out to be It's Great! I like being able to add things to my shopping list and set timers just by asking. The Echo is the coolest thing! I love it. I even got one for my son, and he listens to music as he falls asleep at night. It's awesome. Buy one! This was a birthday gift for my son-in-law and he loved it. Coupled with the portable battery, it provides him with both entertainment and information whereever he goes! I love asking Alexa questions and getting the answers quickly. Music is unlimited. Always know the latest news and weather without turning on a tv. this was purchased for a friend, and his family. They are enjoying it and his kids tell me that they move it from room to room. Got Alexa set up to control my lights and tv, along with being linked to my spotify but I am excited to continue finding out what else she can be used for! Great speaker! I love the Amazon echo, it is a great addition to the home. Works with all my smart devices.. and the white looks cool Alexa doesn't know half of what my computer does. But the musical quality is good. It's a glorified radio. I think I would recommend the Dot. Save your money. Awesome system, easy to use, love it! Waiting for the next system to upgrade on my room. Works perfectly. Is quick and fun to use. Music sounds great. First let me say we love out echos. As a family this is our "" dance party"" speaker. DJ (Alexa) takes requests. With more and more updates to this product it has great potential.My only wish is that it were more intuitive for non high tech. Over time I guess. We love. Bought 2. The Amazon Echo is really a great device - very easy to setup and super cool to use. The Echo is fun and easy. No longer do you need to walk to the device or use a remote! This is probably my favorite device in my home. Whether you only want this for music playing or if you want to make an awesome voice activated home automation system, do not go with any other brand. Alexa is amazing. Excellent -- has quickly become an invaluable feature of our house. Voice recognition, even from a distance, is very good. This is a lot of fun. Also very convenient since it is hands free. This is convenient and easy to operate. Love the shopping list - adding to the list without physically moving ---- and NO paper list to lose!! The Amazon Echo is great. Good speakers, works as advertised. I love the Echo...tells me the weather, makes my shopping list, and plays music as I request. I didn't give it an excellent rating because products like this can always be improved on, but it's definitely a must have in your home and for the price, you can't beat it! I already got this echo. I am a real estate agent and I love our Alexa so decided to buy them as a housewarming gift. Many I do not know rather than features to search the web. Nice sound for a speaker Loving my Echo. I mostly listen to music. And ask random facts but it was definitely a plus for me. This device is amazingly! I got one as a gift and knew I had to gift one back!! So glad I no longer have to shuffle through my music! I can just ask Alexa and the song is played!! Great product!! 10********** The ECHO is really easy to set and use. I am surprised at the quality of sound. I've had a lot of fun using Alexa. Have even laughed at some of the things we've done with it! The Echo is the start of a very long relationship. I'm able to order on Echo, listen to music, and have a joke told to me. My patents loved this gift and can't get enough... I'm very proud to have one of these. Best product I've purchased so far Very functional, easy set-up and great so be quality. Really convenient, is amazing how many things you can do with Alexa. Also really responsive I use the echo to control the lights and thermostat in the house. Syncs with other devices really easy and has a ton of other function. Bought this item with high expectations of its capabilities. It would be extremely lenghty to supply full details, let me just say that technology is not there yet with AI devices like this.... Love everything about it. No complaints, Will recommend it to a friend. I so enjoy Alexa. My favorite radio station is just a request away, as is most information. Great conversation piece! If you want a device that performs on command, Alexa is her name.She's a constant companion in the kitchen. She sings, tells jokes, shares recipes, tells stories, quotes Bible verses, gives me the weather forecast and so much more.If you add the additional devices you can control your lights or thermostat. My grandson really likes Alexa because she tells him stories.This inanimate object begins to feel like a real person the longer you have it around. It is really easy to program and use. I am looking forward to connecting it to some of the smart items I have In my home. works great the only thing they need to add is the ability to customize actions and commands We got this back in January for our apartment and actually use it on a daily basis. Mostly for playing music but can't wait to move into a house so we can use more of the integrated home features. Sound is actually really great! Very good quality speaker. Been waiting to get ALEXA for years and not disappointed yet. It has A lot of features already and I like the fact I get weekly email about new features they are still adding.I would rate a five but nothing is perfect. I bought this for myself as an early Christmas present and I'm in love. The sound quality is awesome and Alexa tells the funniest yet shortest stories in history. The Amazon Echo has become a critical appliance in our kitchen. Admittedly we bought the Echo to serve as yet another cool toy to have around...but we're finding that it's a great addition to our lives.The top used function for our family is probably the simple to use timer function, but a close second is the ability to call on any artist we want to hear with Amazon Prime Music. It's well worth a few bucks a month to get the music service and the sound quality of the device (although not audiophile worthy) is quite good.Our family is still exploring the many great tools available with Alexa...but I can say without reservation that it's a great device to have for any household. I loooooove Alexa tower. It is so convenient & so easy to use! This item is continuously improving & updating all without any inconvenience to me & with my very busy and demanding schedule, I need all the help I can get! While it is mostly a way to sell you more stuff, it is very useful and you can manage the temptation with discipline. Bought this for my husband for Christmas and he loves it!",2,"Echo (White),,,
Echo (White),,, Stereos,Remote Controls,Amazon Echo,Audio Docks & Mini Speakers,Amazon Echo Accessories,Kitchen & Dining Features,Speaker Systems,Electronics,TVs Entertainment,Clearance,Smart Hubs & Wireless Routers,Featured Brands,Wireless Speakers,Smart Home & Connected Living,Home Security,Kindle Store,Home Automation,Home, Garage & Office,Home,Voice-Enabled Smart Assistants,Virtual Assistant Speakers,Portable Audio & Headphones,Electronics Features,Amazon Device Accessories,iPod, Audio Player Accessories,Home & Furniture Clearance,Consumer Electronics,Smart Home,Surveillance,Home Improvement,Smart Home & Home Automation Devices,Smart Hubs,Home Safety & Security,Voice Assistants,Alarms & Sensors,Amazon Devices,Audio,Holiday Shop",3,"Echo (White),,,
Echo (White),,, Echo (White),,,
Echo (White),,, Echo (White),,,
Echo (White),,, Echo (White),,,
Echo (White),,, Stereos,Remote Controls,Amazon Echo,Audio Docks & Mini Speakers,Amazon Echo Accessories,Kitchen & Dining Features,Speaker Systems,Electronics,TVs Entertainment,Clearance,Smart Hubs & Wireless Routers,Featured Brands,Wireless Speakers,Smart Home & Connected Living,Home Security,Kindle Store,Home Automation,Home, Garage & Office,Home,Voice-Enabled Smart Assistants,Virtual Assistant Speakers,Portable Audio & Headphones,Electronics Features,Amazon Device Accessories,iPod, Audio Player Accessories,Home & Furniture Clearance,Consumer Electronics,Smart Home,Surveillance,Home Improvement,Smart Home & Home Automation Devices,Smart Hubs,Home Safety & Security,Voice Assistants,Alarms & Sensors,Amazon Devices,Audio,Holiday Shop",3,3,Echo & Smart Home
B00LO29KXQ,"Fire Tablet, 7 Display, Wi-Fi, 8 GB - Includes Special Offers, Black",Amazon,"Electronics,Categories,Fire TV,Kindle Store","I was fortunate to order one of these as soon as it was announced. As an Amazon Prime member, I was able to buy the Fire TV Stick for 19 during a two day sale. I figured, for that price, I might as well test it out!Set up was easy and straight forward. I find that the interface is quick and easy to use. The interface and streaming on the Stick is much faster than the Amazon app built into my HDTV. This fact alone made this a great purchase. Here are some more thoughts I have on the Fire TV Stick so far: PROS:- Quick, easy to use, polished interface- Wireless streaming works really well- Amazon Instant video loads, fast forwards, and rewinds really fast- A dedicated Prime Menu allows Prime members to easily see what free content is available- Unlike Chromecast, the Fire TV Stick includes a remote- Can stream your own videos by first uploading them to your cloud disk- Can play quite a few casual games- Awesome, irresistible price for Amazon Prime users. I got it for 19 during the two day sale.- Better specs than Chromecast and Roku Stick- Ultraportable. I plan to use Fire TV Stick when I travel for work and to visit family- Stream local videos and other content using the Plex app http://www.amazon.com/Plex-Inc/dp/B004Y1WCDE/ (Thanks BikeRider!) CONS:- Included remote doesn't support voice search. That remote costs extra. Would be nice to have a second Fire TV Stick model that includes the voice search remote, rather can requiring us to buy a second remote.- Probably won't be able to use universal remotes with this unless Logitech offers a compatible device.- Not as fast as Fire TV, but since the Stick is so much cheaper, this is not really an issue.Read more Since the Fire TV stick was announced, I've heard a lot of people wonder if it was something worth picking up, essentially asking what does this thing do that my TV doesn't do already The answer is going to be different for different people, but here's an easy way to think about it Amazon Fire TV Stick is an excellent purchase if:-Your TV is not a smart TV. Meaning your TV or dvd player did not come pre-loaded with apps such as Netflix, Youtube, Pandora etc...-Your TV is a smart TV, but apps do not perform well. Some smart TVs have painful performance when streaming video, apps can be difficult to update, wifi connection can be spotty etc...-You want to access Youtube, Netflix, Amazon Prime, Pandora, and other such apps on your TV-You are an Amazon Prime Member and want to access your Prime Video, Prime Music, and Prime Photo accounts-You want to participate in casual gaming on your television.-You want to listen to music on your TV-You want to have portability. In other words, Television access to the above services while you are travelling. (Amazon says the capability to use in hotels/dorms etc... with shared wifi that requires frequent password entry is coming soon)So, the bottom line is that the Fire TV Stick allows you to access your movies, music and photos as well as games and more via your television. If your TV already does these things well, or you're already doing them via other devices such as a game console, then this may not be worth your while.So, how easy is it to use I'm telling you, you do not have to have an ounce of technological know how to have this thing up and running in a matter of minutes.Read more UPDATE! 11/11/15: More than a year now of using the stick literally every single evening for netflix, and it has been overall very reliable.Bottom line This is the best streaming device for the dollar(In my humble opinion) It's cheap, it handles netflix/prime/hboGo/plex/games/a lot more doesn't seem much slower than the full firetv box. I started with a Roku2 in the living room which got pushed to the bedroom when i got the firetv box, then the firetv stick replaced the roku2. I tried the roku stick but returned it because it was just too darn slow. I'm completely firetv now and 100 happy with it..What it does: It adds internet/streaming functionality to any tv/monitor with an HDMI port. You can use any of the thousands of paid and/or free apps such as netflix, amazon prime, hulu, plex, news, digital fireplace, etc... There's a ton you can do. With some extra effort you can sideload things like Kodi and 3rd party apps. It's super simple to use, and the image quality can be great if your internet connection is fast.The Good stuff...-Same pricerange as the less capable/less powered Chromecast Roku stick-More ram/memory than the competition(keeps things running smooth)-More storage space than the competition, you can store more apps/games/etc..-You can do some gaming with it, but the firetv box is better suited-So small you can bring it pretty much anywhere with ease.-Simple clean interface.-Lots of games/apps to choose from-The phone app is actually pretty usefulNot as good stuff...-No connections other than usb for power, if you need ethernet/audio in/out, get the box!Read more","Fire Tablet, 7 Display, Wi-Fi, 8 GB - Includes Special Offers, Black Amazon Electronics,Categories,Fire TV,Kindle Store I was fortunate to order one of these as soon as it was announced. As an Amazon Prime member, I was able to buy the Fire TV Stick for 19 during a two day sale. I figured, for that price, I might as well test it out!Set up was easy and straight forward. I find that the interface is quick and easy to use. The interface and streaming on the Stick is much faster than the Amazon app built into my HDTV. This fact alone made this a great purchase. Here are some more thoughts I have on the Fire TV Stick so far: PROS:- Quick, easy to use, polished interface- Wireless streaming works really well- Amazon Instant video loads, fast forwards, and rewinds really fast- A dedicated Prime Menu allows Prime members to easily see what free content is available- Unlike Chromecast, the Fire TV Stick includes a remote- Can stream your own videos by first uploading them to your cloud disk- Can play quite a few casual games- Awesome, irresistible price for Amazon Prime users. I got it for 19 during the two day sale.- Better specs than Chromecast and Roku Stick- Ultraportable. I plan to use Fire TV Stick when I travel for work and to visit family- Stream local videos and other content using the Plex app http://www.amazon.com/Plex-Inc/dp/B004Y1WCDE/ (Thanks BikeRider!) CONS:- Included remote doesn't support voice search. That remote costs extra. Would be nice to have a second Fire TV Stick model that includes the voice search remote, rather can requiring us to buy a second remote.- Probably won't be able to use universal remotes with this unless Logitech offers a compatible device.- Not as fast as Fire TV, but since the Stick is so much cheaper, this is not really an issue.Read more Since the Fire TV stick was announced, I've heard a lot of people wonder if it was something worth picking up, essentially asking what does this thing do that my TV doesn't do already The answer is going to be different for different people, but here's an easy way to think about it Amazon Fire TV Stick is an excellent purchase if:-Your TV is not a smart TV. Meaning your TV or dvd player did not come pre-loaded with apps such as Netflix, Youtube, Pandora etc...-Your TV is a smart TV, but apps do not perform well. Some smart TVs have painful performance when streaming video, apps can be difficult to update, wifi connection can be spotty etc...-You want to access Youtube, Netflix, Amazon Prime, Pandora, and other such apps on your TV-You are an Amazon Prime Member and want to access your Prime Video, Prime Music, and Prime Photo accounts-You want to participate in casual gaming on your television.-You want to listen to music on your TV-You want to have portability. In other words, Television access to the above services while you are travelling. (Amazon says the capability to use in hotels/dorms etc... with shared wifi that requires frequent password entry is coming soon)So, the bottom line is that the Fire TV Stick allows you to access your movies, music and photos as well as games and more via your television. If your TV already does these things well, or you're already doing them via other devices such as a game console, then this may not be worth your while.So, how easy is it to use I'm telling you, you do not have to have an ounce of technological know how to have this thing up and running in a matter of minutes.Read more UPDATE! 11/11/15: More than a year now of using the stick literally every single evening for netflix, and it has been overall very reliable.Bottom line This is the best streaming device for the dollar(In my humble opinion) It's cheap, it handles netflix/prime/hboGo/plex/games/a lot more doesn't seem much slower than the full firetv box. I started with a Roku2 in the living room which got pushed to the bedroom when i got the firetv box, then the firetv stick replaced the roku2. I tried the roku stick but returned it because it was just too darn slow. I'm completely firetv now and 100 happy with it..What it does: It adds internet/streaming functionality to any tv/monitor with an HDMI port. You can use any of the thousands of paid and/or free apps such as netflix, amazon prime, hulu, plex, news, digital fireplace, etc... There's a ton you can do. With some extra effort you can sideload things like Kodi and 3rd party apps. It's super simple to use, and the image quality can be great if your internet connection is fast.The Good stuff...-Same pricerange as the less capable/less powered Chromecast Roku stick-More ram/memory than the competition(keeps things running smooth)-More storage space than the competition, you can store more apps/games/etc..-You can do some gaming with it, but the firetv box is better suited-So small you can bring it pretty much anywhere with ease.-Simple clean interface.-Lots of games/apps to choose from-The phone app is actually pretty usefulNot as good stuff...-No connections other than usb for power, if you need ethernet/audio in/out, get the box!Read more",3,"Fire Tablet, 7 Display, Wi-Fi, 8 GB - Includes Special Offers, Black Electronics,Categories,Fire TV,Kindle Store",0,"Fire Tablet, 7 Display, Wi-Fi, 8 GB - Includes Special Offers, Black Fire Tablet, 7 Display, Wi-Fi, 8 GB - Includes Special Offers, Black Fire Tablet, 7 Display, Wi-Fi, 8 GB - Includes Special Offers, Black Fire Tablet, 7 Display, Wi-Fi, 8 GB - Includes Special Offers, Black Electronics,Categories,Fire TV,Kindle Store",1,1,Fire Tablets - Standard
B00LW9XOJM,Unknown,Amazon,"Cases,Kindle Store,Amazon Device Accessories,Accessories,Tablet Accessories","very happy with this item, protects well, looks good, and was easy to install Very good. Protective, sturdy, will stand up on its own. A bit bulky and the cover doesn't stay straight on the front as it's only held on by a magnet. Just a personal preference, but in my bag the front part of the cover will slide crooked or off occasionally. It's a nice looking cover, will keep the Fire clean, but not particularly safe in a fall. (I have the black one. It is very professional looking.) No padding whatsoever. It does wake the Fire up when opened (and shut down when closed) but that has never been important to me. My problem with all of the cases is that you have to hold the cover out in order to keep the camera clear and it makes clicking the shutter a little awkward. I'd like to see an opening on the front cover that matches up to the opening on the back so you can have it folded in half and still be able to view the subject. I only bought this because you can't get the origami case in this size. This one isn't as sturdy as the origami case and slides so that my kindle falls down a lot :( I just love this new cover. It protects my kindle and it's easy to put into coat pockets if needed. The colors that matches the kindles are really cool. I don't trust anything else to protect my kindle. I love how sturdy it is. It doesn't seem like it would be but it is great. I especially love how when you open it, the screen automatically turns on. I was hesitant at first about the color(Citron), but it looks so much better in person. It does take a flat surface to hold it up, meaning it's hard to use on a couch or bed, but it still works really really well! Purchased for my husbands Kindle. He loves the way the built in stand works. Nice case I love the blue and the magnetic cover it stays on nicely protects the screen and had me a useful standing feature Just got this as a Christmas gift and it doesn't stand.. Nothing to secure it to make it stand.. You can get it to stand maybe to watch a video, but don't touch it. It will fall down easily. Certainly don't stand it and actually use your Fire HD6 with this cover.. You can't.. Falls right over. I feel really badly for the special person that bought me this. Waste of money. I had already bought my own cover, for a lot cheaper, that has more shock protection and that one won't stand on end, but at sits securely at a tilt which makes it more useful for me. The cheaper one I bought on Amazon also has a magnetic closer to the cover stays closed. This one does not. Not sure how to tell the person who bought me this that I don't like this one at all. I'll feel bad telling them, and they'll feel bad hearing it. Bad all around. This Protective Case was just right for my Kindle. Not the best case Amazon has ever put out! I have a number of other Amazon brand Kindle and Kindle Fire cases for my various Kindle devices and this is the least effective of the bunch. It doesn't stand in any position, so I can't use my 6 hands free. It also doesn't line up properly when closed, so the Fire seems to come out of sleep mode, thus draining the battery more quickly. And finally, I have discovered that I do prefer the leather covers over whatever material this is made from. I understand that the cost of a leather case would probably be half the cost of the Kindle Fire HD 6...not that this case was any bargain at 30!! it's a bit flimsy, but does stand up, so I'm not complaining... Love it....the color is bright which makes it easy to find in a suitcase or carry on bag. I carry lots of stuff in my pocketbook because the color is neon yellow it stands out. So easy to grab and read. Took it on vacation loved it. I recommend the color cover rather than black one,","Unknown Amazon Cases,Kindle Store,Amazon Device Accessories,Accessories,Tablet Accessories very happy with this item, protects well, looks good, and was easy to install Very good. Protective, sturdy, will stand up on its own. A bit bulky and the cover doesn't stay straight on the front as it's only held on by a magnet. Just a personal preference, but in my bag the front part of the cover will slide crooked or off occasionally. It's a nice looking cover, will keep the Fire clean, but not particularly safe in a fall. (I have the black one. It is very professional looking.) No padding whatsoever. It does wake the Fire up when opened (and shut down when closed) but that has never been important to me. My problem with all of the cases is that you have to hold the cover out in order to keep the camera clear and it makes clicking the shutter a little awkward. I'd like to see an opening on the front cover that matches up to the opening on the back so you can have it folded in half and still be able to view the subject. I only bought this because you can't get the origami case in this size. This one isn't as sturdy as the origami case and slides so that my kindle falls down a lot :( I just love this new cover. It protects my kindle and it's easy to put into coat pockets if needed. The colors that matches the kindles are really cool. I don't trust anything else to protect my kindle. I love how sturdy it is. It doesn't seem like it would be but it is great. I especially love how when you open it, the screen automatically turns on. I was hesitant at first about the color(Citron), but it looks so much better in person. It does take a flat surface to hold it up, meaning it's hard to use on a couch or bed, but it still works really really well! Purchased for my husbands Kindle. He loves the way the built in stand works. Nice case I love the blue and the magnetic cover it stays on nicely protects the screen and had me a useful standing feature Just got this as a Christmas gift and it doesn't stand.. Nothing to secure it to make it stand.. You can get it to stand maybe to watch a video, but don't touch it. It will fall down easily. Certainly don't stand it and actually use your Fire HD6 with this cover.. You can't.. Falls right over. I feel really badly for the special person that bought me this. Waste of money. I had already bought my own cover, for a lot cheaper, that has more shock protection and that one won't stand on end, but at sits securely at a tilt which makes it more useful for me. The cheaper one I bought on Amazon also has a magnetic closer to the cover stays closed. This one does not. Not sure how to tell the person who bought me this that I don't like this one at all. I'll feel bad telling them, and they'll feel bad hearing it. Bad all around. This Protective Case was just right for my Kindle. Not the best case Amazon has ever put out! I have a number of other Amazon brand Kindle and Kindle Fire cases for my various Kindle devices and this is the least effective of the bunch. It doesn't stand in any position, so I can't use my 6 hands free. It also doesn't line up properly when closed, so the Fire seems to come out of sleep mode, thus draining the battery more quickly. And finally, I have discovered that I do prefer the leather covers over whatever material this is made from. I understand that the cost of a leather case would probably be half the cost of the Kindle Fire HD 6...not that this case was any bargain at 30!! it's a bit flimsy, but does stand up, so I'm not complaining... Love it....the color is bright which makes it easy to find in a suitcase or carry on bag. I carry lots of stuff in my pocketbook because the color is neon yellow it stands out. So easy to grab and read. Took it on vacation loved it. I recommend the color cover rather than black one,",0,"Unknown Cases,Kindle Store,Amazon Device Accessories,Accessories,Tablet Accessories",1,"    Cases,Kindle Store,Amazon Device Accessories,Accessories,Tablet Accessories",0,0,Accessories & Power
B00OQVZDJM,"Amazon Kindle Paperwhite - eBook reader - 4 GB - 6 monochrome Paperwhite - touchscreen - Wi-Fi - black,,,",Amazon,"Walmart for Business,Office Electronics,Tablets,Office,Electronics,iPad & Tablets,Windows Tablets,All Windows Tablets,Computers & Tablets,E-Readers & Accessories,E-Readers,eBook Readers,Kindle E-readers,Computers/Tablets & Networking,Tablets & eBook Readers,Electronics Features,Books & Magazines,Book Accessories,eReaders,TVs & Electronics,Computers & Laptops,Tablets & eReaders","I was looking for a reader that was light enough to hold With one hand and this one is perfect. Thought this came without special offers, the staff told me it didn't. Amazon had a sale on this when I bought it, and I thought I was just getting the same deal, but I had to pay $20 later to get rid of the ads This is the second Kindle I've purchased, and I love my Kindle! What I don't like is that every time a device is ""upgraded,"" the upgrades are annoying. On this Kindle, the ""home"" page is changed - it lists My Reading List and My Library. So you have to press My Library to choose a new book. Then it's a list of the books. Why couldn't they just leave the home page showing the small pictures of the books you bought? I have no idea what My Reading List is - it lists books I've never heard of, by authors and topics of which I have no interest. Still, I would recommend a Kindle to anyone who reads books. The screen is easy to read, you can make the fonts bigger or smaller. I don't feel the battery lasts any longer than my old one did, but it's easy to charge. It's thin and lightweight, and I pretty much carry my Kindle wherever I go. Anyone who buys a Kindle will definitely NOT be disappointed!!! This is the best of all kindles- affordable and easier to read. The backlight option is good to read in dark. The Kindle Paperwhite has many improvements over my first Kindle with a lighted touch screen, wifi, and ability to swipe to turn the page. I love it! Very good to see on nite. I love it thanks Pedro on Best Buy if south beach for take ur time to explain me. Thanks Best Buy I am a long time Kindle user. I also have a Kindle Fire 8. I keep buying the newer versions because I like the product very much. I bought this product for traveling for its light weight and paper like reading. It was fine with e-books, but I had some PDF file I wanted to read on it. I could load the PDFs, but hard to read. No font enlargable for PDFs. Plus, the screen is not very responsive as screens in tablets. I ended up return it. Small enough to fit into a small bag. Wonderful to use to pass the time when waiting for transportations and appointments and the paperwhite can be used in low level lighting. It is easy to use. I purchased this as a gift for a family member. She recently used this on a week long vacation and enjoyed the long batter life during the plane trip. The reader was also easy to read in the sun while at the beach. I have several Kindle versions. My daughter bought this for her birthday as she loves reading several series. She doesn't have to carry a bag full of bulky books on trips or use a light to read at night. It stores many books in a very small space and if she wants to reread a book she can simply go to her account and download it again if it's not on her Kindle. The battery lasts a long time too. She now takes it to school to read during down time. I took mine on a 2 week trip to the Galapagos. I used on in the airport, on my flights, and several times every day since there was no internet or tv on my ship. It took up very little space and weight on a restricted baggage limit and I didn't have to recharge it. Also, It's much easier to hold vs a big book. I love the Kindle Paperwhite as I can read it indoors and outdoors with no glare issues. I'm able to download books as needed very quickly. Keeps me updated in my reading library. I like the dim light, it doesn't damage my eyesight. normally I have been using the Kindle app on my phone but this device is really easy on the eyes and is pleasure to use. For a reading device, you cannot do better than Kindle. And, if you're going to get a Kindle, get the Paperwhite as the lights on the screen are worth the extra cost over the base model. You will NOT regret it. I've been a Kindle user since the very first one came out to the market and I always wanted to be able to use touch to communicate with the device. This Kindle allows me to do just that. The resolution and contrast of the screen are excellent but the real selling points are how easy it is to read in natural light including bright sunlight and the battery life. I have only charged it once since I got it about 3 weeks ago. Really good quality piece and would strongly recommend Really great and very clear and good reading just great Own the kindle from 2010. i bought this one because of the backlight.i can read without an external light source.Love my old kindle and love this one as well. Would highly recommend. Working great so far. Battery holds a charge much better and longer than old regular Kindle that we had. Best Buy did match lower price that they advertised days after I purchased this one. Very satisfied with product and Best Buy. I really like this product. Much better than my old kindle Was using the Kindle app on my phone and running the battery down and dealing with glare. Paperwhite resolves both these issues. Not a real bookbetter. Works great in the sun. Only complaint is that it scratches easily. This is my third Kindle reader and I love it as much as I loved the others! Light and comfortable to hold, especially in bed. Really great piece very good quality and very clear Great kindle very clear reading would forsure recommend the size is perfect ....the battery excellent ....got it on a sale .....love it This was a great replacement for my previous Kindle, which is more than 5 years old. However, I liked my old Kindle well enough, and I couldn't justify an upgrade considering the more than $100 price tag. That's why I waited for a one-day sale to pick up the Paperwhite. This is so easy to read no matter where you are...beach, train or airplane! I like set the font on large so I can read without my reading glasses. I can read at night without turning on the light. Researched alot and found this to be the best for the money. Great for traveling and overall reading. I love real books but going to library was getting harder with my work schedule. Plus I can loan out my books and keep them to reread later! I really wanted to buy this kindle paperwhite and I can't be happier. I would definitely recommend to anyone wanting for a e-book reader. Really nice product really love it! Unable to use for anything but Kindle and this severely limits its usefulness. The screen is very readable in sunlight, nice feature. I've always used e-readers. The Kindle Paper White is extremely light weight, easy to use and wonderful for night reading when your partner is trying to sleep. I have a specific eye problem with one of my eyes and find I have to read large print books and they can be difficult to find. The Kindle allows me to read EVERYTHING! I love it. And it is great indoors or out. This e-reader does not strain my eyes and works great in any lighting, including full sun. Simple to use. Backlighting a true necessity for me. Third Kindle purchased. It's great deal for a person who's working at nite. Thanks great value. first time trying this particular product. very happy Love to have access to books anywhere I want or need Love it. Love reading on my new kindle. Should of bought sooner. If you are a reader, this is the e-reader to own. I have ipads, Samsung tablets and two nooks, but this is the one I love. Get yours!! Does as advertised, good product and reliable A+++ Great for reading!I only wish it could be larger and more compatible with pdf files Needed to replace my original Kindle with a keyboard. Was leary about new model as very pleased with original. This is improvement as same size screen, but smaller in overall size and easier to scroll through pages. Easy to use and fast on. Great for sun or night A+++ I lost my first Kindle Paperwhite on an airplane and replaced it with the newest version. I transferred my account easily to the new Kindle keeping my entire library. Love it! Easiest device to read a book on. Easy to read in any light and easy to hold. I just love my new Kindle paperwhite. I got this because I could not read my books on my iPad at the beach. This allows me to read in the sun. Best product ever, great price","Amazon Kindle Paperwhite - eBook reader - 4 GB - 6 monochrome Paperwhite - touchscreen - Wi-Fi - black,,, Amazon Walmart for Business,Office Electronics,Tablets,Office,Electronics,iPad & Tablets,Windows Tablets,All Windows Tablets,Computers & Tablets,E-Readers & Accessories,E-Readers,eBook Readers,Kindle E-readers,Computers/Tablets & Networking,Tablets & eBook Readers,Electronics Features,Books & Magazines,Book Accessories,eReaders,TVs & Electronics,Computers & Laptops,Tablets & eReaders I was looking for a reader that was light enough to hold With one hand and this one is perfect. Thought this came without special offers, the staff told me it didn't. Amazon had a sale on this when I bought it, and I thought I was just getting the same deal, but I had to pay $20 later to get rid of the ads This is the second Kindle I've purchased, and I love my Kindle! What I don't like is that every time a device is ""upgraded,"" the upgrades are annoying. On this Kindle, the ""home"" page is changed - it lists My Reading List and My Library. So you have to press My Library to choose a new book. Then it's a list of the books. Why couldn't they just leave the home page showing the small pictures of the books you bought? I have no idea what My Reading List is - it lists books I've never heard of, by authors and topics of which I have no interest. Still, I would recommend a Kindle to anyone who reads books. The screen is easy to read, you can make the fonts bigger or smaller. I don't feel the battery lasts any longer than my old one did, but it's easy to charge. It's thin and lightweight, and I pretty much carry my Kindle wherever I go. Anyone who buys a Kindle will definitely NOT be disappointed!!! This is the best of all kindles- affordable and easier to read. The backlight option is good to read in dark. The Kindle Paperwhite has many improvements over my first Kindle with a lighted touch screen, wifi, and ability to swipe to turn the page. I love it! Very good to see on nite. I love it thanks Pedro on Best Buy if south beach for take ur time to explain me. Thanks Best Buy I am a long time Kindle user. I also have a Kindle Fire 8. I keep buying the newer versions because I like the product very much. I bought this product for traveling for its light weight and paper like reading. It was fine with e-books, but I had some PDF file I wanted to read on it. I could load the PDFs, but hard to read. No font enlargable for PDFs. Plus, the screen is not very responsive as screens in tablets. I ended up return it. Small enough to fit into a small bag. Wonderful to use to pass the time when waiting for transportations and appointments and the paperwhite can be used in low level lighting. It is easy to use. I purchased this as a gift for a family member. She recently used this on a week long vacation and enjoyed the long batter life during the plane trip. The reader was also easy to read in the sun while at the beach. I have several Kindle versions. My daughter bought this for her birthday as she loves reading several series. She doesn't have to carry a bag full of bulky books on trips or use a light to read at night. It stores many books in a very small space and if she wants to reread a book she can simply go to her account and download it again if it's not on her Kindle. The battery lasts a long time too. She now takes it to school to read during down time. I took mine on a 2 week trip to the Galapagos. I used on in the airport, on my flights, and several times every day since there was no internet or tv on my ship. It took up very little space and weight on a restricted baggage limit and I didn't have to recharge it. Also, It's much easier to hold vs a big book. I love the Kindle Paperwhite as I can read it indoors and outdoors with no glare issues. I'm able to download books as needed very quickly. Keeps me updated in my reading library. I like the dim light, it doesn't damage my eyesight. normally I have been using the Kindle app on my phone but this device is really easy on the eyes and is pleasure to use. For a reading device, you cannot do better than Kindle. And, if you're going to get a Kindle, get the Paperwhite as the lights on the screen are worth the extra cost over the base model. You will NOT regret it. I've been a Kindle user since the very first one came out to the market and I always wanted to be able to use touch to communicate with the device. This Kindle allows me to do just that. The resolution and contrast of the screen are excellent but the real selling points are how easy it is to read in natural light including bright sunlight and the battery life. I have only charged it once since I got it about 3 weeks ago. Really good quality piece and would strongly recommend Really great and very clear and good reading just great Own the kindle from 2010. i bought this one because of the backlight.i can read without an external light source.Love my old kindle and love this one as well. Would highly recommend. Working great so far. Battery holds a charge much better and longer than old regular Kindle that we had. Best Buy did match lower price that they advertised days after I purchased this one. Very satisfied with product and Best Buy. I really like this product. Much better than my old kindle Was using the Kindle app on my phone and running the battery down and dealing with glare. Paperwhite resolves both these issues. Not a real bookbetter. Works great in the sun. Only complaint is that it scratches easily. This is my third Kindle reader and I love it as much as I loved the others! Light and comfortable to hold, especially in bed. Really great piece very good quality and very clear Great kindle very clear reading would forsure recommend the size is perfect ....the battery excellent ....got it on a sale .....love it This was a great replacement for my previous Kindle, which is more than 5 years old. However, I liked my old Kindle well enough, and I couldn't justify an upgrade considering the more than $100 price tag. That's why I waited for a one-day sale to pick up the Paperwhite. This is so easy to read no matter where you are...beach, train or airplane! I like set the font on large so I can read without my reading glasses. I can read at night without turning on the light. Researched alot and found this to be the best for the money. Great for traveling and overall reading. I love real books but going to library was getting harder with my work schedule. Plus I can loan out my books and keep them to reread later! I really wanted to buy this kindle paperwhite and I can't be happier. I would definitely recommend to anyone wanting for a e-book reader. Really nice product really love it! Unable to use for anything but Kindle and this severely limits its usefulness. The screen is very readable in sunlight, nice feature. I've always used e-readers. The Kindle Paper White is extremely light weight, easy to use and wonderful for night reading when your partner is trying to sleep. I have a specific eye problem with one of my eyes and find I have to read large print books and they can be difficult to find. The Kindle allows me to read EVERYTHING! I love it. And it is great indoors or out. This e-reader does not strain my eyes and works great in any lighting, including full sun. Simple to use. Backlighting a true necessity for me. Third Kindle purchased. It's great deal for a person who's working at nite. Thanks great value. first time trying this particular product. very happy Love to have access to books anywhere I want or need Love it. Love reading on my new kindle. Should of bought sooner. If you are a reader, this is the e-reader to own. I have ipads, Samsung tablets and two nooks, but this is the one I love. Get yours!! Does as advertised, good product and reliable A+++ Great for reading!I only wish it could be larger and more compatible with pdf files Needed to replace my original Kindle with a keyboard. Was leary about new model as very pleased with original. This is improvement as same size screen, but smaller in overall size and easier to scroll through pages. Easy to use and fast on. Great for sun or night A+++ I lost my first Kindle Paperwhite on an airplane and replaced it with the newest version. I transferred my account easily to the new Kindle keeping my entire library. Love it! Easiest device to read a book on. Easy to read in any light and easy to hold. I just love my new Kindle paperwhite. I got this because I could not read my books on my iPad at the beach. This allows me to read in the sun. Best product ever, great price",5,"Amazon Kindle Paperwhite - eBook reader - 4 GB - 6 monochrome Paperwhite - touchscreen - Wi-Fi - black,,, Walmart for Business,Office Electronics,Tablets,Office,Electronics,iPad & Tablets,Windows Tablets,All Windows Tablets,Computers & Tablets,E-Readers & Accessories,E-Readers,eBook Readers,Kindle E-readers,Computers/Tablets & Networking,Tablets & eBook Readers,Electronics Features,Books & Magazines,Book Accessories,eReaders,TVs & Electronics,Computers & Laptops,Tablets & eReaders",0,"Amazon Kindle Paperwhite - eBook reader - 4 GB - 6 monochrome Paperwhite - touchscreen - Wi-Fi - black,,, Amazon Kindle Paperwhite - eBook reader - 4 GB - 6 monochrome Paperwhite - touchscreen - Wi-Fi - black,,, Amazon Kindle Paperwhite - eBook reader - 4 GB - 6 monochrome Paperwhite - touchscreen - Wi-Fi - black,,, Amazon Kindle Paperwhite - eBook reader - 4 GB - 6 monochrome Paperwhite - touchscreen - Wi-Fi - black,,, Walmart for Business,Office Electronics,Tablets,Office,Electronics,iPad & Tablets,Windows Tablets,All Windows Tablets,Computers & Tablets,E-Readers & Accessories,E-Readers,eBook Readers,Kindle E-readers,Computers/Tablets & Networking,Tablets & eBook Readers,Electronics Features,Books & Magazines,Book Accessories,eReaders,TVs & Electronics,Computers & Laptops,Tablets & eReaders",1,0,Accessories & Power
B00QFQRELG,Unknown,Amazon,"Chargers & Adapters,Computers & Accessories,Tablet & E-Reader Accessories,Amazon Devices & Accessories,Fire Tablet Accessories,Electronics,Power Adapters & Cables,Cell Phones,Amazon Device Accessories,Cell Phone Accessories,Cell Phone Batteries & Power,Tablet Accessories,Featured Brands,Kindle Fire (2nd Generation) Accessories,Kindle Store,Home Improvement,Fire (5th Generation) Accessories,Electrical,Amazon Devices,Home,Tablets & E-Readers,Cables & Chargers","Tried different charging blocks, nothing worked properly. Plugged in the Amazon block, Kindle came right up. This solved the problem of my daughter's lost kindle charger. Since it is called powerfast, I thought it is a fast charger but it is not fast at all. It worked but it took about 5 hours to charge an almost empty Kindle Fire HD 8 inch tablet. I was looking everywhere for this because I lost my charger for my fire stick and i finally found it at best buy. It was a great price and works perfectly! This is the third I have had to buy/ They seem to only work for a year before needing to be replaced. I have the warranty but no patience for the replacement to be mailed to me with all the forms. I could not find the charger anywhere else and this one worked great Love this base for charging my kindle. You still need to use a good cord for most effective charge. With a good cord and this base your kindle will charge in under 30 minutes. I purchased this wall charger because I have had issues with Samsung and other Kindle chargers. So far, this charger is great. Devices charge rapidly. pretty convenient to have another cable to charge the kindle,, great price and ready to have it on hand Good one and working without any issues. Slim and portable I assumed this item would have a cord with the plug. Never assume. It was the plug only. The cord on my 7"" Kindle is very short so I bought a 4 foot cord also. Now I keep the shorter cord with me so I can charge on the go, the longer cord and new plug are what I use at home. Satisfied This product works just as well as the higher-priced ones from the cell phone company. just bought. seems to be working great so far. not sure how long it will last. got this for my kindle 7 tablet . Does an excellent job charging the kindle fire 7 a lot faster than the one it came with the kindle fire I gave this Amazon charger only four stars, because even though it does a great job of charging my new Paperwhite quickly it should be included with the reader and not sold separately. Quickly charges kindle so son can use it. Worked great right out of the package I found that I was immediately sked by a staff member if I needed help. I received good advice and shown similar alternative products. What I bought was perfect for what I wanted. The price was quite reasonable. Charger broke. Just what I needed to replace my broken charger Bought this charger for the Kindle voyage and its great. This charger is improved from the other one I had. It takes less time to fully charge and the charge lasts longer. I love this charger...charges my devices super fast and I don't have to wait hours Replacement charger for my son's Kindle, works great, highly recommended. Works good for a plug in for the kindle fire that I bought After purchasing 2 different ""brand X"" charges at a lower cost, and having both of them fail after a couple weeks of use, I purchased this OEM charger (made by Amazon) for our Kindle Fire. Not only does it work well (continuously) but it fully charges the unit in a matter of 2 hours, instead of overnight charging being required. Still works great, and well worth the few dollars extra in price! I bought this because the package said it was a fast charger only to find it charges at normal speed... That was disappointing. I'm pretty sure I'm not doing anything wrong. It seems pretty self explanatory... :/ Easy to use, you just plug it in the outlet. Anyone can figure it out. it does not charge any faster than regular charger. Great product for quickly charging your Kindle!!!! Bought this for my new Kindle since they no longer come with chargers. It's fast and can be used for my phone. I needed a second charger (for traveling) for my Kindle Fire that was a fast charger. This worked great. It charges my Kindle fire in just a few hours. Wall charger is convenient. Just wish it was sold with the kindle instead of having to purchase it separate. Seems like it should be standard in the package. Had to purchase in a bundle in order to get it included with kindle. Bought this to use with my kindle voyage and I love it. It charges my Kindle in 3 hours or less sometimes and the battery lasts for weeks. This wall charger works exactly as described for the Kindle Paperwhite. Works great !!!!!!!!!!!!!!!!!!!!!!!!!!!!!!!!!!!!!!! Replaces the original with no problems whatsoever. Old charger was taking forever to charge the device so I went in to Best Buy and found this comparable charger and it works great! This works well, charges book readers quickly and easily This sub charger gives a quicker charge for our kindles than the other Amazon and apple chargers that we have. Purchased, took home, attached to cable,plugged in. Easy to use. No problems using this charger. Hey--It works. I prefer to get a battery recharge direct from the source instead of from my computer. The cord is convenient. Love it. Best charger I ever bought. Quickly charges my Kindle and my cell phone. It does what it is suppose to. No problems with it... Charged phone well and fast. No complaints as of yet Crazy that you have to buy these separate for some kindle products that should come with one Best kindle charger ever. Took 30 minutes to being my kindle back to life. Exactly what I needed. Didn't want to settle for a generic off brand charger. Thanks to Best Buy I didn't have to. Charges all my items extra fast. Love it when I'm short on time The only problem that I had is that it should have been included with the Kindle Paperwhite. There is no way to charge the Paperwhite unless you buy the charger. The charging port on the Paperwhite is so small that nothing that I already have will work. Kindle does not even provide a USB cable so that you can charge from your computer. The outlet plug is cheep plastic (hollow) and will probably break, no warranty. This unit will charge faster than what came with the Amazon Fire HD-8. It's worth it. I can't stand waiting for charging! Have been using this item and it seems to be working quite well.","Unknown Amazon Chargers & Adapters,Computers & Accessories,Tablet & E-Reader Accessories,Amazon Devices & Accessories,Fire Tablet Accessories,Electronics,Power Adapters & Cables,Cell Phones,Amazon Device Accessories,Cell Phone Accessories,Cell Phone Batteries & Power,Tablet Accessories,Featured Brands,Kindle Fire (2nd Generation) Accessories,Kindle Store,Home Improvement,Fire (5th Generation) Accessories,Electrical,Amazon Devices,Home,Tablets & E-Readers,Cables & Chargers Tried different charging blocks, nothing worked properly. Plugged in the Amazon block, Kindle came right up. This solved the problem of my daughter's lost kindle charger. Since it is called powerfast, I thought it is a fast charger but it is not fast at all. It worked but it took about 5 hours to charge an almost empty Kindle Fire HD 8 inch tablet. I was looking everywhere for this because I lost my charger for my fire stick and i finally found it at best buy. It was a great price and works perfectly! This is the third I have had to buy/ They seem to only work for a year before needing to be replaced. I have the warranty but no patience for the replacement to be mailed to me with all the forms. I could not find the charger anywhere else and this one worked great Love this base for charging my kindle. You still need to use a good cord for most effective charge. With a good cord and this base your kindle will charge in under 30 minutes. I purchased this wall charger because I have had issues with Samsung and other Kindle chargers. So far, this charger is great. Devices charge rapidly. pretty convenient to have another cable to charge the kindle,, great price and ready to have it on hand Good one and working without any issues. Slim and portable I assumed this item would have a cord with the plug. Never assume. It was the plug only. The cord on my 7"" Kindle is very short so I bought a 4 foot cord also. Now I keep the shorter cord with me so I can charge on the go, the longer cord and new plug are what I use at home. Satisfied This product works just as well as the higher-priced ones from the cell phone company. just bought. seems to be working great so far. not sure how long it will last. got this for my kindle 7 tablet . Does an excellent job charging the kindle fire 7 a lot faster than the one it came with the kindle fire I gave this Amazon charger only four stars, because even though it does a great job of charging my new Paperwhite quickly it should be included with the reader and not sold separately. Quickly charges kindle so son can use it. Worked great right out of the package I found that I was immediately sked by a staff member if I needed help. I received good advice and shown similar alternative products. What I bought was perfect for what I wanted. The price was quite reasonable. Charger broke. Just what I needed to replace my broken charger Bought this charger for the Kindle voyage and its great. This charger is improved from the other one I had. It takes less time to fully charge and the charge lasts longer. I love this charger...charges my devices super fast and I don't have to wait hours Replacement charger for my son's Kindle, works great, highly recommended. Works good for a plug in for the kindle fire that I bought After purchasing 2 different ""brand X"" charges at a lower cost, and having both of them fail after a couple weeks of use, I purchased this OEM charger (made by Amazon) for our Kindle Fire. Not only does it work well (continuously) but it fully charges the unit in a matter of 2 hours, instead of overnight charging being required. Still works great, and well worth the few dollars extra in price! I bought this because the package said it was a fast charger only to find it charges at normal speed... That was disappointing. I'm pretty sure I'm not doing anything wrong. It seems pretty self explanatory... :/ Easy to use, you just plug it in the outlet. Anyone can figure it out. it does not charge any faster than regular charger. Great product for quickly charging your Kindle!!!! Bought this for my new Kindle since they no longer come with chargers. It's fast and can be used for my phone. I needed a second charger (for traveling) for my Kindle Fire that was a fast charger. This worked great. It charges my Kindle fire in just a few hours. Wall charger is convenient. Just wish it was sold with the kindle instead of having to purchase it separate. Seems like it should be standard in the package. Had to purchase in a bundle in order to get it included with kindle. Bought this to use with my kindle voyage and I love it. It charges my Kindle in 3 hours or less sometimes and the battery lasts for weeks. This wall charger works exactly as described for the Kindle Paperwhite. Works great !!!!!!!!!!!!!!!!!!!!!!!!!!!!!!!!!!!!!!! Replaces the original with no problems whatsoever. Old charger was taking forever to charge the device so I went in to Best Buy and found this comparable charger and it works great! This works well, charges book readers quickly and easily This sub charger gives a quicker charge for our kindles than the other Amazon and apple chargers that we have. Purchased, took home, attached to cable,plugged in. Easy to use. No problems using this charger. Hey--It works. I prefer to get a battery recharge direct from the source instead of from my computer. The cord is convenient. Love it. Best charger I ever bought. Quickly charges my Kindle and my cell phone. It does what it is suppose to. No problems with it... Charged phone well and fast. No complaints as of yet Crazy that you have to buy these separate for some kindle products that should come with one Best kindle charger ever. Took 30 minutes to being my kindle back to life. Exactly what I needed. Didn't want to settle for a generic off brand charger. Thanks to Best Buy I didn't have to. Charges all my items extra fast. Love it when I'm short on time The only problem that I had is that it should have been included with the Kindle Paperwhite. There is no way to charge the Paperwhite unless you buy the charger. The charging port on the Paperwhite is so small that nothing that I already have will work. Kindle does not even provide a USB cable so that you can charge from your computer. The outlet plug is cheep plastic (hollow) and will probably break, no warranty. This unit will charge faster than what came with the Amazon Fire HD-8. It's worth it. I can't stand waiting for charging! Have been using this item and it seems to be working quite well.",0,"Unknown Chargers & Adapters,Computers & Accessories,Tablet & E-Reader Accessories,Amazon Devices & Accessories,Fire Tablet Accessories,Electronics,Power Adapters & Cables,Cell Phones,Amazon Device Accessories,Cell Phone Accessories,Cell Phone Batteries & Power,Tablet Accessories,Featured Brands,Kindle Fire (2nd Generation) Accessories,Kindle Store,Home Improvement,Fire (5th Generation) Accessories,Electrical,Amazon Devices,Home,Tablets & E-Readers,Cables & Chargers",1,"    Chargers & Adapters,Computers & Accessories,Tablet & E-Reader Accessories,Amazon Devices & Accessories,Fire Tablet Accessories,Electronics,Power Adapters & Cables,Cell Phones,Amazon Device Accessories,Cell Phone Accessories,Cell Phone Batteries & Power,Tablet Accessories,Featured Brands,Kindle Fire (2nd Generation) Accessories,Kindle Store,Home Improvement,Fire (5th Generation) Accessories,Electrical,Amazon Devices,Home,Tablets & E-Readers,Cables & Chargers",0,0,Accessories & Power
B00QJDU3KY,"Fire Tablet, 7 Display, Wi-Fi, 8 GB - Includes Special Offers, Black",Amazon,"mazon.co.uk,Amazon Devices","I initially had trouble deciding between the paperwhite and the voyage because reviews more or less said the same thing: the paperwhite is great, but if you have spending money, go for the voyage.Fortunately, I had friends who owned each, so I ended up buying the paperwhite on this basis: both models now have 300 ppi, so the 80 dollar jump turns out pricey the voyage's page press isn't always sensitive, and if you are fine with a specific setting, you don't need auto light adjustment).It's been a week and I am loving my paperwhite, no regrets! The touch screen is receptive and easy to use, and I keep the light at a specific setting regardless of the time of day. (In any case, it's not hard to change the setting either, as you'll only be changing the light level at a certain time of day, not every now and then while reading).Also glad that I went for the international shipping option with Amazon. Extra expense, but delivery was on time, with tracking, and I didnt need to worry about customs, which I may have if I used a third party shipping service. Allow me to preface this with a little history. I am (was) a casual reader who owned a Nook Simple Touch from 2011. I've read the Harry Potter series, Girl with the Dragon Tattoo series, 1984, Brave New World, and a few other key titles. Fair to say my Nook did not get as much use as many others may have gotten from theirs.Fast forward to today. I have had a full week with my new Kindle Paperwhite and I have to admit, I'm in love. Not just with the Kindle, but with reading all over again! Now let me relate this review, love, and reading all back to the Kindle. The investment of 139.00 is in the experience you will receive when you buy a Kindle. You are not simply paying for a screen there is an entire experience included in buying from Amazon.I have been reading The Hunger Games trilogy and shall be moving onto the Divergent series soon after. Here is the thing with the Nook that hindered me for the past 4 years: I was never inspired to pick it up, get it into my hands, and just dive in. There was never that feeling of oh man, reading on this thing is so awesome. However, with my Paperwhite, I now have that feeling! That desire is back and I simply adore my Kindle. If you are considering purchasing one, stop thinking about it simply go for it. After a full week, 3 downloaded books, and a ton of reading, I still have half of my battery left as well.Make yourself happy. Inspire the reader inside of you. I am enjoying it so far. Great for reading. Had the original Fire since 2012. The Fire used to make my eyes hurt if I read too long. Haven't experienced that with the Paperwhite yet. I bought one of the first Paperwhites and have been very pleased with it its been a constant companion and I suppose Ive read, on average, a book every three days for the past however many years on it. I wouldnt give it up youd have to pry it from my cold dead fingers.For sundry logistical reasons, Ive also made good use of Amazons Kindle app on my iPhone. No Paperwhite screen, naturally, and all the cool usability that delivers, but it works well and has its own attractions as a companion to the Kindle.Of course, there are aspects of the Paperwhite which I would like to critique. Ah you knew that was coming somewhere, didnt you.As a member of BookBub, I get a daily list of alerts and book deals in my chosen genres. I take on many of them, however, Ive found that, even with the best will in the world, I cant keep up. Some days it seems that for every book I read, Ive bought two. Theres just so much good stuff out there! The accumulative effect of this is that the number of books actually on my Paperwhite has been creeping ever upward for some time. Its now at about 400.With this in mind, Ive noticed that while page-turning has remained exactly the same, just about every other action on the Kindle has become positively glacial. Not just very slow, but so slow you think its malfunctioning. The general consensus appears to be that its to be expected once one has that many books downloaded onto a Kindle, it will begin to behave in a flakey manner. This drives me mad. Amazon states it can hold thousands of books. I believe them. But I figure I would need a second Paperwhite to read while Im waiting for actions to complete on the first one.Read more I have to say upfront - I don't like coroporate, hermetically closed stuff like anything by Apple or in this case, Amazon. I like having devices on which I can put anything I want and use it. But...I was a fairly happy user of a Nook Touch for several years, but couldn't use all its functionalities since I live in Serbia. Then I lost the Nook and since no other devices can actually be fully used in Serbia (buying books with them, using their online capabilities) except the Kindle, and since no one except Amazon ships to Serbia, and since I've actually been a happy Amazon customer since 2005 over friends' accounts and since 2007 through my own, and since the Kindle definitely has the best technology - why not buy itSo I did. What I read in many reviews about the screen/light of the Paperwhite and similar devices was no problem with mine. The light disperses just fine, except a few black blotches (maybe you can see it in the picture) at the bottom of the screen, which are actually shadows of the black plastic casing and thus can't really be avoided. As you can see in the picture without the light - there are no blotches with light out.The Paperwhite's screen is just marvelous at 300 ppi, the touchscreen works just fine, the store works here in Serbia, and in these two days I've been using it, I'm a happy guy.I had to get the hang on how to make sideloaded books behave at least almost like Amazon books, but that's fine. That's the one thing I'd like to see Amazon do in some future upgrades: make the Kindle treat sideloaded books just like the ones bought from them directly, with sharing funcion (quotes and Goodreads) enabled and so on.The size is perfect, it sits very well in the hand, the light doesn't hurt the eyes in the dark (like the light on a tab does)... the packaging was fine, no problems there and what remains to be seen now is the battery life.So far, I can only recommend it. Had older model, that you could text to speech, this one hasn't. Liked the smaller size, but having to buy a different cover! Still getting used to shelf quite different from my 4 year old model.Paper white is nice reading. This is a review of the Kindle Paperwhite launched July 2015. Essentially. the same as the previous Kindle Paperwhite but with a fantastic upgraded (300 dpi) screen, more memory and storage it's a terrific reading device. This review aims to describe both this product, and compare it with the other Kindle devices available to help you choose the best one for you.Before I start, Ive noticed several complains about Kindle not supporting the ePub format used by Canadian public libraries. Dont be put off, theres a solution in the Frequently Asked Questions section below.This review is broken up into sections so you can skip the less interesting bits. If youre in a hurry Ive included a summary at the start, and a Frequently Asked Questions section at the end.Summary - What can you do with it-----------------------------------------* Read a book. It can store 1,000s of books - take an entire library away with you on holiday.* Buy a book. You can browse the Amazon kindle store, and buy books over a WIFI connection* Borrow a book. Using the Kindle Owners Library you can borrow one of 60,000 books (if you have Amazon Prime Membership)* Share your books. Using Amazon Family Library to link two Amazon accounts and four children and share your books with the entire family* Highlight a section. Using the touch screen, you can highlight a particulary interesting few lines. If several people highlight the same section, that's also indicated.* Record a bookmark. To come back to it later* Read a book on your Kindle, continue on your smartphone or tablet computer, and it will jump to your last known position* Look up a word, and record them in the vocabulary builder* Track a characters appearance throughout a book using the X Ray feature.* Read for weeks without needing to recharge - typically 4-6 weeks* Share you books (Multiple Kindles on the same account, or family sharing)* Access every book you've ever owned on the cloud - available for download within seconds over WIFI or 3G..What Devices are available--------------------------------As of July 2015, Amazon have the following Kindle devices on sale:-1. Kindle 6 (around CDN 79)2. Kindle Paperwhite 6th Generation (212 dpi - launched October 2013) - around CDN 1292. New Kindle Paperwhite 7th Gen (300 dpi - launched July 2015) - around CDN 139-2093. Kindle Voyger - around US 219-289 (Doesnt seem to be on sale in Amazon Canada)4. Kindle Fire - 6 or 7 colour tablet computers at around CDN 300-400So you're faced with a few devices, plus additional options. Which to buy Here's a quick summary in order of cost.*** The entry level Kindle ***An entry level black and white (e-ink) book reader, it has a 6 inch touch screen with enough storage to hold thousands of books, and a battery which should last around 4 weeks.A terrific device to read books, and a worthy contender. For the technically minded, it has a 1Ghz processor and 4Gb of memory with an E-ink display. Essentially this means it's (a) Black and White (b) Fantastic to read even in bright sunlight (c) Requires very little power - hence the battery lasts for weeks instead of hours.*** New Kindle Paperwhite ***Launched in 2015, this is really an upgrade adding a super-sharp display with 300 pixels per inch - the same as the top of the range Voyage. The high resolution screen does provide a crisp text which is pleasing to the eye, but battery life is reduced from 8 weeks of the original Paperwhite to 6 weeks - but still a very long time.Compared to the existing (2013) Paperwhite it also includes double the memory which means its faster and slicker than before, and a new Bookerly font plus better presentation of fonts on screen.If you have an existing Paperwhite its probably not worth upgrading. However, if you own a prior device, youll notice the huge leap in screen quality, contrast and performance.*** The Voyage ***Far more expensive that Paperwhite, this is thinner and 26g lighter. It has more of a quality feel with the screen flush with the e-reader body which makes it look more like a tablet, and keeps dirt from getting caught in the edges. The back has a soft touch plastic finish which feels lovely in the hand, and it has new Page Press buttons on the side to turn the pages. When the buttons are pressed theres a gentle vibration for feedback (nice touch). It has 4Gb of storage (same as the Paperwhite), and a similar battery which should last around 6 weeks on a single charge.Although it has the same sharp (300 dpi) screen as the Paperwhite, the backlight includes an ambient light sensor so it automatically adjusts to different lighting conditions. This means if you read it the dark it will automatically adjust the brightness so it doesnt look too bright. In addition, youll find when you switch off the room light your eyes naturally become accustomed to the darkness. To compensate, the Voyage automatically softens the light slightly. A lovely example of attention to detail in this premium device.*** Kindle Fire Tablet Computer ***The Kindle Fire range is a very different beast to the rest of the Kindle range. Similar to the Apple iPad mini, it has a high resolution screen, a fast processor and lots of memory with a colour screen and a much shorter battery life - hours rather than weeks. Although you can read books on a Fire using the Amazon Kindle App, youll find the Kindle with its sharp black and white screen far more like reading a physical book. Youll find it produces less eye strain, and whereas a tablet computer is better suited to surfing the web, watching videos and reading eMails, the Kindle is a dedicated book reader device.Unlike a Kindle, the Fire produces light at the blue end of the spectrum which means it may make it harder for you to sleep. The Paperwhite and Voyage also ave the advantage of a soft white back-light which is far more suited to reading in bed, and it wont for example, wake your partner if reading in the dark.Finally, unlike the rest of the Kindle range, the Fire is almost useless in bright sunlight so while its fine for everyday use, its less useful on holiday. The Kindle range of devices are perfect to take away on holiday as they can carry thousands of books, and are a pleasure to read even in bright sunlight.What other options do I have----------------------------------Having decided upon the model (Kindle, Paperwhite, Voyage or Fire), the next decision is around:-* Special Offers - ie. adverts* 3G or WIFI connectionPersonally I have no issue with adverts on a Kindle. They only appear on screen when the screen saver is on, and are not at all distracting.The 3G option is a more difficult question. This effectively means you can use your kindle to buy or download books over-the-air instead of at home or near a WIFI hotspot. Personally I went for the WIFI model as the saving is considerable, but its a personal choice. Of course if you wont have WIFI at home, then youll need the 3G option.One point worth mentioning however, is if you have a modern smartphone, you can always create a Personal Hotspot or local WIFI signal that your Kindle (or indeed any other WIFI device) can connect to. Got to Settings Personal Hotspot on your mobile to set one up, and you can connect your WIFI only Kindle while youre out and about.Conclusion-------------If you love books but your on a budget, the original Kindle with WIFI and special offers is a great option. Youll still be able to carry thousands of book around with you, but youll lose out on the soft white back-light and super crisp display of the Papwerwhite.The Kindle Paperwhite is your next best option and is a terrific device for reading with a superb 300 dpi super-sharp screen. Finally, theres the top of the range Voyage with the page press buttons and ambient light sensor which automatically adjusts the brightness.If youre in the market for a Tablet Computer then the Kindle Fire range is worth considering, but youll get a better book reading experience on the Kindle. Myself I have both a Paperwhite and an iPad Air 2. I was skeptical at first, but the Kindle is a perfect device for reading with one hand (on the train), and the back-light and long battery life a huge bonus.Frequently Asked Questions---------------------------------Q: What file format will a Kindle readA: Kindle Format 8 (AZW3), Kindle (AZW), TXT, PDF, unprotected MOBI, PRC natively in addition to HTML, DOC, DOCX, JPEG, GIF, PNG, BMP through conversionQ: What It doesnt support EPUB formatA: No - but you can convert your EPUB books using a freely available program called Calibre. Simple search for You Tube um0teoAR6zw and youll see a video explaining how to do this. Simples.Q: If I lose my Kindle, do I lose my books as wellA: No. All books are available on your Amazon account to download on a new device.Q: Can I save my place in the bookA: Yes. It will automatically save your place, and if you resume on other device it will prompt you to jump to that position.Q: I often need reading glasses - can I adjust the font sizeA: Yes. Theres a range of fonts, and sizes to suit all tastesQ: Can I share books with my partner or childrenA: Yes. You can now share your books using Amazon Family Library to link two Amazon accounts and four children and share your books with the entire familyQ. Can I use a Kindle to read in bedA. Yes. But only on the Paperwhite and Voyage models. Its a pleasure to read in the dark with a soft white light. For the base Kindle model youll need the light onQ. Are there any free books availableA. Yes! Over 40,000 classic titles are available for free (out of copyright), and they can be legally downloaded. If you have a Amazon Prime membership you can also borrow a book from the Kindle Owners Library which includes around 60,000 books.Q: How long does the battery lastA: Depending upon model, you should get between 4 and 6 weeks between charges on around 30 minutes of reading per day. Ive certainly found Ive gone for weeks without charging the deviceQ: How long does it take to chargeA: From absolutely flat, around 4 hoursQ: How many books will the Kindle holdA: Literally thousands. You can also download every book youve ever owned from your Amazon account - so the list is quite literally unlimited.Q: Do I need anything elseA: Youll need a smartphone charger or laptop with a USB socket as the Kindle range doesnt come with a charger (but the Fire does). Amazon also offer an additional charger to buy if you need it. Some people also buy a cover, but I think this is not really needed. It adds to the weight, and is not really needed. It will protect your Kindle from a drop however, and protect the screen if its left knocking around in a bag. I love my kindle! I got one for my fiance on his birthday, he loved it!!!!!!! so I decided to get one for myself as well and I am glad I did. It is very easy to read books in it. I LOVE the dictionary on this little device. Normally I just skip a word I don't know the meaning of and try to guess what it means in the context but with kindle, I just press and hold my finger on the word I don't know and translation pops up! so essentially, the meaning of a new word is at your finger tips! )If you love to read books, I highly recommend kindle.However, if you only read Manga or Comic books, if you are a fan of buying how to draw, how to sew books I do not recommend kindle for you. It is not easy to navigate trough pictures and slides.So if you are a fan of reading novels just buy it now!If you are a manga fan, just buy your manga books from bookstores. Vraiment bon petit appareil , lger et facile d emploiJ ai hte de m en servir sur les plages cet hiverBelle bibliothque de livres disponiblesBon achat en bref Exactly what it is supposed to be. Works great and I love the built-in light. Perfect reader, and very quick delivery. Trs heureux que les livres soient sur Icloud. Aprs m'tre fait voler, c'est bien de pouvoir retrouver tous mes livres avec toutes les notes que j'avais prises. Only 4 stars because I found it very confusing at first. I had a Kindle before found it very easy to find what I needed to do. The user guide didn't really answer my questions, but I persisted am getting used to it. I really love the backlit screen no buttons to push to change pages. At first I wasn't sure about the smaller screen, but didn't take long to get over that. I'm sure I'm just a creature of habit not very techy. All in all, the Kindle Paperwhite is great. Almost like reading a real book. Don't is crisp, sharp and easy to read. I've held out from buying a reader for years because I could never quite get past the fact it wasn't a book. With this new kindle I don't even notice, I am immediately immersed. Wildly better than I expected. I already had an original Kindle Paperwhite and loved it. Buying this in addition seemed like a bit of an indulgence but I am so pleased I made this move. I love the new font and the clarity of the screen. I love that the Kindle comes to life when I open the cover (I bought a new cover with the magnetic clasp). While there is nothing dramatic about the evolving of the Kindle there are enough changes and improvements for me to feel I have made a great purchase which I am happy with. I also have a bunch of books from my Amazon.co.uk site which I access on my 'old' Kindle (I couldn't work out how, if at all, I can move books from one Amazon jurisdiction to another) so this has proved a good purchase all round. Received my new kindle in perfect condition and I am very happy it is faster and a clearer it has a. bigger had drive at a good price and a fast delivery that you can count on you can not go wrongThank you","Fire Tablet, 7 Display, Wi-Fi, 8 GB - Includes Special Offers, Black Amazon mazon.co.uk,Amazon Devices I initially had trouble deciding between the paperwhite and the voyage because reviews more or less said the same thing: the paperwhite is great, but if you have spending money, go for the voyage.Fortunately, I had friends who owned each, so I ended up buying the paperwhite on this basis: both models now have 300 ppi, so the 80 dollar jump turns out pricey the voyage's page press isn't always sensitive, and if you are fine with a specific setting, you don't need auto light adjustment).It's been a week and I am loving my paperwhite, no regrets! The touch screen is receptive and easy to use, and I keep the light at a specific setting regardless of the time of day. (In any case, it's not hard to change the setting either, as you'll only be changing the light level at a certain time of day, not every now and then while reading).Also glad that I went for the international shipping option with Amazon. Extra expense, but delivery was on time, with tracking, and I didnt need to worry about customs, which I may have if I used a third party shipping service. Allow me to preface this with a little history. I am (was) a casual reader who owned a Nook Simple Touch from 2011. I've read the Harry Potter series, Girl with the Dragon Tattoo series, 1984, Brave New World, and a few other key titles. Fair to say my Nook did not get as much use as many others may have gotten from theirs.Fast forward to today. I have had a full week with my new Kindle Paperwhite and I have to admit, I'm in love. Not just with the Kindle, but with reading all over again! Now let me relate this review, love, and reading all back to the Kindle. The investment of 139.00 is in the experience you will receive when you buy a Kindle. You are not simply paying for a screen there is an entire experience included in buying from Amazon.I have been reading The Hunger Games trilogy and shall be moving onto the Divergent series soon after. Here is the thing with the Nook that hindered me for the past 4 years: I was never inspired to pick it up, get it into my hands, and just dive in. There was never that feeling of oh man, reading on this thing is so awesome. However, with my Paperwhite, I now have that feeling! That desire is back and I simply adore my Kindle. If you are considering purchasing one, stop thinking about it simply go for it. After a full week, 3 downloaded books, and a ton of reading, I still have half of my battery left as well.Make yourself happy. Inspire the reader inside of you. I am enjoying it so far. Great for reading. Had the original Fire since 2012. The Fire used to make my eyes hurt if I read too long. Haven't experienced that with the Paperwhite yet. I bought one of the first Paperwhites and have been very pleased with it its been a constant companion and I suppose Ive read, on average, a book every three days for the past however many years on it. I wouldnt give it up youd have to pry it from my cold dead fingers.For sundry logistical reasons, Ive also made good use of Amazons Kindle app on my iPhone. No Paperwhite screen, naturally, and all the cool usability that delivers, but it works well and has its own attractions as a companion to the Kindle.Of course, there are aspects of the Paperwhite which I would like to critique. Ah you knew that was coming somewhere, didnt you.As a member of BookBub, I get a daily list of alerts and book deals in my chosen genres. I take on many of them, however, Ive found that, even with the best will in the world, I cant keep up. Some days it seems that for every book I read, Ive bought two. Theres just so much good stuff out there! The accumulative effect of this is that the number of books actually on my Paperwhite has been creeping ever upward for some time. Its now at about 400.With this in mind, Ive noticed that while page-turning has remained exactly the same, just about every other action on the Kindle has become positively glacial. Not just very slow, but so slow you think its malfunctioning. The general consensus appears to be that its to be expected once one has that many books downloaded onto a Kindle, it will begin to behave in a flakey manner. This drives me mad. Amazon states it can hold thousands of books. I believe them. But I figure I would need a second Paperwhite to read while Im waiting for actions to complete on the first one.Read more I have to say upfront - I don't like coroporate, hermetically closed stuff like anything by Apple or in this case, Amazon. I like having devices on which I can put anything I want and use it. But...I was a fairly happy user of a Nook Touch for several years, but couldn't use all its functionalities since I live in Serbia. Then I lost the Nook and since no other devices can actually be fully used in Serbia (buying books with them, using their online capabilities) except the Kindle, and since no one except Amazon ships to Serbia, and since I've actually been a happy Amazon customer since 2005 over friends' accounts and since 2007 through my own, and since the Kindle definitely has the best technology - why not buy itSo I did. What I read in many reviews about the screen/light of the Paperwhite and similar devices was no problem with mine. The light disperses just fine, except a few black blotches (maybe you can see it in the picture) at the bottom of the screen, which are actually shadows of the black plastic casing and thus can't really be avoided. As you can see in the picture without the light - there are no blotches with light out.The Paperwhite's screen is just marvelous at 300 ppi, the touchscreen works just fine, the store works here in Serbia, and in these two days I've been using it, I'm a happy guy.I had to get the hang on how to make sideloaded books behave at least almost like Amazon books, but that's fine. That's the one thing I'd like to see Amazon do in some future upgrades: make the Kindle treat sideloaded books just like the ones bought from them directly, with sharing funcion (quotes and Goodreads) enabled and so on.The size is perfect, it sits very well in the hand, the light doesn't hurt the eyes in the dark (like the light on a tab does)... the packaging was fine, no problems there and what remains to be seen now is the battery life.So far, I can only recommend it. Had older model, that you could text to speech, this one hasn't. Liked the smaller size, but having to buy a different cover! Still getting used to shelf quite different from my 4 year old model.Paper white is nice reading. This is a review of the Kindle Paperwhite launched July 2015. Essentially. the same as the previous Kindle Paperwhite but with a fantastic upgraded (300 dpi) screen, more memory and storage it's a terrific reading device. This review aims to describe both this product, and compare it with the other Kindle devices available to help you choose the best one for you.Before I start, Ive noticed several complains about Kindle not supporting the ePub format used by Canadian public libraries. Dont be put off, theres a solution in the Frequently Asked Questions section below.This review is broken up into sections so you can skip the less interesting bits. If youre in a hurry Ive included a summary at the start, and a Frequently Asked Questions section at the end.Summary - What can you do with it-----------------------------------------* Read a book. It can store 1,000s of books - take an entire library away with you on holiday.* Buy a book. You can browse the Amazon kindle store, and buy books over a WIFI connection* Borrow a book. Using the Kindle Owners Library you can borrow one of 60,000 books (if you have Amazon Prime Membership)* Share your books. Using Amazon Family Library to link two Amazon accounts and four children and share your books with the entire family* Highlight a section. Using the touch screen, you can highlight a particulary interesting few lines. If several people highlight the same section, that's also indicated.* Record a bookmark. To come back to it later* Read a book on your Kindle, continue on your smartphone or tablet computer, and it will jump to your last known position* Look up a word, and record them in the vocabulary builder* Track a characters appearance throughout a book using the X Ray feature.* Read for weeks without needing to recharge - typically 4-6 weeks* Share you books (Multiple Kindles on the same account, or family sharing)* Access every book you've ever owned on the cloud - available for download within seconds over WIFI or 3G..What Devices are available--------------------------------As of July 2015, Amazon have the following Kindle devices on sale:-1. Kindle 6 (around CDN 79)2. Kindle Paperwhite 6th Generation (212 dpi - launched October 2013) - around CDN 1292. New Kindle Paperwhite 7th Gen (300 dpi - launched July 2015) - around CDN 139-2093. Kindle Voyger - around US 219-289 (Doesnt seem to be on sale in Amazon Canada)4. Kindle Fire - 6 or 7 colour tablet computers at around CDN 300-400So you're faced with a few devices, plus additional options. Which to buy Here's a quick summary in order of cost.*** The entry level Kindle ***An entry level black and white (e-ink) book reader, it has a 6 inch touch screen with enough storage to hold thousands of books, and a battery which should last around 4 weeks.A terrific device to read books, and a worthy contender. For the technically minded, it has a 1Ghz processor and 4Gb of memory with an E-ink display. Essentially this means it's (a) Black and White (b) Fantastic to read even in bright sunlight (c) Requires very little power - hence the battery lasts for weeks instead of hours.*** New Kindle Paperwhite ***Launched in 2015, this is really an upgrade adding a super-sharp display with 300 pixels per inch - the same as the top of the range Voyage. The high resolution screen does provide a crisp text which is pleasing to the eye, but battery life is reduced from 8 weeks of the original Paperwhite to 6 weeks - but still a very long time.Compared to the existing (2013) Paperwhite it also includes double the memory which means its faster and slicker than before, and a new Bookerly font plus better presentation of fonts on screen.If you have an existing Paperwhite its probably not worth upgrading. However, if you own a prior device, youll notice the huge leap in screen quality, contrast and performance.*** The Voyage ***Far more expensive that Paperwhite, this is thinner and 26g lighter. It has more of a quality feel with the screen flush with the e-reader body which makes it look more like a tablet, and keeps dirt from getting caught in the edges. The back has a soft touch plastic finish which feels lovely in the hand, and it has new Page Press buttons on the side to turn the pages. When the buttons are pressed theres a gentle vibration for feedback (nice touch). It has 4Gb of storage (same as the Paperwhite), and a similar battery which should last around 6 weeks on a single charge.Although it has the same sharp (300 dpi) screen as the Paperwhite, the backlight includes an ambient light sensor so it automatically adjusts to different lighting conditions. This means if you read it the dark it will automatically adjust the brightness so it doesnt look too bright. In addition, youll find when you switch off the room light your eyes naturally become accustomed to the darkness. To compensate, the Voyage automatically softens the light slightly. A lovely example of attention to detail in this premium device.*** Kindle Fire Tablet Computer ***The Kindle Fire range is a very different beast to the rest of the Kindle range. Similar to the Apple iPad mini, it has a high resolution screen, a fast processor and lots of memory with a colour screen and a much shorter battery life - hours rather than weeks. Although you can read books on a Fire using the Amazon Kindle App, youll find the Kindle with its sharp black and white screen far more like reading a physical book. Youll find it produces less eye strain, and whereas a tablet computer is better suited to surfing the web, watching videos and reading eMails, the Kindle is a dedicated book reader device.Unlike a Kindle, the Fire produces light at the blue end of the spectrum which means it may make it harder for you to sleep. The Paperwhite and Voyage also ave the advantage of a soft white back-light which is far more suited to reading in bed, and it wont for example, wake your partner if reading in the dark.Finally, unlike the rest of the Kindle range, the Fire is almost useless in bright sunlight so while its fine for everyday use, its less useful on holiday. The Kindle range of devices are perfect to take away on holiday as they can carry thousands of books, and are a pleasure to read even in bright sunlight.What other options do I have----------------------------------Having decided upon the model (Kindle, Paperwhite, Voyage or Fire), the next decision is around:-* Special Offers - ie. adverts* 3G or WIFI connectionPersonally I have no issue with adverts on a Kindle. They only appear on screen when the screen saver is on, and are not at all distracting.The 3G option is a more difficult question. This effectively means you can use your kindle to buy or download books over-the-air instead of at home or near a WIFI hotspot. Personally I went for the WIFI model as the saving is considerable, but its a personal choice. Of course if you wont have WIFI at home, then youll need the 3G option.One point worth mentioning however, is if you have a modern smartphone, you can always create a Personal Hotspot or local WIFI signal that your Kindle (or indeed any other WIFI device) can connect to. Got to Settings Personal Hotspot on your mobile to set one up, and you can connect your WIFI only Kindle while youre out and about.Conclusion-------------If you love books but your on a budget, the original Kindle with WIFI and special offers is a great option. Youll still be able to carry thousands of book around with you, but youll lose out on the soft white back-light and super crisp display of the Papwerwhite.The Kindle Paperwhite is your next best option and is a terrific device for reading with a superb 300 dpi super-sharp screen. Finally, theres the top of the range Voyage with the page press buttons and ambient light sensor which automatically adjusts the brightness.If youre in the market for a Tablet Computer then the Kindle Fire range is worth considering, but youll get a better book reading experience on the Kindle. Myself I have both a Paperwhite and an iPad Air 2. I was skeptical at first, but the Kindle is a perfect device for reading with one hand (on the train), and the back-light and long battery life a huge bonus.Frequently Asked Questions---------------------------------Q: What file format will a Kindle readA: Kindle Format 8 (AZW3), Kindle (AZW), TXT, PDF, unprotected MOBI, PRC natively in addition to HTML, DOC, DOCX, JPEG, GIF, PNG, BMP through conversionQ: What It doesnt support EPUB formatA: No - but you can convert your EPUB books using a freely available program called Calibre. Simple search for You Tube um0teoAR6zw and youll see a video explaining how to do this. Simples.Q: If I lose my Kindle, do I lose my books as wellA: No. All books are available on your Amazon account to download on a new device.Q: Can I save my place in the bookA: Yes. It will automatically save your place, and if you resume on other device it will prompt you to jump to that position.Q: I often need reading glasses - can I adjust the font sizeA: Yes. Theres a range of fonts, and sizes to suit all tastesQ: Can I share books with my partner or childrenA: Yes. You can now share your books using Amazon Family Library to link two Amazon accounts and four children and share your books with the entire familyQ. Can I use a Kindle to read in bedA. Yes. But only on the Paperwhite and Voyage models. Its a pleasure to read in the dark with a soft white light. For the base Kindle model youll need the light onQ. Are there any free books availableA. Yes! Over 40,000 classic titles are available for free (out of copyright), and they can be legally downloaded. If you have a Amazon Prime membership you can also borrow a book from the Kindle Owners Library which includes around 60,000 books.Q: How long does the battery lastA: Depending upon model, you should get between 4 and 6 weeks between charges on around 30 minutes of reading per day. Ive certainly found Ive gone for weeks without charging the deviceQ: How long does it take to chargeA: From absolutely flat, around 4 hoursQ: How many books will the Kindle holdA: Literally thousands. You can also download every book youve ever owned from your Amazon account - so the list is quite literally unlimited.Q: Do I need anything elseA: Youll need a smartphone charger or laptop with a USB socket as the Kindle range doesnt come with a charger (but the Fire does). Amazon also offer an additional charger to buy if you need it. Some people also buy a cover, but I think this is not really needed. It adds to the weight, and is not really needed. It will protect your Kindle from a drop however, and protect the screen if its left knocking around in a bag. I love my kindle! I got one for my fiance on his birthday, he loved it!!!!!!! so I decided to get one for myself as well and I am glad I did. It is very easy to read books in it. I LOVE the dictionary on this little device. Normally I just skip a word I don't know the meaning of and try to guess what it means in the context but with kindle, I just press and hold my finger on the word I don't know and translation pops up! so essentially, the meaning of a new word is at your finger tips! )If you love to read books, I highly recommend kindle.However, if you only read Manga or Comic books, if you are a fan of buying how to draw, how to sew books I do not recommend kindle for you. It is not easy to navigate trough pictures and slides.So if you are a fan of reading novels just buy it now!If you are a manga fan, just buy your manga books from bookstores. Vraiment bon petit appareil , lger et facile d emploiJ ai hte de m en servir sur les plages cet hiverBelle bibliothque de livres disponiblesBon achat en bref Exactly what it is supposed to be. Works great and I love the built-in light. Perfect reader, and very quick delivery. Trs heureux que les livres soient sur Icloud. Aprs m'tre fait voler, c'est bien de pouvoir retrouver tous mes livres avec toutes les notes que j'avais prises. Only 4 stars because I found it very confusing at first. I had a Kindle before found it very easy to find what I needed to do. The user guide didn't really answer my questions, but I persisted am getting used to it. I really love the backlit screen no buttons to push to change pages. At first I wasn't sure about the smaller screen, but didn't take long to get over that. I'm sure I'm just a creature of habit not very techy. All in all, the Kindle Paperwhite is great. Almost like reading a real book. Don't is crisp, sharp and easy to read. I've held out from buying a reader for years because I could never quite get past the fact it wasn't a book. With this new kindle I don't even notice, I am immediately immersed. Wildly better than I expected. I already had an original Kindle Paperwhite and loved it. Buying this in addition seemed like a bit of an indulgence but I am so pleased I made this move. I love the new font and the clarity of the screen. I love that the Kindle comes to life when I open the cover (I bought a new cover with the magnetic clasp). While there is nothing dramatic about the evolving of the Kindle there are enough changes and improvements for me to feel I have made a great purchase which I am happy with. I also have a bunch of books from my Amazon.co.uk site which I access on my 'old' Kindle (I couldn't work out how, if at all, I can move books from one Amazon jurisdiction to another) so this has proved a good purchase all round. Received my new kindle in perfect condition and I am very happy it is faster and a clearer it has a. bigger had drive at a good price and a fast delivery that you can count on you can not go wrongThank you",3,"Fire Tablet, 7 Display, Wi-Fi, 8 GB - Includes Special Offers, Black mazon.co.uk,Amazon Devices",0,"Fire Tablet, 7 Display, Wi-Fi, 8 GB - Includes Special Offers, Black Fire Tablet, 7 Display, Wi-Fi, 8 GB - Includes Special Offers, Black Fire Tablet, 7 Display, Wi-Fi, 8 GB - Includes Special Offers, Black Fire Tablet, 7 Display, Wi-Fi, 8 GB - Includes Special Offers, Black mazon.co.uk,Amazon Devices",1,1,Fire Tablets - Standard
B00QL1ZN3G,Unknown,Amazon,"Electronics,eBook Readers & Accessories,Power Adapters,Computers/Tablets & Networking,Tablet & eBook Reader Accs,Chargers & Sync Cables,Power Adapters & Cables,Kindle Store,Amazon Device Accessories,Kindle Fire (2nd Generation) Accessories,Fire Tablet Accessories","Arrived quickly and works perfectly. Very happy with my purchase. As promised, thank you very much! 1of fav chargers These days, Amazon doesn't supply a charger when you purchase a new Kindle. That makes sense because most Kindle purchasers probably have older Kindle models already, or other USB powered devices or phones or tablets, many of which will have included chargers. As a result most people will already have a sufficient supply of chargers sitting around.But for someone who wants or needs a new charger when they order a new Kindle, Amazon presents you with the option to buy one at the time of your Kindle purchase.So I was surprised when I noticed this new charger model now being offered as an option for new Kindles. My first thought was that Amazon had updated their previous charger models to bring them up-to-date and make them competitive with the great variety of third party chargers now available (see links below for these earlier models).As soon as I looked at the specs for this charger though, I was disappointed. Unfortunately, even though this is Amazon's latest basic charger offering, it is not in my opinion the best choice for someone who needs a USB charger, for a Kindle or for anything else for that matter. And that's something I wouldn't usually find myself saying, because usually Amazon's accessories are reasonably priced and competitive.This is certainly a capable and functional charger, and it will work perfectly fine with any Kindle device and charge it acceptably well. But here are the reasons why I feel this is not the best choice:- It will supply only 1 A output, maximum. That's sufficient for a Kindle e-reader but not sufficient for many other devices. Any of the Fire devices, for example, will benefit from a higher output charger in order to reduce charging time.Read more Overpriced and should be FREE with Kindle Purchase This is clearly taking advantaged of Kindle customers who lack a technical understanding of what it is. Go to Amazon and search: AC USB Chargers, many listings starting at two for 7.99. If you own a tablet or smartphone, you already have one. If you don't, one of your friends/family will give you one of their three spares. These adapters are ubiquitous.While they're not all exactly the same, they all do the same thing. Worth about 2. I thought I was getting a fast charger for the price I paid for this! It was 20 for this slow charger...the same price amazon charges for the fast charger. This charger should have been included with my Paperwhite...buyer beware this is way overpriced and should be free with the purchase od a kindle!!! 20 for a 5w, 1A wall charger! That deal is right up there with the 30 Hdmi cables best buy wants to sell you.Here is what you do, find an old cell phone charger laying around somewhere that says 5W, 1A(1000mA ) and use it. You can safely use up to 5.25 watts and anything between .5 and 1 amp (500mA-1000mA).If you don't have an extra cell phone charger lying around just buy a well reviewed power adapter with the above specifications that connects to your Kindle (micro USB). They can be found for under 10 locally or through Amazon. I would like to rate this 3 and half stars - while the adapter itself works just fine, I think it is underhanded of Amazon to make you pay extra for it. Maybe I am not technologically up-to-date, but it seems to me that most people charge things at a wall socket not with a computer USB port. I think that I read that charging with USB takes longer as well. Just like an airline charging you for taking your bags on the plane, now Amazon is charging you for things you need to make the Kindle work - pretty soon you'll have to pay for the cord, guides and updates. Not very good customer service :( I dont own this, first off. But 1 amp wont charge anything very quickly, and I only write this review because they advertised it on my Fire. The price is 19.99 as of this advert, and thats way out of line for a 1 amp charger. Works great as I would expect it too. Only complaint, why is this not just part of the kindle purchase instead of a separate line item. Item arrived within estimated delivery date. Package received in good condition. Product performs as advertised in its description.I feel it is a must for kindle owners or any e-reader for that matter. I find myself reading in areas far out of reach of my computer so having an outlet charger becomes a necessity. I would recommend it to any kindle owner. What can one say. It charges my Kindle. A nice update to the original 5W USB Power Adapter. Despite how wonderful the 9W USB Power Adapter is for Kindle Fires, I still actually prefer to use this oldie but goodie due to the way the 9W folds. I actually prefer not to have the pointy bits (lack of a better term) fold away as this causes problems when trying to connect it to something new. I actually prefer this to charging my Kindle Fire faster as the 5W is really for the regular E Ink Kindles like my Kindle Voyager.Now the 9W is fine for traveling and if you leave the charger plugged in. But this new sleek and black and white charger works and turns heads with a white or black cord depending on if you still have those old white cords laying about.","Unknown Amazon Electronics,eBook Readers & Accessories,Power Adapters,Computers/Tablets & Networking,Tablet & eBook Reader Accs,Chargers & Sync Cables,Power Adapters & Cables,Kindle Store,Amazon Device Accessories,Kindle Fire (2nd Generation) Accessories,Fire Tablet Accessories Arrived quickly and works perfectly. Very happy with my purchase. As promised, thank you very much! 1of fav chargers These days, Amazon doesn't supply a charger when you purchase a new Kindle. That makes sense because most Kindle purchasers probably have older Kindle models already, or other USB powered devices or phones or tablets, many of which will have included chargers. As a result most people will already have a sufficient supply of chargers sitting around.But for someone who wants or needs a new charger when they order a new Kindle, Amazon presents you with the option to buy one at the time of your Kindle purchase.So I was surprised when I noticed this new charger model now being offered as an option for new Kindles. My first thought was that Amazon had updated their previous charger models to bring them up-to-date and make them competitive with the great variety of third party chargers now available (see links below for these earlier models).As soon as I looked at the specs for this charger though, I was disappointed. Unfortunately, even though this is Amazon's latest basic charger offering, it is not in my opinion the best choice for someone who needs a USB charger, for a Kindle or for anything else for that matter. And that's something I wouldn't usually find myself saying, because usually Amazon's accessories are reasonably priced and competitive.This is certainly a capable and functional charger, and it will work perfectly fine with any Kindle device and charge it acceptably well. But here are the reasons why I feel this is not the best choice:- It will supply only 1 A output, maximum. That's sufficient for a Kindle e-reader but not sufficient for many other devices. Any of the Fire devices, for example, will benefit from a higher output charger in order to reduce charging time.Read more Overpriced and should be FREE with Kindle Purchase This is clearly taking advantaged of Kindle customers who lack a technical understanding of what it is. Go to Amazon and search: AC USB Chargers, many listings starting at two for 7.99. If you own a tablet or smartphone, you already have one. If you don't, one of your friends/family will give you one of their three spares. These adapters are ubiquitous.While they're not all exactly the same, they all do the same thing. Worth about 2. I thought I was getting a fast charger for the price I paid for this! It was 20 for this slow charger...the same price amazon charges for the fast charger. This charger should have been included with my Paperwhite...buyer beware this is way overpriced and should be free with the purchase od a kindle!!! 20 for a 5w, 1A wall charger! That deal is right up there with the 30 Hdmi cables best buy wants to sell you.Here is what you do, find an old cell phone charger laying around somewhere that says 5W, 1A(1000mA ) and use it. You can safely use up to 5.25 watts and anything between .5 and 1 amp (500mA-1000mA).If you don't have an extra cell phone charger lying around just buy a well reviewed power adapter with the above specifications that connects to your Kindle (micro USB). They can be found for under 10 locally or through Amazon. I would like to rate this 3 and half stars - while the adapter itself works just fine, I think it is underhanded of Amazon to make you pay extra for it. Maybe I am not technologically up-to-date, but it seems to me that most people charge things at a wall socket not with a computer USB port. I think that I read that charging with USB takes longer as well. Just like an airline charging you for taking your bags on the plane, now Amazon is charging you for things you need to make the Kindle work - pretty soon you'll have to pay for the cord, guides and updates. Not very good customer service :( I dont own this, first off. But 1 amp wont charge anything very quickly, and I only write this review because they advertised it on my Fire. The price is 19.99 as of this advert, and thats way out of line for a 1 amp charger. Works great as I would expect it too. Only complaint, why is this not just part of the kindle purchase instead of a separate line item. Item arrived within estimated delivery date. Package received in good condition. Product performs as advertised in its description.I feel it is a must for kindle owners or any e-reader for that matter. I find myself reading in areas far out of reach of my computer so having an outlet charger becomes a necessity. I would recommend it to any kindle owner. What can one say. It charges my Kindle. A nice update to the original 5W USB Power Adapter. Despite how wonderful the 9W USB Power Adapter is for Kindle Fires, I still actually prefer to use this oldie but goodie due to the way the 9W folds. I actually prefer not to have the pointy bits (lack of a better term) fold away as this causes problems when trying to connect it to something new. I actually prefer this to charging my Kindle Fire faster as the 5W is really for the regular E Ink Kindles like my Kindle Voyager.Now the 9W is fine for traveling and if you leave the charger plugged in. But this new sleek and black and white charger works and turns heads with a white or black cord depending on if you still have those old white cords laying about.",0,"Unknown Electronics,eBook Readers & Accessories,Power Adapters,Computers/Tablets & Networking,Tablet & eBook Reader Accs,Chargers & Sync Cables,Power Adapters & Cables,Kindle Store,Amazon Device Accessories,Kindle Fire (2nd Generation) Accessories,Fire Tablet Accessories",1,"    Electronics,eBook Readers & Accessories,Power Adapters,Computers/Tablets & Networking,Tablet & eBook Reader Accs,Chargers & Sync Cables,Power Adapters & Cables,Kindle Store,Amazon Device Accessories,Kindle Fire (2nd Generation) Accessories,Fire Tablet Accessories",0,0,Accessories & Power
B00REQKWGA,"Brand New Amazon Kindle Fire 16gb 7 Ips Display Tablet Wifi 16 Gb Blue,,,",Amazon,"Kindle E-readers,Electronics Features,Computers & Tablets,E-Readers & Accessories,E-Readers,eBook Readers","This was a gift for my friend. My friend likes it, I wouldn't buy something like this for this much money. The screen is small. Was a gift to replace older one and she really likes this one. Light and the battery last much longer. I bought the Kindle Oasis for my wife as a 37th-anniversary gift. She enjoys reading and I thought that being able to adjust the text size would be very nice. She tried it for a few days and didn't care for it. She writes notes in the margins and wasn't happy with the way the Kindle did its notes. For just reading I think it would be a very nice product. I am a Flight Attendant and I love this small sleek book!!!! It is a must have. The only thing I would change is, I would add audio The thick edge makes it easier to read than the voyage and PW. very fast and responsive. I wish the devise was longer then it would feel more like a real book rather than a CD case It fits easily into smallest purse so it's always at hand when waiting in lines while traveling. Lightweight, especially without the case. Shape of back provides easy grip. Accelerometer allows it to be held in either hand. Would like to be able to charge the reader and the case separate, but that's a minor thing.","Brand New Amazon Kindle Fire 16gb 7 Ips Display Tablet Wifi 16 Gb Blue,,, Amazon Kindle E-readers,Electronics Features,Computers & Tablets,E-Readers & Accessories,E-Readers,eBook Readers This was a gift for my friend. My friend likes it, I wouldn't buy something like this for this much money. The screen is small. Was a gift to replace older one and she really likes this one. Light and the battery last much longer. I bought the Kindle Oasis for my wife as a 37th-anniversary gift. She enjoys reading and I thought that being able to adjust the text size would be very nice. She tried it for a few days and didn't care for it. She writes notes in the margins and wasn't happy with the way the Kindle did its notes. For just reading I think it would be a very nice product. I am a Flight Attendant and I love this small sleek book!!!! It is a must have. The only thing I would change is, I would add audio The thick edge makes it easier to read than the voyage and PW. very fast and responsive. I wish the devise was longer then it would feel more like a real book rather than a CD case It fits easily into smallest purse so it's always at hand when waiting in lines while traveling. Lightweight, especially without the case. Shape of back provides easy grip. Accelerometer allows it to be held in either hand. Would like to be able to charge the reader and the case separate, but that's a minor thing.",1,"Brand New Amazon Kindle Fire 16gb 7 Ips Display Tablet Wifi 16 Gb Blue,,, Kindle E-readers,Electronics Features,Computers & Tablets,E-Readers & Accessories,E-Readers,eBook Readers",2,"Brand New Amazon Kindle Fire 16gb 7 Ips Display Tablet Wifi 16 Gb Blue,,, Brand New Amazon Kindle Fire 16gb 7 Ips Display Tablet Wifi 16 Gb Blue,,, Brand New Amazon Kindle Fire 16gb 7 Ips Display Tablet Wifi 16 Gb Blue,,, Brand New Amazon Kindle Fire 16gb 7 Ips Display Tablet Wifi 16 Gb Blue,,, Kindle E-readers,Electronics Features,Computers & Tablets,E-Readers & Accessories,E-Readers,eBook Readers",2,2,Kindle Fire 16GB Tablets
B00TSUGXKE,"Echo (White),,,
Echo (White),,,",Amazon,"Electronics Features,Fire Tablets,Computers & Tablets,Tablets,All Tablets,Computers/Tablets & Networking,Tablets & eBook Readers","I got a great tablet from a great company with excellent customer service.I love buying from best buy and i love the warranties they offer The amazon fire provides an excellent budget tablet. I bought this for my Grandkids and they absolutely love them. The Fire Tablet has an amazing screen great price SIM card slot Excelent product, cheap and great quality... love it gave this to my 4 year old grandson he loves it learned to dl his games and loves to play it Love the tablet, just wish they had included a booklet with it and not just an on line referral. Since this is not my first tablet I was familiar with things, but for a new user, I think a booklet of some sort would be a help I am always happy with the products I purchased, especially the Kindle Fire. The are reasonably priced. I have 3; one is for my granddaughter when she she visits. I used a couple of the brands that are just priced under this product and well...you get what you pay for! This tablet was much easier for my granddaughter to learn on. She can access her camera, pictures, videos, and games, much better than the ""other brand"". Not the quickest tablet out there, but it does the job and you can't beat the price. Great for reading books and magazines or light Internet browsing. Great price, very portable, fun for gaming, does the jub. So far so good. Having an issue with one of them freezing. Might have to use it It's good tab can download different apps without purchase just the bad thing is the charger doesn't work Bought as a gift for dad. He loves it. Easy to use. Great product for a great price. Can't get any better. Great gift for my mother who loves her social media and e-books. This is one of the best tablets in this price range. This is a great tablet for streaming Netflix, Hulu, and Sling TV. It doesnt do so well for exploring the internet as it seems to be slow to load compared to other tablets. The limited memory is more than sufficient to download several movies and shows for long car rides. The battery life is also impressive. Hopefully, this will at least work as an e-reader. Otherwise, Amazon has it locked up so tight one cannot do much else with it. And, even with my fiber optic Wi-Fi it is slower than cold molasses in January in Canada. Well, I needed a Kindle e-reader and for $40 that is ok. Changed the print size to huge - which it is not!!!. Would appreciate the larger print size for reading books This tablet stands head and shoulders above the rest when it comes to proportion of price/quality. Amazon continues to improve upon its quality. I bought this product for my three-year-old son. The operating system is slightly complicated unlike the user-friendly iPad. Fortunately, it serves it's purpose as there are many books, apps, and movies fingertips. The Kindle is better than the older version in the fact that I have used it a lot with game apps for the kids and it was bogged down with memory being used up but I held out on purchasing a new one the scores and in app purchases won't transfer to the new one so I got the new one and it works fast updates apps camera is not so good but all and all 3 stars This item is no good... will only last for 3 months & amazon basically tells you to f*** off Bought two of them first one would not charge after the first day. The second one The screen went blank so I have to return it now only after a couple of days of use. Will not purchase any more of this kind. This is a great product. I'm not sure if the charging port would mess up like a cellphone, but we'll see. I do have an issue with Best Buy. I returned it on Friday because it wouldn't charge anymore. I realized on Sunday, and they could not locate my sd card. They pretty much summed it up like it was my lost. It's a great gadget for children when going on trips, also traveling Bought it for my husband's birthday so he could read books and download music. He loves it and for the price it was well worth it! The speed and build quality are a little bit low, but you get more than what you pay for. I recommend this as a good media consumption device. Very great tablet for a cheap price I love it I will recommend it to others It's a great starter tablet for kids an even adults at a good price. You can also use a memory card. Hello is is good product to have and buy I would trevmoned it It is easy for my senior citizen parent to use! Got for her as a gift. Amazon Fire is doing its job. Kids play games, access internet. Slower onside of streaming charging port fault appeared in tablet after 2 weeks of purchase from BB, I went to BB store for warranty claim, they said to contact Amazon for any issue, Amazon said they didn't recognise my order in their system. Ended without any remedy. Purchased this at a great price to use as an on the go tablet. Works great and is easy to use. Friendly to use . Size was perfect and easy insts. does everything i need read lots of books from local library check out my email and facebook and hooks up nice to my wirelees Who needs a laptop when you can do almost anything with the Kindle Fire? A little complicated in the beginning when opening the apps but once you get the hang of it then it's easy and fast. I would not recommend it as a primary tablet, but its ok for reading and simple games. So easy for parents to keep track of what their children are doing! This Amazon Fire is fine for just reading and minimal research and investigative work. Apart from e-reading, it is slow and unresponsive. Simple and easy to use! Great basic tablet! Perfect for kids! This is a great tablet that is simple. I actually have bought 3 for my children, so far. They are simple to use and just enough storage for the apps they like. So far no issues! I like my tablet very much ,it does all the things I need it for, but the battery charge don' last long enough. My cousin are really happy..nice working, good looking I will start with the disclaimer, I am not an Amazon Prime member. I have a feeling this tablet really roars around within the AP environment. Instead, I purchased it to watch YouTube videos, Netflix and Hulu shows, read a few digital books, and maybe other stuff down the road. Yes, there is an app for Hulu and Netflix and YouTube. But the Netflix app stopped seeing my memory card and a reinstall didn't fix it. This means I can't download videos to the 64 GB card I bought.I figured, I should be able to move files back and forth - but that doesn't work. No way to move the content to the card. So I have 64 GB unusable for Netflix and am stuck loading on the 8GB internal memory. When I take this thing on the road, I will have to rely on wifi to replenish titles along the way.The picture is good, though, bright enough and clear. Sound is just ok and I am disappointed by the top volume through both the speaker and the headphone jack - it barely cuts above the fans from my AC. I plan on adding a Bluetooth speaker at some point, but am guessing I will run into a similar issue - how to get more volume.At $50, I am plenty happy with the device, but it should use Android aps better. I know Amazon wants me on prime, but I should still get the best experience possible. Best new product to own for anyone, even children.people scoff when they see some kid with a device, but I think they are a great teaching tool.Thanks I have bought several of these now, one for me and they make great gifts. There really isn't a comparable tablet in this price range. I don't love Amazon's controlling interface that keeps you from downloading what you would with a regular android. Otherwise it works well for all my uses and for those I have gifted with them. I highly recommend them for the under $100 price range tablets.","Echo (White),,,
Echo (White),,, Amazon Electronics Features,Fire Tablets,Computers & Tablets,Tablets,All Tablets,Computers/Tablets & Networking,Tablets & eBook Readers I got a great tablet from a great company with excellent customer service.I love buying from best buy and i love the warranties they offer The amazon fire provides an excellent budget tablet. I bought this for my Grandkids and they absolutely love them. The Fire Tablet has an amazing screen great price SIM card slot Excelent product, cheap and great quality... love it gave this to my 4 year old grandson he loves it learned to dl his games and loves to play it Love the tablet, just wish they had included a booklet with it and not just an on line referral. Since this is not my first tablet I was familiar with things, but for a new user, I think a booklet of some sort would be a help I am always happy with the products I purchased, especially the Kindle Fire. The are reasonably priced. I have 3; one is for my granddaughter when she she visits. I used a couple of the brands that are just priced under this product and well...you get what you pay for! This tablet was much easier for my granddaughter to learn on. She can access her camera, pictures, videos, and games, much better than the ""other brand"". Not the quickest tablet out there, but it does the job and you can't beat the price. Great for reading books and magazines or light Internet browsing. Great price, very portable, fun for gaming, does the jub. So far so good. Having an issue with one of them freezing. Might have to use it It's good tab can download different apps without purchase just the bad thing is the charger doesn't work Bought as a gift for dad. He loves it. Easy to use. Great product for a great price. Can't get any better. Great gift for my mother who loves her social media and e-books. This is one of the best tablets in this price range. This is a great tablet for streaming Netflix, Hulu, and Sling TV. It doesnt do so well for exploring the internet as it seems to be slow to load compared to other tablets. The limited memory is more than sufficient to download several movies and shows for long car rides. The battery life is also impressive. Hopefully, this will at least work as an e-reader. Otherwise, Amazon has it locked up so tight one cannot do much else with it. And, even with my fiber optic Wi-Fi it is slower than cold molasses in January in Canada. Well, I needed a Kindle e-reader and for $40 that is ok. Changed the print size to huge - which it is not!!!. Would appreciate the larger print size for reading books This tablet stands head and shoulders above the rest when it comes to proportion of price/quality. Amazon continues to improve upon its quality. I bought this product for my three-year-old son. The operating system is slightly complicated unlike the user-friendly iPad. Fortunately, it serves it's purpose as there are many books, apps, and movies fingertips. The Kindle is better than the older version in the fact that I have used it a lot with game apps for the kids and it was bogged down with memory being used up but I held out on purchasing a new one the scores and in app purchases won't transfer to the new one so I got the new one and it works fast updates apps camera is not so good but all and all 3 stars This item is no good... will only last for 3 months & amazon basically tells you to f*** off Bought two of them first one would not charge after the first day. The second one The screen went blank so I have to return it now only after a couple of days of use. Will not purchase any more of this kind. This is a great product. I'm not sure if the charging port would mess up like a cellphone, but we'll see. I do have an issue with Best Buy. I returned it on Friday because it wouldn't charge anymore. I realized on Sunday, and they could not locate my sd card. They pretty much summed it up like it was my lost. It's a great gadget for children when going on trips, also traveling Bought it for my husband's birthday so he could read books and download music. He loves it and for the price it was well worth it! The speed and build quality are a little bit low, but you get more than what you pay for. I recommend this as a good media consumption device. Very great tablet for a cheap price I love it I will recommend it to others It's a great starter tablet for kids an even adults at a good price. You can also use a memory card. Hello is is good product to have and buy I would trevmoned it It is easy for my senior citizen parent to use! Got for her as a gift. Amazon Fire is doing its job. Kids play games, access internet. Slower onside of streaming charging port fault appeared in tablet after 2 weeks of purchase from BB, I went to BB store for warranty claim, they said to contact Amazon for any issue, Amazon said they didn't recognise my order in their system. Ended without any remedy. Purchased this at a great price to use as an on the go tablet. Works great and is easy to use. Friendly to use . Size was perfect and easy insts. does everything i need read lots of books from local library check out my email and facebook and hooks up nice to my wirelees Who needs a laptop when you can do almost anything with the Kindle Fire? A little complicated in the beginning when opening the apps but once you get the hang of it then it's easy and fast. I would not recommend it as a primary tablet, but its ok for reading and simple games. So easy for parents to keep track of what their children are doing! This Amazon Fire is fine for just reading and minimal research and investigative work. Apart from e-reading, it is slow and unresponsive. Simple and easy to use! Great basic tablet! Perfect for kids! This is a great tablet that is simple. I actually have bought 3 for my children, so far. They are simple to use and just enough storage for the apps they like. So far no issues! I like my tablet very much ,it does all the things I need it for, but the battery charge don' last long enough. My cousin are really happy..nice working, good looking I will start with the disclaimer, I am not an Amazon Prime member. I have a feeling this tablet really roars around within the AP environment. Instead, I purchased it to watch YouTube videos, Netflix and Hulu shows, read a few digital books, and maybe other stuff down the road. Yes, there is an app for Hulu and Netflix and YouTube. But the Netflix app stopped seeing my memory card and a reinstall didn't fix it. This means I can't download videos to the 64 GB card I bought.I figured, I should be able to move files back and forth - but that doesn't work. No way to move the content to the card. So I have 64 GB unusable for Netflix and am stuck loading on the 8GB internal memory. When I take this thing on the road, I will have to rely on wifi to replenish titles along the way.The picture is good, though, bright enough and clear. Sound is just ok and I am disappointed by the top volume through both the speaker and the headphone jack - it barely cuts above the fans from my AC. I plan on adding a Bluetooth speaker at some point, but am guessing I will run into a similar issue - how to get more volume.At $50, I am plenty happy with the device, but it should use Android aps better. I know Amazon wants me on prime, but I should still get the best experience possible. Best new product to own for anyone, even children.people scoff when they see some kid with a device, but I think they are a great teaching tool.Thanks I have bought several of these now, one for me and they make great gifts. There really isn't a comparable tablet in this price range. I don't love Amazon's controlling interface that keeps you from downloading what you would with a regular android. Otherwise it works well for all my uses and for those I have gifted with them. I highly recommend them for the under $100 price range tablets.",5,"Echo (White),,,
Echo (White),,, Electronics Features,Fire Tablets,Computers & Tablets,Tablets,All Tablets,Computers/Tablets & Networking,Tablets & eBook Readers",0,"Echo (White),,,
Echo (White),,, Echo (White),,,
Echo (White),,, Echo (White),,,
Echo (White),,, Echo (White),,,
Echo (White),,, Electronics Features,Fire Tablets,Computers & Tablets,Tablets,All Tablets,Computers/Tablets & Networking,Tablets & eBook Readers",3,3,Echo & Smart Home
B00U3FPN4U,Unknown,Amazon Fire Tv,"Back To College,College Electronics,College Tvs & Home Theater,Electronics,Tvs & Home Theater,Streaming Devices,Featured Brands,Amazon Devices,Holiday Shop,Ways To Shop,TV & Home Theater,Streaming Media Players,All Streaming Media Players,TVs Entertainment,Video Games,Kindle Store,Electronics Features,Kids & Family,Fire TV","The Amazon Fire TV works better and faster than the Fire Stick. Every aspect of this is better, watching every show or movie starts up fast and is much clearer. I like the product and would tell others about it. Really like the voice commands, including commands outside the typical, movie/tv expectation (like the weather). Haven't used it as much as i thought i would, but set up (for the things i want to do) is fair.... Got it so I can have everything in one device and it does that flawless. It's very fast and responsive and the voice search is really good Like the voice command option to search for shows I want to watch. Decent, but have to reset monthly, i have to unplug and at times re enter my pass cause this freezes or stops completely. You can add KODI though. i would still but one for living rm though. Great purchase and good investment.Also wonderful viewing Follow the instruction on youtube and you can jailbreak this item to get access to movies still in theaters. Works as described, happy with the purchase.got another one for the room .. Works exactly as I hoped and have had no issues. There is virtually every app you might need available to you. I really get the most of my Amazon Prime Video now. I find it is easy and responsive to use. The main pain is having to change the Input so you have to use three controllers, the media controller, the cable controller and the original TV controller. Fortunately I'm used to that with my Apple TV. It is less fussy than the Apple TV especially when you view Amazon content. Well it naturally would be because the content is automatically there. I don't know why i waited to long to get this product especially since i have amazon prime. Gives me instant access to prime movies and has built in alexa what more can you ask for. Simply great . It's processor is super fast plus plays movies & tv shows so clear! I love it!! Best money I ever spent!! I recently got rid of cable and WiFi at home as it all just became way too expensive. I wanted something that would run off of my hotspot on my phone as I have an unlimited plan. It connects to it as soon as I have it on, there is no lagging, doesn't take long to load any of my streaming services either. It is very easy to navigate through the menu and do everything. Steup was a breeze, I love the voice feature (definitely comes in handy). Fire box was a perfect up grade to my TV entertainment system. The ability to show 4k movies made it perfect. My daughter gets to see her cartoons and I get to see my action movies perfectly. You can use Ethernet and dual band wifi. Its so much in a small box with a low price. ITS PERFECT! Easy connection and very good playing different apps. This device is very easy to set up as long as you know your wifi password, Amazon account information, and a TV with an available HDMI port. FYI...You must have an Amazon account to use this device. I bought this and an AppleTV at the same time. The FireTV is just kinda OK. The interface isn't that intuitive and could use some polish. I had to enter the same username and password for multiple apps over and over (you only have to do it once on the AppleTV)...may not sound like that big of a deal, but it took much longer to setup.In my opinion, the AppleTV is a better product. I had the Fire stick, and the performance was sluggish at best, constant buffering and powering off. I upgraded to the Fire tv and the difference is night and day. I don't know why I waited! no issues thus far and I couldn't be happier. Way better than the Amazon stick. No buffering love it We enjoy this product more than our roku device. It works great. I love everything about this item. I can watch whatever, whenever, particularly on Kodi. Good bye and good riddance to cable! I returned this and purchased the 4th generation Apple TV instead, I liked the Apple features better. If you're not this is best box I ever buy to watch movies and tv shows BYE BYE CABLE TV, KODI ON THE FIRE TV TAKES OVER..YES SIR This fire TV is really awesome for viewing content the Amazon video is really great and has lots of content I'm mostly happy, but like so many electronics, this one has a huge of built in advertising that you just can't get away from. There is no way to identify the aps you want to see first, and it always defaults the first click to an advertised movie for sell. It takes many clicks to get where I want, and the voice only works for purchases from Amazon, everywhere else you have to use the keyboard using clicks. Comes with a bunch of apps to watch TV and to play games as well. Best purchase you will ever make. Intall kodi and go cable free I had a fire stick but I gave it away to a family member. I then went to purchase another one but they only had the fire tv in stock. So I reluctantly brought it but I am so much happier now that I have a tv box. Cable is too expensive. Especially when you can buy this and get more than you ever expected. You can expand the memory at will, you can watch literally anything, and although the remote is awful, there's an iPhone app that allows you to toss that unreliable remote in the trash. Get this thing, thank me later. Works great, easy to use. Affordable, worth the cost. its a good box if you dont mind the amazon restrictions It works well for what I am using it for. To access shows. I bought when this was on sale. Good investment!!! I recently decided to be a cord cutter and not have cable anymore, just internet. I currently have a Samsung 60"" Smart 4K UHD and the Samsung 4K Blu-Ray player and a PC that I use to access all my online content.I decided to try the Amazon Fire TV and discovered that I already have access to just about everything the Amazon Fire TV has through mny TV, Blu-ray player and PC.This is a great device but for me it was just redundant. Works awesome!! I would recommend getting one fast!! This is so much faster than the fire stick. It also provides full support for sling tv and PlayStation vue which Apple TV has not. This has replaced our Apple TV as the primary streamer. This is a great product. But, may not be worth the extra money. You can likely get away with buying the Fire Stick. Amazon Fire TV is a great addition to our household. It offers tons of programs and I love getting my amazon prime movies this way. Easy to install, easy to navigate the menu, and an overall A+ in my book. After receiving another extremely high cable bill, I decided to cut the cord! The Amazon Fire is awesome. We subscribed to Playstation Vue which has an app on the Fire that you can access.We can also access our Amazons and Netflix accounts right from the Fire. Great product, wish I would have done this sooner. Fast, easy, and mobile! Connects through WiFi and directly. Easy to move from one room to another. Easy to use, I'm able to move it to other tvs in the house and bring it with us on vacation Awesome! Really small size and fits perfect without taking a lot of space on the entertainment rack. Love it so far! 4K is awesome and definitely recommended! Make sure you are using the HDMI port specifically for HDCP 2.2 on your TV. Works great! I like it better than cable. My new favorite device to watch movies and tv shows. My kids like the games that are available. I had the firestick but upgraded to the box. Easy to use and with the straight connection to the Internet it is super fast. I have been a user of Roku and Apple TV before and I absolutely love the Fire TV. What prompted me to change from Roku was the availability of Playstation Vue. We are cord cutters and Vue is a better value than Sling TV.The Fire TV works well and has most all the channels we used on our old Roku. The only thing that doesn't work 100% is Vudu or other UltraViolet streaming services. The closest thing is Flixster, but some of the titles don't carry over right away. Most of the movies come through just fine, but the Flixster app on the Fire TV doesn't seem to bring over the TV shows I have purchased. Other than that, it works very well. Of course, if you watch a lot of Prime TV or use Amazon's Instant Video service you will really love the integration here. Would recommend this to a friend. We are enjoying it a lot. The best streaming device of all the ones i have tried. Very fast and reliable fits easy behind tv upload apps and view video in 4000k","Unknown Amazon Fire Tv Back To College,College Electronics,College Tvs & Home Theater,Electronics,Tvs & Home Theater,Streaming Devices,Featured Brands,Amazon Devices,Holiday Shop,Ways To Shop,TV & Home Theater,Streaming Media Players,All Streaming Media Players,TVs Entertainment,Video Games,Kindle Store,Electronics Features,Kids & Family,Fire TV The Amazon Fire TV works better and faster than the Fire Stick. Every aspect of this is better, watching every show or movie starts up fast and is much clearer. I like the product and would tell others about it. Really like the voice commands, including commands outside the typical, movie/tv expectation (like the weather). Haven't used it as much as i thought i would, but set up (for the things i want to do) is fair.... Got it so I can have everything in one device and it does that flawless. It's very fast and responsive and the voice search is really good Like the voice command option to search for shows I want to watch. Decent, but have to reset monthly, i have to unplug and at times re enter my pass cause this freezes or stops completely. You can add KODI though. i would still but one for living rm though. Great purchase and good investment.Also wonderful viewing Follow the instruction on youtube and you can jailbreak this item to get access to movies still in theaters. Works as described, happy with the purchase.got another one for the room .. Works exactly as I hoped and have had no issues. There is virtually every app you might need available to you. I really get the most of my Amazon Prime Video now. I find it is easy and responsive to use. The main pain is having to change the Input so you have to use three controllers, the media controller, the cable controller and the original TV controller. Fortunately I'm used to that with my Apple TV. It is less fussy than the Apple TV especially when you view Amazon content. Well it naturally would be because the content is automatically there. I don't know why i waited to long to get this product especially since i have amazon prime. Gives me instant access to prime movies and has built in alexa what more can you ask for. Simply great . It's processor is super fast plus plays movies & tv shows so clear! I love it!! Best money I ever spent!! I recently got rid of cable and WiFi at home as it all just became way too expensive. I wanted something that would run off of my hotspot on my phone as I have an unlimited plan. It connects to it as soon as I have it on, there is no lagging, doesn't take long to load any of my streaming services either. It is very easy to navigate through the menu and do everything. Steup was a breeze, I love the voice feature (definitely comes in handy). Fire box was a perfect up grade to my TV entertainment system. The ability to show 4k movies made it perfect. My daughter gets to see her cartoons and I get to see my action movies perfectly. You can use Ethernet and dual band wifi. Its so much in a small box with a low price. ITS PERFECT! Easy connection and very good playing different apps. This device is very easy to set up as long as you know your wifi password, Amazon account information, and a TV with an available HDMI port. FYI...You must have an Amazon account to use this device. I bought this and an AppleTV at the same time. The FireTV is just kinda OK. The interface isn't that intuitive and could use some polish. I had to enter the same username and password for multiple apps over and over (you only have to do it once on the AppleTV)...may not sound like that big of a deal, but it took much longer to setup.In my opinion, the AppleTV is a better product. I had the Fire stick, and the performance was sluggish at best, constant buffering and powering off. I upgraded to the Fire tv and the difference is night and day. I don't know why I waited! no issues thus far and I couldn't be happier. Way better than the Amazon stick. No buffering love it We enjoy this product more than our roku device. It works great. I love everything about this item. I can watch whatever, whenever, particularly on Kodi. Good bye and good riddance to cable! I returned this and purchased the 4th generation Apple TV instead, I liked the Apple features better. If you're not this is best box I ever buy to watch movies and tv shows BYE BYE CABLE TV, KODI ON THE FIRE TV TAKES OVER..YES SIR This fire TV is really awesome for viewing content the Amazon video is really great and has lots of content I'm mostly happy, but like so many electronics, this one has a huge of built in advertising that you just can't get away from. There is no way to identify the aps you want to see first, and it always defaults the first click to an advertised movie for sell. It takes many clicks to get where I want, and the voice only works for purchases from Amazon, everywhere else you have to use the keyboard using clicks. Comes with a bunch of apps to watch TV and to play games as well. Best purchase you will ever make. Intall kodi and go cable free I had a fire stick but I gave it away to a family member. I then went to purchase another one but they only had the fire tv in stock. So I reluctantly brought it but I am so much happier now that I have a tv box. Cable is too expensive. Especially when you can buy this and get more than you ever expected. You can expand the memory at will, you can watch literally anything, and although the remote is awful, there's an iPhone app that allows you to toss that unreliable remote in the trash. Get this thing, thank me later. Works great, easy to use. Affordable, worth the cost. its a good box if you dont mind the amazon restrictions It works well for what I am using it for. To access shows. I bought when this was on sale. Good investment!!! I recently decided to be a cord cutter and not have cable anymore, just internet. I currently have a Samsung 60"" Smart 4K UHD and the Samsung 4K Blu-Ray player and a PC that I use to access all my online content.I decided to try the Amazon Fire TV and discovered that I already have access to just about everything the Amazon Fire TV has through mny TV, Blu-ray player and PC.This is a great device but for me it was just redundant. Works awesome!! I would recommend getting one fast!! This is so much faster than the fire stick. It also provides full support for sling tv and PlayStation vue which Apple TV has not. This has replaced our Apple TV as the primary streamer. This is a great product. But, may not be worth the extra money. You can likely get away with buying the Fire Stick. Amazon Fire TV is a great addition to our household. It offers tons of programs and I love getting my amazon prime movies this way. Easy to install, easy to navigate the menu, and an overall A+ in my book. After receiving another extremely high cable bill, I decided to cut the cord! The Amazon Fire is awesome. We subscribed to Playstation Vue which has an app on the Fire that you can access.We can also access our Amazons and Netflix accounts right from the Fire. Great product, wish I would have done this sooner. Fast, easy, and mobile! Connects through WiFi and directly. Easy to move from one room to another. Easy to use, I'm able to move it to other tvs in the house and bring it with us on vacation Awesome! Really small size and fits perfect without taking a lot of space on the entertainment rack. Love it so far! 4K is awesome and definitely recommended! Make sure you are using the HDMI port specifically for HDCP 2.2 on your TV. Works great! I like it better than cable. My new favorite device to watch movies and tv shows. My kids like the games that are available. I had the firestick but upgraded to the box. Easy to use and with the straight connection to the Internet it is super fast. I have been a user of Roku and Apple TV before and I absolutely love the Fire TV. What prompted me to change from Roku was the availability of Playstation Vue. We are cord cutters and Vue is a better value than Sling TV.The Fire TV works well and has most all the channels we used on our old Roku. The only thing that doesn't work 100% is Vudu or other UltraViolet streaming services. The closest thing is Flixster, but some of the titles don't carry over right away. Most of the movies come through just fine, but the Flixster app on the Fire TV doesn't seem to bring over the TV shows I have purchased. Other than that, it works very well. Of course, if you watch a lot of Prime TV or use Amazon's Instant Video service you will really love the integration here. Would recommend this to a friend. We are enjoying it a lot. The best streaming device of all the ones i have tried. Very fast and reliable fits easy behind tv upload apps and view video in 4000k",2,"Unknown Back To College,College Electronics,College Tvs & Home Theater,Electronics,Tvs & Home Theater,Streaming Devices,Featured Brands,Amazon Devices,Holiday Shop,Ways To Shop,TV & Home Theater,Streaming Media Players,All Streaming Media Players,TVs Entertainment,Video Games,Kindle Store,Electronics Features,Kids & Family,Fire TV",3,"    Back To College,College Electronics,College Tvs & Home Theater,Electronics,Tvs & Home Theater,Streaming Devices,Featured Brands,Amazon Devices,Holiday Shop,Ways To Shop,TV & Home Theater,Streaming Media Players,All Streaming Media Players,TVs Entertainment,Video Games,Kindle Store,Electronics Features,Kids & Family,Fire TV",0,0,Accessories & Power
B00UH4D8G2,"Echo (White),,,
Echo (White),,,",Amazon,"Categories,Streaming Media Players,Electronics","Stay away from the certified refurbished Amazon Fire TV. I received two Certified Refurbished defective fire TVs. The first the screen looked half corrupted, see the pictures. The second Certified Refurbished Amazon fire tv I received would not boot up, it was stuck in an infinite loop where I would only see the amazon logo for 10 seconds then it would boot up again.If anything, Amazon needs to re-visit its refurbishment process and quality control of the refurbished products they let get in consumer hands.Update 11/28/16: I purchased a new Fire TV during the BF sale and I have had no issues so far :). I seriously wonder why it took me to get FireTV for so long. I originally had a Roku XS and then I stupidly bought a Roku 4. Both devices were all right but neither could handle 5.1 audio from Netflix on my Vizio sound bar (essentially your device must be cable of handling Dolby Digital Plus and nothing less using Roku). I finally decided to give FireTV a try and I'm amazed. Not only does it convert DD+ to DD on Netflix and HBO Go, I can install XBMC (Kodi) on it! I wish I knew about this before I bought my Roku 4 and HTPC. I now literally have no use for my HTPC anymore... FireTV can handle EVERYTHING now and all with DD and DTS 5.1 audio. Even better, I have a ton of smart devices and 3 Echos... I can now control all of these devices directly from the remote. This is seriously one of the best purchases I have made in the past year. Love it, had the stick and it was kinda slow navigating. This one is much faster. Was going to use this and cancel cable. When I told my cable company I wanted to cancel and I was just going to stream everything they cut my bundle cost by 100. I kept cable but I also still use my firetv alot. This box is wonderful, meets my expectations plus some. I gave up cable and tried it. I don't watch a lot of movies but this box comes with a lot of selections in my opinion more than basic cable, and if you have prime even more selections, theres a lot of free shows just download the apps for them. I bought this thinking since we'd bought several other refurbished things that worked, that it would be okay. The box never booted properly so the only thing we could stare at was the Amazon logo and the words Unknown Boot in the corner. Customer Service tried to help with the box but we couldn't get it to trouble shoot. Sending this box back. Certified garbage! Lesson learned about paying attention to reviews. Fire TV box and remote was packaged like new, even included new batteries. After plugging it in it would only show Amazon logo and 'unknown boot' on screen. Cycled power several times and even tried to reset using remote buttons, no dice. I read all the negative reviews before I purchased this, I chose to take the chance so I'm angry with myself, but very disappointed with Amazon for even suggesting this is refurbished, let alone certified, as if that means something. I bought this after being an avid Apple fan for the last 10 years. I had old style two Apple TV's and even bought a new Apple TV to help with me cutting the cord to DirectTV after 11 years. I switch to using the Apple TV with the DirecTV Now streaming service. After the Apple TV would no longer let friends or family airplay to it because of new updates or let me load any third party apps I knew it was time to switch. It was a great switch to the Fire TV and I have not looked back. I have been able to load numerous apps that are not available on the Apple TV such as Showbox and Kodi. My biggest complaint was the Fire TV remote was not able to control the volume on my sound bar like the Apple TV remote and was not able to turn my TV or sound bar on or off. The Sideclick remote was exactly what I needed. I was able to program the remote to control power and sound level, along with change the input on the TV. I would highly recommend using the Fire TV.Pros:Works extremely wellAllows 3rd party app installationMuch cheaper than Apple TVAllows use of amazon music which Apple TV did notCons:Home page is not at visually pleasing as the Apple TVRemote does not have volume controlsRemote is not touch sensitive and has a very loud *click* noise when pushing buttons. I bought this thing refurbished. I find that I have to unplug / plug back in the HDMI cable on a regular basis when switching inputs on the TV. Not sure if it is the Amazon Fire box itself or if it is the TV (Not likely).Otherwise it is a good device. I bought it for the ability to hard wire my Ethernet connection to my gigabit switch and for 4K capabilities which it does do. Having the Alexa app is handy but her features can be severely handicapped.I probably should have just bought it new..... usually refurbished devices work well as they are tested before resale and it was probably tough to catch that the HDMI port on these might be finicky. I may have to switch it out.","Echo (White),,,
Echo (White),,, Amazon Categories,Streaming Media Players,Electronics Stay away from the certified refurbished Amazon Fire TV. I received two Certified Refurbished defective fire TVs. The first the screen looked half corrupted, see the pictures. The second Certified Refurbished Amazon fire tv I received would not boot up, it was stuck in an infinite loop where I would only see the amazon logo for 10 seconds then it would boot up again.If anything, Amazon needs to re-visit its refurbishment process and quality control of the refurbished products they let get in consumer hands.Update 11/28/16: I purchased a new Fire TV during the BF sale and I have had no issues so far :). I seriously wonder why it took me to get FireTV for so long. I originally had a Roku XS and then I stupidly bought a Roku 4. Both devices were all right but neither could handle 5.1 audio from Netflix on my Vizio sound bar (essentially your device must be cable of handling Dolby Digital Plus and nothing less using Roku). I finally decided to give FireTV a try and I'm amazed. Not only does it convert DD+ to DD on Netflix and HBO Go, I can install XBMC (Kodi) on it! I wish I knew about this before I bought my Roku 4 and HTPC. I now literally have no use for my HTPC anymore... FireTV can handle EVERYTHING now and all with DD and DTS 5.1 audio. Even better, I have a ton of smart devices and 3 Echos... I can now control all of these devices directly from the remote. This is seriously one of the best purchases I have made in the past year. Love it, had the stick and it was kinda slow navigating. This one is much faster. Was going to use this and cancel cable. When I told my cable company I wanted to cancel and I was just going to stream everything they cut my bundle cost by 100. I kept cable but I also still use my firetv alot. This box is wonderful, meets my expectations plus some. I gave up cable and tried it. I don't watch a lot of movies but this box comes with a lot of selections in my opinion more than basic cable, and if you have prime even more selections, theres a lot of free shows just download the apps for them. I bought this thinking since we'd bought several other refurbished things that worked, that it would be okay. The box never booted properly so the only thing we could stare at was the Amazon logo and the words Unknown Boot in the corner. Customer Service tried to help with the box but we couldn't get it to trouble shoot. Sending this box back. Certified garbage! Lesson learned about paying attention to reviews. Fire TV box and remote was packaged like new, even included new batteries. After plugging it in it would only show Amazon logo and 'unknown boot' on screen. Cycled power several times and even tried to reset using remote buttons, no dice. I read all the negative reviews before I purchased this, I chose to take the chance so I'm angry with myself, but very disappointed with Amazon for even suggesting this is refurbished, let alone certified, as if that means something. I bought this after being an avid Apple fan for the last 10 years. I had old style two Apple TV's and even bought a new Apple TV to help with me cutting the cord to DirectTV after 11 years. I switch to using the Apple TV with the DirecTV Now streaming service. After the Apple TV would no longer let friends or family airplay to it because of new updates or let me load any third party apps I knew it was time to switch. It was a great switch to the Fire TV and I have not looked back. I have been able to load numerous apps that are not available on the Apple TV such as Showbox and Kodi. My biggest complaint was the Fire TV remote was not able to control the volume on my sound bar like the Apple TV remote and was not able to turn my TV or sound bar on or off. The Sideclick remote was exactly what I needed. I was able to program the remote to control power and sound level, along with change the input on the TV. I would highly recommend using the Fire TV.Pros:Works extremely wellAllows 3rd party app installationMuch cheaper than Apple TVAllows use of amazon music which Apple TV did notCons:Home page is not at visually pleasing as the Apple TVRemote does not have volume controlsRemote is not touch sensitive and has a very loud *click* noise when pushing buttons. I bought this thing refurbished. I find that I have to unplug / plug back in the HDMI cable on a regular basis when switching inputs on the TV. Not sure if it is the Amazon Fire box itself or if it is the TV (Not likely).Otherwise it is a good device. I bought it for the ability to hard wire my Ethernet connection to my gigabit switch and for 4K capabilities which it does do. Having the Alexa app is handy but her features can be severely handicapped.I probably should have just bought it new..... usually refurbished devices work well as they are tested before resale and it was probably tough to catch that the HDMI port on these might be finicky. I may have to switch it out.",5,"Echo (White),,,
Echo (White),,, Categories,Streaming Media Players,Electronics",3,"Echo (White),,,
Echo (White),,, Echo (White),,,
Echo (White),,, Echo (White),,,
Echo (White),,, Echo (White),,,
Echo (White),,, Categories,Streaming Media Players,Electronics",3,3,Echo & Smart Home
B00VINDBJK,"Kindle Oasis E-reader with Leather Charging Cover - Merlot, 6 High-Resolution Display (300 ppi), Wi-Fi - Includes Special Offers,,",Amazon,"eBook Readers,Kindle E-readers,Computers & Tablets,E-Readers & Accessories,E-Readers","Very lightweight and portable with excellent battery life. I like this so much more than the Voyage. The shape makes for easier holding. I only wish this devise was maybe 2 inches taller then it would look like a real book Replacing older reader without a light and traveling overseas soon. With electronics in the cabin under scrutiny, this very small and very lightweight reader fits the bill! Perfect in small purses and large pockets. I can read without annoying seatmate with cabin overhead seat light. Easy to hold in either hand and screen adjusts for whichever direction you're holding it. This is my first e-reader. I didn't know about the odd refresh and it took a little while to get used to but I do love how small and light it is and that I do not have to remember to plug it in everyday This kindle is awesome. I love the design of it. Nothing software wise that was different than my other kindle but the way it's designed makes it much more comfortable and easier to read. The only reason I didn't give it five stars was because of the price. If it were cheaper, this kindle would have been five stars no doubt. The new Kindle is a great gift and fantastic entertainment idea. Met all my expectations! Lightweight and compact. I enjoy using the product. I thought long and hard about upgrading from my paperwhite, but decided to do so despite not beating able to actually see one in the store. I have owned a Kindle since the second generation version. This is by far my favorite. The look and feel are amazing. I don't regret the purchase one bit as I have the disposable income to do so, but for most the paperwhite will more than suffice at a significantly smaller price point. I own a Kindle HDX 8.9 and wanted something small and portable... WOW is all I can say when I got my hands on the Kindle Oasis ( Thank you Babes :) ). The Kindle Oasis is very tiny, portable & fits in about anything from a jeans back pockets to a very very small purse! The clarity of the screen is awesome. The touch of it works perfect! Very different than my HDX BUT I HIGHLY RECOMMEND it! A little more pricey than the paperwhite BUT this one already comes with the case and a built in battery in the case so you are set for long time reading & the price is fair since the others you would still have to buy a case for it! Keep in mind the case for the oasis is leather and you can choose from black, brown and red (red was my choice., which to me it's not red it's more of a wine red color) it's beautiful! Picture shows My Kindle Oasis in the middle of the IPhone 7 Plus (left) & Samsung S8+ (right) so you can get an idea on the size... it's super cute! It's tinier than the Kindle paperwhite! Got me reading again! Love the merlot cover. This one is the smallest of all the kindle products I believe, and that's a big reason I picked. Also the lightest I believe. Battery life is forever.Two negative points are the Amazon logo in the cover, and the fact you can't do inverted text (black background white text).Those 2 points dropped it from 4 to 5 star for me.Still highly recommended. easy to read books this way. enjoyable at night in the bedroom or outside in the afternoon. I purchased the Kindle Oasis because I was growing increasingly tired of the glare and cumbersome size of reading off my iPad. So the portability is great. And of course, I went for the most expensive, because I wanted the extra battery life. And while the length of time it stays charged is nice, charges very quickly, it's still overpriced. I love the non-glare screen, you can literally read this anywhere. But the wifi connectivity is patchy at best. I have to go upstairs in my home and stand close to the router for the Oasis to connect, this is very annoying. Wouldn't be a big deal if I only read from this one device. But I read from another and picking up where I left off is a pain most times. Non of my issues are really a big deal, but for $300 I don't feel like I should have any issues. This is my second Kindle and I couldn't be happier . I couldn't believe I would be happy with something so small , but it is great And easy to take along anywhere . I started to buy the Voyage but when I saw how close the price was to the Oasis, I decided to go ahead and buy the Oasis. So glad I did! I love the case and the physical buttons to turn the page. It is so lightweight and I love the option of the screen rotating whenI need to change hands. Awesome device! Was afraid to spend so much money for a kindle but so far I am glad I did. Love everything about it. The buttons to turns pages, screen resolution, lighting, how easy and light it is when you hold it. Case is beautiful. Enjoy reading on it. Great item! Would definitely recommend this item -- am still learning all the things about it. This product may be extremely overpriced, but it also lives up to everything it's promised. It's a lightweight, long-lasting ereader that is much easier on the eyes than an iPad. It is much lighter and more ergonomical than a paperback, and I find myself renting kindle copies of books I already own just to take advantage of the device's convenience. Upgraded from my old Kindle keyboard. I love the ability to adjust brightness and font. I have small hands and this is not too big to hold in one hand. I was able to change the page turning buttons for left handed use. The charging cover last a long time. I wish there were more colors to choose from. This is not an upgrade by any means! My three year old kindle outperformed Oasis.Battery life better than a week with the lights on lowest setting Magnetic connector is poorly designed and grows weak Two pieces to keep up with; unsnaps constantly Amazon Customer Services promises it will resolved in an update Its a great ereader but a little pricy. It has the same specs as the Voyage as far as pixels and procesor, which costs less. The only difference between this and the Voyage, is that it's much lighter, it's brighter (LEDs), and a longer battery life if you're using the cover. I've noticed the battery life drains much faster without the cover, but you'll still be able to read for hours without it. You would think it be water resistant, hence the name but it isn't. But then I don't plan on reading when it's raining or outside or while taking a bath. Overall, it's the best ereader Amazon currently has to offer but if you don't mind the price tag and want the best, then go for it! Voyage is still not a bad option though Great ebook for a beginner. Light and good looking I have had a Kindle for some time and was curious about the Oasis. It did not disappoint. It is very compact, even with the cover, and fits in a coat pocket. I really enjoy the size and the redesign which brings back hard buttons. Great device for home or on the go. Battery life is unreal! So much faster than my old kindle. This Kindle reader with cover attached is light weight and easy reading. Page turner is easy to use and it reverses so you can hold with either hand. I am very happy and satisfied with this product. Happy reading - The new design, compared to my old kindle paperwhite and voyage, looked weird when I first got my Kindle Oasis. After I used it for a while (5 hours), I felt the design was kind of make sense. When I hold it with one hand (right hand), the centre of gravity position was right in my hand, so there was less change that I drop the kindle on my face(when I was laying on my bed, it happened a lot with my kindle voyage) I've been a kindle owner since the early days and when new versions have come out in the past, it was usually a no-brainier to upgrade. The oasis was a little challenging because the price really makes you stop and think if this upgrade is worth it. After a lot of thought, the factor that convinced me to switch was the reappearance of the page turning buttons. I missed them since they vanished with the kindle keyboard! The paper white and the voyage were great devices but I often accidentally changed pages if I accidentally pinched the bezel when carrying the device or even just shifting positions on the couch. The Oasis' buttons have removed that issue and I am delighted! The weight and thinness of the device are also appreciated tho the paper white etc are pretty thin already. The addition of the cover is interesting but after a month's use I think it's pretty clear the cover/battery is there only to boost the very short-lived battery in the kindle itself. ""Months"" of battery life just seems impossible unless you keep the screen at low illumination and only read a few minutes a day. The screen is clear and bright, I can't see any LED issues others have complained about and the interface does seem snappier than older versions. Ultimately the only real justification for buying this kindle is if you miss the page turn buttons and want to pay top dollar for them. Otherwise, the existing kindles will meet your needs. I would definitely buy it again, but it does not have the ambient light sensor like the cheaper voyage does to turn the brightness up and down automatically in the dark or sun. For a product of this price, it shouldn't be missing any features. Otherwise it is great, light, and the text refreshes quickly and is crisp. Very nice Kindle with a great Battery life. My old kindle was not able to upgrade so I got the new Kindle and very pleased with the product. Arrived as promised from BESTBUY.COM. This is a great device. It is ultra light, and a pleasure to use. It also has a very satisfying premium feel. The price, of course, is not worth it.. unless you can afford it. There are cheaper models of the kindle with similar screen resolution....but if you CAN afford it, I highly recommend it. Th size difference is noticeable and squarish rather then rectangular, which I prefer. The Kindle unit itself is rather nice, the auto rotate and adjust being the best part. I returned this item b/c the cover is flimsy. and I was afraid I would drop it and break the kindle. lightweight and convenient to use. love my new kindle I purchased this as a gift for my wife and she loves it. She has an older Kindle, and she can't believe how much better the Oasis is. Kindles are an excellent device for all book lovers Great for reading in the sunlight. As well as light, and easy on the wrist. Great product, but a little speedy. As a previous several Kindle device owner I read a lot of reviews, many of them put the Voyage above it for various reasons, mainly price, or battery charging. But, after reading the pros and cons of both I still decided the Oasis was the direction I wanted to go, I could always return it and get the Voyage after all if I didn't like it. It's light, very well lit, comfortable to hold both in the case and out of it. The buttons improve the page turning experience, I see no dark areas on my screed from the LED lights, it holds a great battery charge (true not as good as my previous Kindle, but I still generally get around 3 weeks between charges), and it looks absolutely beautiful. I am very happy with this purchases and am glad I purchased the Oasis over the Voyage. It's expensive, and that's the major con, but if you want the best reading device this is it and worth it if you read enough. New to eBooks and researched available eReaders and tablets. What I like best about the OASIS is the weight (lightest on the market), battery life (measured in weeks not hours) and the capability to use it in bright sunlight. Recommend it for all. I am a book addict and this is my 4th kindle device. This is by far the best one. It is so compact it is almost smaller than my large wallet. Can fit anywhere. Holds a charge incredibly well and very nice display to make reading fun. I read a lot and have loved my kindle paperwhite and used it all the time. I didn't think it could get any better! I read all about the kindle Oasis and it sounded great but the price was freaking me out and I kept thinking I really didn't need it! Well I finally talked myself into just trying it and after just taking it out of the box and holding it I was sold. It is so lightweight and so easy to hold and the screen is wonderful! The charging case is so convenient and so easy to take off and put on and it really looks nice. I never keep it on when I'm reading which keeps the kindle oasis light. I am so glad that I went for it and bought it. I want to read more than ever now. It is always in my purse. Believe me, I am not made of money in the least but I am so glad that I purchased this. If you are an avid reader you will be too! Excellent reader night or day, sunshine or shade. Not as full function as earlier kindels There's no doubt that this is the best Kindle device available. The battery life is astonishing, and the design is unique and extremely ergonomic. Holding this in your hand is such a pleasurable experience, it fits like a glove. So what are the cons you may ask...For one, the battery life depends on the provided case. It acts like a travel charger in a sense. Why a con? Well, it limits your customization options. And there's no way to purchase other colors or replacements for it at this time. So, you best be cautious with it.And two, the price obviously! But if you take into account that you basically are given a premium case, the device itself is a premium device, and you have a traveling charge inside the case...It may almost even out. But a $290-$350 device is hard to justify when it's just for reading.Still would recommend to any fan of e-readers/reading Nice device. But only minimally better than the Voyage. 've owned the Kindle Keyboard, 2nd generation Paperwhite and now the Oasis. I love the Oasis very much. The ergonomic design is wonderful and makes it a breeze to hold. It is so light -- that is the biggest killer feature of the Oasis. The 10 LEDs look fantastic and I love the return of page buttons. I've never had one where the screen is flush with the bezel so this is great. All in all, this is easily the best Kindle ever made and even though it's a bit spendy, it will be the one future Kindles are measured against. I have had every kindle since the first and this is by far the best. The screen was already great on the Voyage but the front light on this screen is more white and more evenly distributed. Physical page turn buttons are so much better than none or the haptic feedback type. They didn't include the automatically adaptive front light for some reason but I don't think I'll miss it much as I was always wont to fiddle with it on the Voyage anyway.But this device made me smile as soon as I held it for the first time because it has a larger bezel that you can really grip comfortably without touching the screen. Maybe this isn't a big deal for most, but that is exactly why I spent the money to get this device.The other thing I was hoping for was the ability to use the upper page turn button to go forward and this device does that and even better because it is software configurable.The cover is very small and light and doesn't add much bulk like the Voyage Origami case does. The only downside is that it doesn't work as a hands free stand for reading.(I still wish it was waterproof) Despite not being able to get one of these from Amazon until late June due to apparent strong demand, Best Buy was able to get one to me on the day of its release, April 27. Well done Best Buy! Having owned several previous Kindles, including the most recent Paperwhite model, I was unprepared for how small and light this new Oasis model is -- reading about it is one thing, but actually holding one in your hand is something else entirely. The Oasis and its battery-charging cover together weigh only one ounce more than the latest Paperwhite with no case. The Oasis _without_ its cover feels impossibly light at 4.6 ounces. Size-wise, the Oasis is nearly a square shape at about 5"" wide by 5.5"" tall. In fact, the shape is so different from traditional Kindle designs that I had to compare it next to my Paperwhite to verify that the screens are actually the same size (they are). It's the first Kindle I think I could easily fit into a jacket pocket without any effort, For frequent travelers like me, this is a key reason to buy one of these, as it's extremely compact and easy to pack in a briefcase or purse. The screen is the first front-lit Kindle I've ever seen where you simply cannot see any trace of the LEDs from any angle. No dark spots, no bright spots...just a completely uniform illumination from edge to edge in both directions. The ""page"" also appears to be nearly flush with the top glass surface, helping achieve the illusion of printed paper. It's sharp and clear, better than any Kindle I've used. The reader can be easily separated from the battery case by simply pulling them apart, since they are held together with magnets. After doing so, this is where the Amazon engineering team's achievements really become clear, as you just won't believe how lightweight this thing is. It's easy to imagine holding onto it for hours without any arm fatigue, and switching from hand to hand is a simple matter of rotating it 180 degrees when switching. The display instantly rotates, and the page turn buttons also ""follow"", with the top button always used to advance the page, and the bottom button always used to go backward. You can also use the screen to change pages as you always have with earlier touch screen models. The battery on the reader has a lower capacity than the cover's battery, so it runs down faster if you don't have it connected to the case. It's very easy to snap the reader back into its cover, which allows it to recharge while you continue to read. The power button and charge port are located in the upper top-right corner, more or less opposite from where they are on the Paperwhite. I find this location to be less awkward, as it's easier to reach on the top than it is on the bottom edge. The back surface of the reader (not the case) seems to easily attract fingerprints, and they are not so easy to clean off. You'd think that Amazon would have figured out a way to prevent this by now. It's a minor annoyance. Lots of reviewers in the tech press have complained loudly about this model's high price relative to other Kindle models (without ads, it's $310 vs. $139 for an ad-less Paperwhite). Is this a lot of money? Perhaps, but if you are a book addict and value an extremely lightweight reader that's easy on both your arms and your eyes, then I personally think it's worth it. A lot of thought and effort clearly went into designing and building this unit, and the price reflects that. Is it for everyone? Probably not, but there is obviously a market for it when you consider how many months you'll have to wait to get one on Amazon's website. If you are a serious reader, this device deserves a very close look -- I'm definitely keeping mine! I got oasis yesterday, very lighweight compared to voyager, screen size comparable, like having actual page turn button, touchscreen seems kinda slow, the on/off button on top is improvement from back of voyager. cover does seem kind of flimsy, but supposed to be leather so will see how it holds up. finding it easier to hold with cover on, then removed. cover doesn't have separate charge port, so all charging is done thru kindle. BestBuy delivered this on the day of release. Amazon still seems to be back-ordered. It is a great product. Nice and light with uniform screen and snappy performance. Got this for my wife and she loves it. Compact library on the go for an avid reader. Kindle Oasis is phenomenal... It is portable size so it fits almost anywhere when I travel, the book-like screen doesn't bother my eyes after long periods of time of reading, I can modify the font and size to my wants and needs, you can conveniently connect to your Goodreads account to view your bookshelves and all of my purchases sync perfectly. The color Merlot is beautiful and I've had it for three months and traveled with it and there have been no damages. The battery life is so long I have only charged it three times since owning it and I read anywhere from 3-5 hours a day. Completely user friendly. Small, light, but comfortable to hold with either hand. If you keep it in airplane mode with medium lighting, the battery last for weeks. Lovin' it so far. Would give it a 5 star if the battery lasted as long as they claim. But it's worth the extra charging times for the nice design. So light and easy in your hand especially without the cover. But, using the cover is comfortable as well. The leather cover smells a bit when it arrives but I let it air out for a few days before using it and now it's fine. Nice quality leather and I love the merlot color. The page turn buttons are easier to use than the buttons on the voyage. Screen looks the same even though they claim there are more backlights on this one. I'm very happy with my Oasis.","Kindle Oasis E-reader with Leather Charging Cover - Merlot, 6 High-Resolution Display (300 ppi), Wi-Fi - Includes Special Offers,, Amazon eBook Readers,Kindle E-readers,Computers & Tablets,E-Readers & Accessories,E-Readers Very lightweight and portable with excellent battery life. I like this so much more than the Voyage. The shape makes for easier holding. I only wish this devise was maybe 2 inches taller then it would look like a real book Replacing older reader without a light and traveling overseas soon. With electronics in the cabin under scrutiny, this very small and very lightweight reader fits the bill! Perfect in small purses and large pockets. I can read without annoying seatmate with cabin overhead seat light. Easy to hold in either hand and screen adjusts for whichever direction you're holding it. This is my first e-reader. I didn't know about the odd refresh and it took a little while to get used to but I do love how small and light it is and that I do not have to remember to plug it in everyday This kindle is awesome. I love the design of it. Nothing software wise that was different than my other kindle but the way it's designed makes it much more comfortable and easier to read. The only reason I didn't give it five stars was because of the price. If it were cheaper, this kindle would have been five stars no doubt. The new Kindle is a great gift and fantastic entertainment idea. Met all my expectations! Lightweight and compact. I enjoy using the product. I thought long and hard about upgrading from my paperwhite, but decided to do so despite not beating able to actually see one in the store. I have owned a Kindle since the second generation version. This is by far my favorite. The look and feel are amazing. I don't regret the purchase one bit as I have the disposable income to do so, but for most the paperwhite will more than suffice at a significantly smaller price point. I own a Kindle HDX 8.9 and wanted something small and portable... WOW is all I can say when I got my hands on the Kindle Oasis ( Thank you Babes :) ). The Kindle Oasis is very tiny, portable & fits in about anything from a jeans back pockets to a very very small purse! The clarity of the screen is awesome. The touch of it works perfect! Very different than my HDX BUT I HIGHLY RECOMMEND it! A little more pricey than the paperwhite BUT this one already comes with the case and a built in battery in the case so you are set for long time reading & the price is fair since the others you would still have to buy a case for it! Keep in mind the case for the oasis is leather and you can choose from black, brown and red (red was my choice., which to me it's not red it's more of a wine red color) it's beautiful! Picture shows My Kindle Oasis in the middle of the IPhone 7 Plus (left) & Samsung S8+ (right) so you can get an idea on the size... it's super cute! It's tinier than the Kindle paperwhite! Got me reading again! Love the merlot cover. This one is the smallest of all the kindle products I believe, and that's a big reason I picked. Also the lightest I believe. Battery life is forever.Two negative points are the Amazon logo in the cover, and the fact you can't do inverted text (black background white text).Those 2 points dropped it from 4 to 5 star for me.Still highly recommended. easy to read books this way. enjoyable at night in the bedroom or outside in the afternoon. I purchased the Kindle Oasis because I was growing increasingly tired of the glare and cumbersome size of reading off my iPad. So the portability is great. And of course, I went for the most expensive, because I wanted the extra battery life. And while the length of time it stays charged is nice, charges very quickly, it's still overpriced. I love the non-glare screen, you can literally read this anywhere. But the wifi connectivity is patchy at best. I have to go upstairs in my home and stand close to the router for the Oasis to connect, this is very annoying. Wouldn't be a big deal if I only read from this one device. But I read from another and picking up where I left off is a pain most times. Non of my issues are really a big deal, but for $300 I don't feel like I should have any issues. This is my second Kindle and I couldn't be happier . I couldn't believe I would be happy with something so small , but it is great And easy to take along anywhere . I started to buy the Voyage but when I saw how close the price was to the Oasis, I decided to go ahead and buy the Oasis. So glad I did! I love the case and the physical buttons to turn the page. It is so lightweight and I love the option of the screen rotating whenI need to change hands. Awesome device! Was afraid to spend so much money for a kindle but so far I am glad I did. Love everything about it. The buttons to turns pages, screen resolution, lighting, how easy and light it is when you hold it. Case is beautiful. Enjoy reading on it. Great item! Would definitely recommend this item -- am still learning all the things about it. This product may be extremely overpriced, but it also lives up to everything it's promised. It's a lightweight, long-lasting ereader that is much easier on the eyes than an iPad. It is much lighter and more ergonomical than a paperback, and I find myself renting kindle copies of books I already own just to take advantage of the device's convenience. Upgraded from my old Kindle keyboard. I love the ability to adjust brightness and font. I have small hands and this is not too big to hold in one hand. I was able to change the page turning buttons for left handed use. The charging cover last a long time. I wish there were more colors to choose from. This is not an upgrade by any means! My three year old kindle outperformed Oasis.Battery life better than a week with the lights on lowest setting Magnetic connector is poorly designed and grows weak Two pieces to keep up with; unsnaps constantly Amazon Customer Services promises it will resolved in an update Its a great ereader but a little pricy. It has the same specs as the Voyage as far as pixels and procesor, which costs less. The only difference between this and the Voyage, is that it's much lighter, it's brighter (LEDs), and a longer battery life if you're using the cover. I've noticed the battery life drains much faster without the cover, but you'll still be able to read for hours without it. You would think it be water resistant, hence the name but it isn't. But then I don't plan on reading when it's raining or outside or while taking a bath. Overall, it's the best ereader Amazon currently has to offer but if you don't mind the price tag and want the best, then go for it! Voyage is still not a bad option though Great ebook for a beginner. Light and good looking I have had a Kindle for some time and was curious about the Oasis. It did not disappoint. It is very compact, even with the cover, and fits in a coat pocket. I really enjoy the size and the redesign which brings back hard buttons. Great device for home or on the go. Battery life is unreal! So much faster than my old kindle. This Kindle reader with cover attached is light weight and easy reading. Page turner is easy to use and it reverses so you can hold with either hand. I am very happy and satisfied with this product. Happy reading - The new design, compared to my old kindle paperwhite and voyage, looked weird when I first got my Kindle Oasis. After I used it for a while (5 hours), I felt the design was kind of make sense. When I hold it with one hand (right hand), the centre of gravity position was right in my hand, so there was less change that I drop the kindle on my face(when I was laying on my bed, it happened a lot with my kindle voyage) I've been a kindle owner since the early days and when new versions have come out in the past, it was usually a no-brainier to upgrade. The oasis was a little challenging because the price really makes you stop and think if this upgrade is worth it. After a lot of thought, the factor that convinced me to switch was the reappearance of the page turning buttons. I missed them since they vanished with the kindle keyboard! The paper white and the voyage were great devices but I often accidentally changed pages if I accidentally pinched the bezel when carrying the device or even just shifting positions on the couch. The Oasis' buttons have removed that issue and I am delighted! The weight and thinness of the device are also appreciated tho the paper white etc are pretty thin already. The addition of the cover is interesting but after a month's use I think it's pretty clear the cover/battery is there only to boost the very short-lived battery in the kindle itself. ""Months"" of battery life just seems impossible unless you keep the screen at low illumination and only read a few minutes a day. The screen is clear and bright, I can't see any LED issues others have complained about and the interface does seem snappier than older versions. Ultimately the only real justification for buying this kindle is if you miss the page turn buttons and want to pay top dollar for them. Otherwise, the existing kindles will meet your needs. I would definitely buy it again, but it does not have the ambient light sensor like the cheaper voyage does to turn the brightness up and down automatically in the dark or sun. For a product of this price, it shouldn't be missing any features. Otherwise it is great, light, and the text refreshes quickly and is crisp. Very nice Kindle with a great Battery life. My old kindle was not able to upgrade so I got the new Kindle and very pleased with the product. Arrived as promised from BESTBUY.COM. This is a great device. It is ultra light, and a pleasure to use. It also has a very satisfying premium feel. The price, of course, is not worth it.. unless you can afford it. There are cheaper models of the kindle with similar screen resolution....but if you CAN afford it, I highly recommend it. Th size difference is noticeable and squarish rather then rectangular, which I prefer. The Kindle unit itself is rather nice, the auto rotate and adjust being the best part. I returned this item b/c the cover is flimsy. and I was afraid I would drop it and break the kindle. lightweight and convenient to use. love my new kindle I purchased this as a gift for my wife and she loves it. She has an older Kindle, and she can't believe how much better the Oasis is. Kindles are an excellent device for all book lovers Great for reading in the sunlight. As well as light, and easy on the wrist. Great product, but a little speedy. As a previous several Kindle device owner I read a lot of reviews, many of them put the Voyage above it for various reasons, mainly price, or battery charging. But, after reading the pros and cons of both I still decided the Oasis was the direction I wanted to go, I could always return it and get the Voyage after all if I didn't like it. It's light, very well lit, comfortable to hold both in the case and out of it. The buttons improve the page turning experience, I see no dark areas on my screed from the LED lights, it holds a great battery charge (true not as good as my previous Kindle, but I still generally get around 3 weeks between charges), and it looks absolutely beautiful. I am very happy with this purchases and am glad I purchased the Oasis over the Voyage. It's expensive, and that's the major con, but if you want the best reading device this is it and worth it if you read enough. New to eBooks and researched available eReaders and tablets. What I like best about the OASIS is the weight (lightest on the market), battery life (measured in weeks not hours) and the capability to use it in bright sunlight. Recommend it for all. I am a book addict and this is my 4th kindle device. This is by far the best one. It is so compact it is almost smaller than my large wallet. Can fit anywhere. Holds a charge incredibly well and very nice display to make reading fun. I read a lot and have loved my kindle paperwhite and used it all the time. I didn't think it could get any better! I read all about the kindle Oasis and it sounded great but the price was freaking me out and I kept thinking I really didn't need it! Well I finally talked myself into just trying it and after just taking it out of the box and holding it I was sold. It is so lightweight and so easy to hold and the screen is wonderful! The charging case is so convenient and so easy to take off and put on and it really looks nice. I never keep it on when I'm reading which keeps the kindle oasis light. I am so glad that I went for it and bought it. I want to read more than ever now. It is always in my purse. Believe me, I am not made of money in the least but I am so glad that I purchased this. If you are an avid reader you will be too! Excellent reader night or day, sunshine or shade. Not as full function as earlier kindels There's no doubt that this is the best Kindle device available. The battery life is astonishing, and the design is unique and extremely ergonomic. Holding this in your hand is such a pleasurable experience, it fits like a glove. So what are the cons you may ask...For one, the battery life depends on the provided case. It acts like a travel charger in a sense. Why a con? Well, it limits your customization options. And there's no way to purchase other colors or replacements for it at this time. So, you best be cautious with it.And two, the price obviously! But if you take into account that you basically are given a premium case, the device itself is a premium device, and you have a traveling charge inside the case...It may almost even out. But a $290-$350 device is hard to justify when it's just for reading.Still would recommend to any fan of e-readers/reading Nice device. But only minimally better than the Voyage. 've owned the Kindle Keyboard, 2nd generation Paperwhite and now the Oasis. I love the Oasis very much. The ergonomic design is wonderful and makes it a breeze to hold. It is so light -- that is the biggest killer feature of the Oasis. The 10 LEDs look fantastic and I love the return of page buttons. I've never had one where the screen is flush with the bezel so this is great. All in all, this is easily the best Kindle ever made and even though it's a bit spendy, it will be the one future Kindles are measured against. I have had every kindle since the first and this is by far the best. The screen was already great on the Voyage but the front light on this screen is more white and more evenly distributed. Physical page turn buttons are so much better than none or the haptic feedback type. They didn't include the automatically adaptive front light for some reason but I don't think I'll miss it much as I was always wont to fiddle with it on the Voyage anyway.But this device made me smile as soon as I held it for the first time because it has a larger bezel that you can really grip comfortably without touching the screen. Maybe this isn't a big deal for most, but that is exactly why I spent the money to get this device.The other thing I was hoping for was the ability to use the upper page turn button to go forward and this device does that and even better because it is software configurable.The cover is very small and light and doesn't add much bulk like the Voyage Origami case does. The only downside is that it doesn't work as a hands free stand for reading.(I still wish it was waterproof) Despite not being able to get one of these from Amazon until late June due to apparent strong demand, Best Buy was able to get one to me on the day of its release, April 27. Well done Best Buy! Having owned several previous Kindles, including the most recent Paperwhite model, I was unprepared for how small and light this new Oasis model is -- reading about it is one thing, but actually holding one in your hand is something else entirely. The Oasis and its battery-charging cover together weigh only one ounce more than the latest Paperwhite with no case. The Oasis _without_ its cover feels impossibly light at 4.6 ounces. Size-wise, the Oasis is nearly a square shape at about 5"" wide by 5.5"" tall. In fact, the shape is so different from traditional Kindle designs that I had to compare it next to my Paperwhite to verify that the screens are actually the same size (they are). It's the first Kindle I think I could easily fit into a jacket pocket without any effort, For frequent travelers like me, this is a key reason to buy one of these, as it's extremely compact and easy to pack in a briefcase or purse. The screen is the first front-lit Kindle I've ever seen where you simply cannot see any trace of the LEDs from any angle. No dark spots, no bright spots...just a completely uniform illumination from edge to edge in both directions. The ""page"" also appears to be nearly flush with the top glass surface, helping achieve the illusion of printed paper. It's sharp and clear, better than any Kindle I've used. The reader can be easily separated from the battery case by simply pulling them apart, since they are held together with magnets. After doing so, this is where the Amazon engineering team's achievements really become clear, as you just won't believe how lightweight this thing is. It's easy to imagine holding onto it for hours without any arm fatigue, and switching from hand to hand is a simple matter of rotating it 180 degrees when switching. The display instantly rotates, and the page turn buttons also ""follow"", with the top button always used to advance the page, and the bottom button always used to go backward. You can also use the screen to change pages as you always have with earlier touch screen models. The battery on the reader has a lower capacity than the cover's battery, so it runs down faster if you don't have it connected to the case. It's very easy to snap the reader back into its cover, which allows it to recharge while you continue to read. The power button and charge port are located in the upper top-right corner, more or less opposite from where they are on the Paperwhite. I find this location to be less awkward, as it's easier to reach on the top than it is on the bottom edge. The back surface of the reader (not the case) seems to easily attract fingerprints, and they are not so easy to clean off. You'd think that Amazon would have figured out a way to prevent this by now. It's a minor annoyance. Lots of reviewers in the tech press have complained loudly about this model's high price relative to other Kindle models (without ads, it's $310 vs. $139 for an ad-less Paperwhite). Is this a lot of money? Perhaps, but if you are a book addict and value an extremely lightweight reader that's easy on both your arms and your eyes, then I personally think it's worth it. A lot of thought and effort clearly went into designing and building this unit, and the price reflects that. Is it for everyone? Probably not, but there is obviously a market for it when you consider how many months you'll have to wait to get one on Amazon's website. If you are a serious reader, this device deserves a very close look -- I'm definitely keeping mine! I got oasis yesterday, very lighweight compared to voyager, screen size comparable, like having actual page turn button, touchscreen seems kinda slow, the on/off button on top is improvement from back of voyager. cover does seem kind of flimsy, but supposed to be leather so will see how it holds up. finding it easier to hold with cover on, then removed. cover doesn't have separate charge port, so all charging is done thru kindle. BestBuy delivered this on the day of release. Amazon still seems to be back-ordered. It is a great product. Nice and light with uniform screen and snappy performance. Got this for my wife and she loves it. Compact library on the go for an avid reader. Kindle Oasis is phenomenal... It is portable size so it fits almost anywhere when I travel, the book-like screen doesn't bother my eyes after long periods of time of reading, I can modify the font and size to my wants and needs, you can conveniently connect to your Goodreads account to view your bookshelves and all of my purchases sync perfectly. The color Merlot is beautiful and I've had it for three months and traveled with it and there have been no damages. The battery life is so long I have only charged it three times since owning it and I read anywhere from 3-5 hours a day. Completely user friendly. Small, light, but comfortable to hold with either hand. If you keep it in airplane mode with medium lighting, the battery last for weeks. Lovin' it so far. Would give it a 5 star if the battery lasted as long as they claim. But it's worth the extra charging times for the nice design. So light and easy in your hand especially without the cover. But, using the cover is comfortable as well. The leather cover smells a bit when it arrives but I let it air out for a few days before using it and now it's fine. Nice quality leather and I love the merlot color. The page turn buttons are easier to use than the buttons on the voyage. Screen looks the same even though they claim there are more backlights on this one. I'm very happy with my Oasis.",3,"Kindle Oasis E-reader with Leather Charging Cover - Merlot, 6 High-Resolution Display (300 ppi), Wi-Fi - Includes Special Offers,, eBook Readers,Kindle E-readers,Computers & Tablets,E-Readers & Accessories,E-Readers",0,"Kindle Oasis E-reader with Leather Charging Cover - Merlot, 6 High-Resolution Display (300 ppi), Wi-Fi - Includes Special Offers,, Kindle Oasis E-reader with Leather Charging Cover - Merlot, 6 High-Resolution Display (300 ppi), Wi-Fi - Includes Special Offers,, Kindle Oasis E-reader with Leather Charging Cover - Merlot, 6 High-Resolution Display (300 ppi), Wi-Fi - Includes Special Offers,, Kindle Oasis E-reader with Leather Charging Cover - Merlot, 6 High-Resolution Display (300 ppi), Wi-Fi - Includes Special Offers,, eBook Readers,Kindle E-readers,Computers & Tablets,E-Readers & Accessories,E-Readers",1,5,Kindle Voyage / E-readers
B00X4WHP5E,Unknown,Amazon,"TVs Entertainment,Wireless Speakers,Virtual Assistant Speakers,Featured Brands,Electronics,Amazon Devices,Home,Home Improvement,Home Safety & Security,Home Security,Alarms & Sensors,Smart Home & Home Automation Devices,Smart Hubs & Wireless Routers,Smart Hubs,Consumer Electronics,Voice-Enabled Smart Assistants,Smart Home & Connected Living,Home, Garage & Office,Smart Home,Voice Assistants,Surveillance,Home Automation,Speakers,Electronics Features,Holiday Shop,TV, Video & Home Audio,Internet & Media Streamers,Amazon Echo,Hubs & Controllers","The Amazon Echo is a really fun thing to play with. We always try to find new things to say to it which would make it say something funny. The Echo has been the most helpful in our home for creating shopping lists for everyone in the house with a phone. If any of us find ourselves at the store, we know what the others want. Shopping on Amazon is really easy and fun as well. There's a whole bunch of apps so it won't be hard for you to find what will make the Echo useful to you specifically. We love it. I couldn't recommend it more. I really liked the idea of having a device I could talk to out of nowhere that would answer (although our cells phones can do similarly, but you have to turn them on and press buttons, etc.). It is also gratifying to be able to tell a device to play music and it does. I was quite disappointed in the ability of Alexa to answer any serious questions. Jeff needs to pay to send his programmers back to search school. So many times Alexa says a phrase similar to I don't understand the question So basically I paid for a radio. I paid extra for the larger one, but the output is still no different than a clock radio. Come on Amazon!!! It works really well with a lot of really cool features. It is still missing a few things that the Google home has (maps). But it is still better than the Google home. We have two Amazon Echo's and both work flawlessly! Easy to set up, great for all around use, constantly add new features. This is my second Echo Just purchased for new condo Greatest invention - both for music, information and ordering Also, once you attach to voice command features such as lights it's amazing. I thought it would be a hassle to set up. It was easy. I thought it might feel creepy. I like her. I got it primarily for music. Know that if you purchase Amazon's Unlimited Music via Alexa, it's first month free, then 3.99 thereafter. You don't get that deal online. And you don't have to be a Prime member, which I find too expensive. I'm also thrilled that I can get my Pandora stations, which I think is not the case with Google's version. There are some things she doesn't understand but sometimes rewording helps. Several interesting skills to call upon. Fun. I like it. I'm in LOVE with ALEXA!!","Unknown Amazon TVs Entertainment,Wireless Speakers,Virtual Assistant Speakers,Featured Brands,Electronics,Amazon Devices,Home,Home Improvement,Home Safety & Security,Home Security,Alarms & Sensors,Smart Home & Home Automation Devices,Smart Hubs & Wireless Routers,Smart Hubs,Consumer Electronics,Voice-Enabled Smart Assistants,Smart Home & Connected Living,Home, Garage & Office,Smart Home,Voice Assistants,Surveillance,Home Automation,Speakers,Electronics Features,Holiday Shop,TV, Video & Home Audio,Internet & Media Streamers,Amazon Echo,Hubs & Controllers The Amazon Echo is a really fun thing to play with. We always try to find new things to say to it which would make it say something funny. The Echo has been the most helpful in our home for creating shopping lists for everyone in the house with a phone. If any of us find ourselves at the store, we know what the others want. Shopping on Amazon is really easy and fun as well. There's a whole bunch of apps so it won't be hard for you to find what will make the Echo useful to you specifically. We love it. I couldn't recommend it more. I really liked the idea of having a device I could talk to out of nowhere that would answer (although our cells phones can do similarly, but you have to turn them on and press buttons, etc.). It is also gratifying to be able to tell a device to play music and it does. I was quite disappointed in the ability of Alexa to answer any serious questions. Jeff needs to pay to send his programmers back to search school. So many times Alexa says a phrase similar to I don't understand the question So basically I paid for a radio. I paid extra for the larger one, but the output is still no different than a clock radio. Come on Amazon!!! It works really well with a lot of really cool features. It is still missing a few things that the Google home has (maps). But it is still better than the Google home. We have two Amazon Echo's and both work flawlessly! Easy to set up, great for all around use, constantly add new features. This is my second Echo Just purchased for new condo Greatest invention - both for music, information and ordering Also, once you attach to voice command features such as lights it's amazing. I thought it would be a hassle to set up. It was easy. I thought it might feel creepy. I like her. I got it primarily for music. Know that if you purchase Amazon's Unlimited Music via Alexa, it's first month free, then 3.99 thereafter. You don't get that deal online. And you don't have to be a Prime member, which I find too expensive. I'm also thrilled that I can get my Pandora stations, which I think is not the case with Google's version. There are some things she doesn't understand but sometimes rewording helps. Several interesting skills to call upon. Fun. I like it. I'm in LOVE with ALEXA!!",2,"Unknown TVs Entertainment,Wireless Speakers,Virtual Assistant Speakers,Featured Brands,Electronics,Amazon Devices,Home,Home Improvement,Home Safety & Security,Home Security,Alarms & Sensors,Smart Home & Home Automation Devices,Smart Hubs & Wireless Routers,Smart Hubs,Consumer Electronics,Voice-Enabled Smart Assistants,Smart Home & Connected Living,Home, Garage & Office,Smart Home,Voice Assistants,Surveillance,Home Automation,Speakers,Electronics Features,Holiday Shop,TV, Video & Home Audio,Internet & Media Streamers,Amazon Echo,Hubs & Controllers",3,"    TVs Entertainment,Wireless Speakers,Virtual Assistant Speakers,Featured Brands,Electronics,Amazon Devices,Home,Home Improvement,Home Safety & Security,Home Security,Alarms & Sensors,Smart Home & Home Automation Devices,Smart Hubs & Wireless Routers,Smart Hubs,Consumer Electronics,Voice-Enabled Smart Assistants,Smart Home & Connected Living,Home, Garage & Office,Smart Home,Voice Assistants,Surveillance,Home Automation,Speakers,Electronics Features,Holiday Shop,TV, Video & Home Audio,Internet & Media Streamers,Amazon Echo,Hubs & Controllers",3,3,Echo & Smart Home
B00ZV9PXP2,"Amazon Kindle Fire Hd (3rd Generation) 8gb,,,
Amazon Kindle Fire Hd (3rd Generation) 8gb,,,",Amazon,"Electronics,iPad & Tablets,All Tablets,Computers/Tablets & Networking,Tablets & eBook Readers,Computers & Tablets,E-Readers & Accessories,E-Readers,Used:Computers Accessories,Used:Tablets,Computers,iPads Tablets,Kindle E-readers,Electronics Features","What is there to say, but that I love it. Functions well, and lasts a long time. The sales people are really nice and knowledgeable to me I will come back again Great product and service and the sales man r really nice. Great product and service will refer to a friend. And the sales man r good very good product and service will refer a friend. Great selections. Hard to find assistance at times. This kindle is a basic and easy to use eReader. Exactly what I wanted. The charge lasts for a long time so you don't have to worry about charging it daily. Disappointed to realize there is not a light for night reading. Size and weight is great. It is affordable and it had Increased storage but no backlight and the screen could be better! Very good reading on this good and strong quality kindle I thought it would be as big as small paper but turn out to be just like my palm. I think it is too small to read on it... not very comfortable as regular Kindle. Would definitely recommend a paperwhite instead. I particularly like the fact that the text shows up and you can see it well outside on a sunny day. I use it with Kindle Unlimited. I like this e reader, but wish the screen were higher resolution. It requires decent light to look good, but it is easy on my eyes. The screen updates involve flashing the whole screen, which I noticed less over time. The advertised month long battery life is just standby time, it lasts much less if you are downloading and reading books. I purchased this product because I love to read and buying books got costly. With this product I can read all I want for 10.00 a month This is really good if you read a lot, doesn't strain your eyes and very light weight. Only demerit is - cant use in night if there is not enough light. Excellent product very good piece strongly recommend The Amazon Kindle is a good gift for the bookworm in your life. The lightweight and simplistic operating system allows for easy and enjoyable reading without all of the extras of a tablet. Great product for your money!! In trying to get my son to read more and thought a kindle would help. First I got a good deal on an old kindle model that had been refurbished and it quickly broke. I had a gift card to Best Buy and this one was on sale, so I got it for him. I also bought him a silicone case and bought a Best Buy warranty. It is much easier to use this model vs the old one that he had originally, and I like that you can use FreeTime app on this device but you only just get the books. I also use overdrive to get him books from the library. So far it is working great for us. I bought this at Best Buy instead of getting it online from Amazon because I like the Best Buy warranty and that they are easier to deal with than Amazon. The Kindle is great for reading on the go when I can't carry around a lot of books. Great buy! Bought it to replace a first generation Kindle. Perfect size, so easy to carry around. Long lasting battery life. Would reccomend! Easy to use and similar to using a book. Love it! I would buy again! Nice product, great price and expandable storage unlike the HD version My wife likes it because she can read all different kind of books FOR ITS SIZE IF OK THE VALUE MY WIFE LOVE IT SHE USE IT ALL THE TIME In my opinion this model is too small and feels cheap. And sd card slot. I am enjoying my Kindle very much! Easy to down load books and easy to read! Very happy with my purchase! I bought the Amazon Kindle so I could enjoy reading without lugging around multiple books. I usually read my ebooks on the Kindle app but I have gotten frustrated with my phone/tablet going into sleep mode. This Kindle is sufficient for my needs. I purchased a reading light for when I'm in low-light situations and it works very well. I am satisfied with my purchase. My fiance really enjoyes it! I would definitely recommend. The Amazon Kindle is a great device to enjoy reading before bed. The device is small and lightweight which is better than holding onto a heavier tablet. Its a decent reader for beginners. There is no backlight, so not good for reading in dark. also slips from hands, so purchase a cover if you buy it. Super easy to use and very gentle on your eyes, I've tried many e-readers but I'll definitely stick to this one. I love my new Kindle. The size is perfect. It fits right in my purse. Easy to navigate and I love the touch screen. I am able to read outside without a glare. Only flaw is that it is not backlit, so in order to read in the dark I need a book light. I don't mind that so much, I just wish kindle would come out with a case for this Kindle with a built in book light like they did for the first generation Kindle. It is great to be able to have all you books in the same place... This is my first e-reader. I like it so far. Easy to use interface. The ads can be kind of annoying, but keeps cost lower. Nice basic reader. Had the first model kindle and this is quite a bit lighter Great starter eReader, very simply does what it's made to do. Great way to read books available for downloads from the library This Kindle has no extra bells or whistles that would cause major battery drainage. Sometimes less is more. No distractions to keep you from reading, no backlights to fatigue your eyes. Be aware that you can't read this Kindle in the dark.Pretty simple to operate. FYI there is no wall plug adapter for this unit only the USB cord that plugs into the Kindle, and computer for charging. You can buy an adapter separately. If you have the Kindle Fire HDX that adapter works with this kindle. You can use that adapter to charge it from the electrical outlet.I recently purchased this Kindle. I do have had other Kindles, and enjoy them immensely.I purchased this one for outdoor use.So far I Love it! Great item, easy to use,would recommend to anybody want to use! There is no way to lock the font size and it changes if you touch the screen. I liked my paper white better but it died. After using a series of low end tablets as an e-Reader, I purchased this on sale for $50. It only really does one thing - display Kindle books in normal lighting, but it does it well.Size, feel, and battery life are all good, and unlike LCD-based tablets it is easy to read outside. The Amazon lock-screen ads are not that intrusive, and easy to ignore. this item is a great upgrade from my last kindle.everything is touch screen and is faster than before This devices is great for storing all my amazon books. It is also very light and portable. Simple to use as well. This is a great product, my 8yr son is completely hooked onto it. The only change I would say it making the interface a little easier to use. I've owned a couple of Kindles. This one is my favorite thus far. The screen is a little too sensitive for my liking but other than that, great! Got this on sale for a great price and is a great product. Small, light easy to read in any lighting. If you are looking for a device that serves one purpose, to read books anywhere, this is for you. I am happy as i bought it for reading and it is good. I am very happy with my e-reader. It is so practical for reading along with my daughter. she has one as well, and we use them to read every night as required by her 4th grade class curriculum.","Amazon Kindle Fire Hd (3rd Generation) 8gb,,,
Amazon Kindle Fire Hd (3rd Generation) 8gb,,, Amazon Electronics,iPad & Tablets,All Tablets,Computers/Tablets & Networking,Tablets & eBook Readers,Computers & Tablets,E-Readers & Accessories,E-Readers,Used:Computers Accessories,Used:Tablets,Computers,iPads Tablets,Kindle E-readers,Electronics Features What is there to say, but that I love it. Functions well, and lasts a long time. The sales people are really nice and knowledgeable to me I will come back again Great product and service and the sales man r really nice. Great product and service will refer to a friend. And the sales man r good very good product and service will refer a friend. Great selections. Hard to find assistance at times. This kindle is a basic and easy to use eReader. Exactly what I wanted. The charge lasts for a long time so you don't have to worry about charging it daily. Disappointed to realize there is not a light for night reading. Size and weight is great. It is affordable and it had Increased storage but no backlight and the screen could be better! Very good reading on this good and strong quality kindle I thought it would be as big as small paper but turn out to be just like my palm. I think it is too small to read on it... not very comfortable as regular Kindle. Would definitely recommend a paperwhite instead. I particularly like the fact that the text shows up and you can see it well outside on a sunny day. I use it with Kindle Unlimited. I like this e reader, but wish the screen were higher resolution. It requires decent light to look good, but it is easy on my eyes. The screen updates involve flashing the whole screen, which I noticed less over time. The advertised month long battery life is just standby time, it lasts much less if you are downloading and reading books. I purchased this product because I love to read and buying books got costly. With this product I can read all I want for 10.00 a month This is really good if you read a lot, doesn't strain your eyes and very light weight. Only demerit is - cant use in night if there is not enough light. Excellent product very good piece strongly recommend The Amazon Kindle is a good gift for the bookworm in your life. The lightweight and simplistic operating system allows for easy and enjoyable reading without all of the extras of a tablet. Great product for your money!! In trying to get my son to read more and thought a kindle would help. First I got a good deal on an old kindle model that had been refurbished and it quickly broke. I had a gift card to Best Buy and this one was on sale, so I got it for him. I also bought him a silicone case and bought a Best Buy warranty. It is much easier to use this model vs the old one that he had originally, and I like that you can use FreeTime app on this device but you only just get the books. I also use overdrive to get him books from the library. So far it is working great for us. I bought this at Best Buy instead of getting it online from Amazon because I like the Best Buy warranty and that they are easier to deal with than Amazon. The Kindle is great for reading on the go when I can't carry around a lot of books. Great buy! Bought it to replace a first generation Kindle. Perfect size, so easy to carry around. Long lasting battery life. Would reccomend! Easy to use and similar to using a book. Love it! I would buy again! Nice product, great price and expandable storage unlike the HD version My wife likes it because she can read all different kind of books FOR ITS SIZE IF OK THE VALUE MY WIFE LOVE IT SHE USE IT ALL THE TIME In my opinion this model is too small and feels cheap. And sd card slot. I am enjoying my Kindle very much! Easy to down load books and easy to read! Very happy with my purchase! I bought the Amazon Kindle so I could enjoy reading without lugging around multiple books. I usually read my ebooks on the Kindle app but I have gotten frustrated with my phone/tablet going into sleep mode. This Kindle is sufficient for my needs. I purchased a reading light for when I'm in low-light situations and it works very well. I am satisfied with my purchase. My fiance really enjoyes it! I would definitely recommend. The Amazon Kindle is a great device to enjoy reading before bed. The device is small and lightweight which is better than holding onto a heavier tablet. Its a decent reader for beginners. There is no backlight, so not good for reading in dark. also slips from hands, so purchase a cover if you buy it. Super easy to use and very gentle on your eyes, I've tried many e-readers but I'll definitely stick to this one. I love my new Kindle. The size is perfect. It fits right in my purse. Easy to navigate and I love the touch screen. I am able to read outside without a glare. Only flaw is that it is not backlit, so in order to read in the dark I need a book light. I don't mind that so much, I just wish kindle would come out with a case for this Kindle with a built in book light like they did for the first generation Kindle. It is great to be able to have all you books in the same place... This is my first e-reader. I like it so far. Easy to use interface. The ads can be kind of annoying, but keeps cost lower. Nice basic reader. Had the first model kindle and this is quite a bit lighter Great starter eReader, very simply does what it's made to do. Great way to read books available for downloads from the library This Kindle has no extra bells or whistles that would cause major battery drainage. Sometimes less is more. No distractions to keep you from reading, no backlights to fatigue your eyes. Be aware that you can't read this Kindle in the dark.Pretty simple to operate. FYI there is no wall plug adapter for this unit only the USB cord that plugs into the Kindle, and computer for charging. You can buy an adapter separately. If you have the Kindle Fire HDX that adapter works with this kindle. You can use that adapter to charge it from the electrical outlet.I recently purchased this Kindle. I do have had other Kindles, and enjoy them immensely.I purchased this one for outdoor use.So far I Love it! Great item, easy to use,would recommend to anybody want to use! There is no way to lock the font size and it changes if you touch the screen. I liked my paper white better but it died. After using a series of low end tablets as an e-Reader, I purchased this on sale for $50. It only really does one thing - display Kindle books in normal lighting, but it does it well.Size, feel, and battery life are all good, and unlike LCD-based tablets it is easy to read outside. The Amazon lock-screen ads are not that intrusive, and easy to ignore. this item is a great upgrade from my last kindle.everything is touch screen and is faster than before This devices is great for storing all my amazon books. It is also very light and portable. Simple to use as well. This is a great product, my 8yr son is completely hooked onto it. The only change I would say it making the interface a little easier to use. I've owned a couple of Kindles. This one is my favorite thus far. The screen is a little too sensitive for my liking but other than that, great! Got this on sale for a great price and is a great product. Small, light easy to read in any lighting. If you are looking for a device that serves one purpose, to read books anywhere, this is for you. I am happy as i bought it for reading and it is good. I am very happy with my e-reader. It is so practical for reading along with my daughter. she has one as well, and we use them to read every night as required by her 4th grade class curriculum.",5,"Amazon Kindle Fire Hd (3rd Generation) 8gb,,,
Amazon Kindle Fire Hd (3rd Generation) 8gb,,, Electronics,iPad & Tablets,All Tablets,Computers/Tablets & Networking,Tablets & eBook Readers,Computers & Tablets,E-Readers & Accessories,E-Readers,Used:Computers Accessories,Used:Tablets,Computers,iPads Tablets,Kindle E-readers,Electronics Features",0,"Amazon Kindle Fire Hd (3rd Generation) 8gb,,,
Amazon Kindle Fire Hd (3rd Generation) 8gb,,, Amazon Kindle Fire Hd (3rd Generation) 8gb,,,
Amazon Kindle Fire Hd (3rd Generation) 8gb,,, Amazon Kindle Fire Hd (3rd Generation) 8gb,,,
Amazon Kindle Fire Hd (3rd Generation) 8gb,,, Amazon Kindle Fire Hd (3rd Generation) 8gb,,,
Amazon Kindle Fire Hd (3rd Generation) 8gb,,, Electronics,iPad & Tablets,All Tablets,Computers/Tablets & Networking,Tablets & eBook Readers,Computers & Tablets,E-Readers & Accessories,E-Readers,Used:Computers Accessories,Used:Tablets,Computers,iPads Tablets,Kindle E-readers,Electronics Features",0,4,Fire HD Tablets
B0189XYY0Q,Unknown,Amazon Fire,"Electronics,Tablets & E-Readers,Tablets,Back To College,College Electronics,College Ipads & Tablets,Featured Brands,Amazon Devices,Electronics Deals,Computers & Tablets,All Tablets,Electronics Features,eBook Readers","Love it ! I started with a kindle,then a fire kindle, and now a fire tablet. I can do everything from reading, listening to music, watching movies to surfing the internet. Well worth the money. Grandchild loves the tablet. Easy to set up and child and adult user griendly We bought this because we thought it would be great for reading books and playing a few games. However, awkward size makes the device very weird to hold and generally not enjoyable. The Fire HD 8 shares the exact same specs and has a higher battery life. There's almost no reason to take this device over the 8. Picture quality is very clear good size to take with me.I wished i would found a cover for this model at the store. Universal model does not work as to I have to take cover off to use camera Great Tablet.Performs very well so far.Pictures and graphics are of very good quality. Very good but does not take all aps unless it is related to Amazon. I could not get all the aps I wanted. Good tablet for reading. I love the kindle, although do then to drop them. Always get the insurance and best buy makes it easy to replace them i really love this product i have down loaded many many books and i like it because it is big when i brought mine my sister returned and purchased her one too Very nice people and good product. I would buy from again. I read the camera specs which is what caught my eye and they are great - takes great picture but the ""zoom"" feature quickly distorts actual picture. I can do everything I need on this tablet while traveling - check my email, browse the internet with the silk browser app, youtube, free app games etc. Because I have an amazon prime account as well, I linked my tablet to it so I can access a huge variety of free music, tv and movies. There are several offline options to load files onto the SD card, or to your tablets memory, so you can watch movies or use it as a mp3 player while away from internet. I watched a 2 hour movie on the airplane and only went through 30% of the battery power. Beautiful screen, loud speakers with the option for headphones. I have no reason to want anything more expensive, such as an ipad or surface since this does all I need while away from home. I am reading positive reviews and wish I could say the same. Best Buy is great, so this is not a reflection on them, just our experience with the product. We have had this product for just over one month and I have had to contact Amazon Support, perform factory resets to get content to show up, and the device is poorly designed as the SD card pops out constantly, which messes with DRM, and does you no good if this happens when you are not connected to the Internet to fix it. We are returning, and spending the extra money for an iPad. Will not purchase another kindle device unfortunately just based on this experience. If you just use the device for reading, maybe this is for you, but trying to download information to SD card and actually being able to access it has been beyond frustrating, as well as having to do factory resets so content owned/ already purchased on Amazon would show up on the device in the library. Wish it had its own onternet connection but other than that great purchase Bought 3 for different and after 3 years mine went kerplot gona get new upgraded one for Christmas this year Great item easy to use and setup fast and great for surfing the web yes I would recommend Use for entertainment only. It works GREAT. Best option for those that don't want to spend so much for an I Pad. nice tablet function well great item for surfing the Web easy to use and set up yes I would recommend Easy to setup, easy to use. I've had another tablet, but it wasn't as easy and comfortable to use. For what I bought it for, it's perfect for me. It weighs less than a pound (compared to my other tablet), and I can read what's on the screen easier. Without a manual, the best thing you can do is play with it. I'm still learning this and expect to get rolling on it very soon. use it everyday. enjoy reading using the Kindle Fire HD 10. Easy to set up. Good size tablet. Like the addition of Alexa Great gift for my dad who cant get out in the yard anymore like he used to. He's not tech savvy but he got used to the kindle pretty quickly. Got this for my nephew, he had a galaxy and loves the amazon My mother in law loves her kindle!! She plays her games on it and can use it without glasses! I would recommend this tablet because of the value The Kindle10 is OK, but a bit confusing to figure out. I do love the larger screen since I need to increase the text size. However, I did find a book that does explain the Kindle10 version on Amazon. I love the kindle. I'm not completely happy with the sound quality of the speaker's. And, a month later it already seems to be lagging and freezing a bit. I have one music app, several books, and a few games on it. I don't seem to be using it as much as my 7 during long trips just because of the size. The kindle fire 10 is a major upgrade from the original fire. My kids, 8 and 11, referred to it as an IPad when it was first received. As I age, it's difficult for me to see the smaller screens so when this one came out .... I was delighted!!! Love playing my games!!! This tablet is so much easier to use than my 6"" fire. It is great for reading or eatching movies. I was looking for a larger tablet than my 7"" Kindle Fire and was on the fence that the 10"" Kindle Fire would be too large. Much to my surprise, it has been an easy adjustment. While larger, the video viewing is better and the magazine reading is much easier on the eyes. Although I miss my 7"" for my book reading as the 10"" seems too big, I am happy overall with the new tablet. I like Kindle obviously but I find the 10 inch is bulky, heavier and difficult to handle by someone with carpal tunnel syndrome and arthritis. It's easier to see the screen on the 10"" but I prefer the smaller screen because it's better for handling with my arthritic, weak joints/grip. I do have to admit the bigger screen is better for watching videos and movies! I love my original Kindle Fire but the size and features on the latest Kindle are a plus Easy to use and the large screen has wonderfully clear picture. Best Kindle yet, better resolution faster processor, very flexible use We have had several of the Kindles over the years. This was a replacement to an HDX (wish they still made those). The screen is big and very clear and easy to navigate. Kids play alot of games and use it to read books on for school. I would also recommend these to family members, like grandparents. The screen size and ease of use makes for less calls back to the family IT person. I bought this Tablet for my Wife. She uses it every day. It is very usefulto her. She uses it in place of a computer. She watches movies on it.The Graphics are excellent. I bought this for a family member because they had the smaller 7"" Amazon Fire. The 10"" version can be held easier in my opinion I find the picture quality amazing, the size over earlier model is welcome. Also, battery lasts many hours. For the price, it is a real bargain. Excellent product. I Upgraded to the Fire HD 10 10.1 I bought this for my wife who is an avid reader and she loves it more than her last one. upgraded from a previous model and cannot be happier Love this product works great so far i would recommend this to others Biggest and best Kindle yet. Light as a feather. Buy one today. This is my first kindle and I have been very pleased with it for what I payed for it. Perfect technology for my 11 year old son for games, reading, and homework. This tablet does everything that we need it to do. The screen looks really good and it doesn't seem to be under powered. The expandable storage feature is awesome if you want to store music and movies on it. The only thing that is a negative is the limited selection of apps for it. I knew about it before I bought it and it hasn't been an issue yet. This was an Xmas gift for my wife. She had wanted a pad of some sort but I just couldn't afford an Ipad so I looked at the Fire as an alternative. First the screen size was just what I wanted. Second the price was very reasonable. Third it had functions and capabilities that were suitable for my wife's skills and needs. She absolutely loves it and I actually got a compliment on my present giving. That don't happen very often let me tell you. I will recommend this she's pleased I'm pleased what else do you need? My son was able to piggyback off of this gift, and purchased her the cover to go with it. So it really worked for my family. And I made my wife happy . Purchased as a gift and the owner loves the functionality and size of the tablet. I bought this for my daughter and she absolutely loves this Kindle. It is a good size and the price was right. Love my new Kindle Fire HD 10. I travel with it as well as use it at home. Perfect size for my needs. I own a 8in. but fount it was too small. Just ordered a keyboard to take when traveling.","Unknown Amazon Fire Electronics,Tablets & E-Readers,Tablets,Back To College,College Electronics,College Ipads & Tablets,Featured Brands,Amazon Devices,Electronics Deals,Computers & Tablets,All Tablets,Electronics Features,eBook Readers Love it ! I started with a kindle,then a fire kindle, and now a fire tablet. I can do everything from reading, listening to music, watching movies to surfing the internet. Well worth the money. Grandchild loves the tablet. Easy to set up and child and adult user griendly We bought this because we thought it would be great for reading books and playing a few games. However, awkward size makes the device very weird to hold and generally not enjoyable. The Fire HD 8 shares the exact same specs and has a higher battery life. There's almost no reason to take this device over the 8. Picture quality is very clear good size to take with me.I wished i would found a cover for this model at the store. Universal model does not work as to I have to take cover off to use camera Great Tablet.Performs very well so far.Pictures and graphics are of very good quality. Very good but does not take all aps unless it is related to Amazon. I could not get all the aps I wanted. Good tablet for reading. I love the kindle, although do then to drop them. Always get the insurance and best buy makes it easy to replace them i really love this product i have down loaded many many books and i like it because it is big when i brought mine my sister returned and purchased her one too Very nice people and good product. I would buy from again. I read the camera specs which is what caught my eye and they are great - takes great picture but the ""zoom"" feature quickly distorts actual picture. I can do everything I need on this tablet while traveling - check my email, browse the internet with the silk browser app, youtube, free app games etc. Because I have an amazon prime account as well, I linked my tablet to it so I can access a huge variety of free music, tv and movies. There are several offline options to load files onto the SD card, or to your tablets memory, so you can watch movies or use it as a mp3 player while away from internet. I watched a 2 hour movie on the airplane and only went through 30% of the battery power. Beautiful screen, loud speakers with the option for headphones. I have no reason to want anything more expensive, such as an ipad or surface since this does all I need while away from home. I am reading positive reviews and wish I could say the same. Best Buy is great, so this is not a reflection on them, just our experience with the product. We have had this product for just over one month and I have had to contact Amazon Support, perform factory resets to get content to show up, and the device is poorly designed as the SD card pops out constantly, which messes with DRM, and does you no good if this happens when you are not connected to the Internet to fix it. We are returning, and spending the extra money for an iPad. Will not purchase another kindle device unfortunately just based on this experience. If you just use the device for reading, maybe this is for you, but trying to download information to SD card and actually being able to access it has been beyond frustrating, as well as having to do factory resets so content owned/ already purchased on Amazon would show up on the device in the library. Wish it had its own onternet connection but other than that great purchase Bought 3 for different and after 3 years mine went kerplot gona get new upgraded one for Christmas this year Great item easy to use and setup fast and great for surfing the web yes I would recommend Use for entertainment only. It works GREAT. Best option for those that don't want to spend so much for an I Pad. nice tablet function well great item for surfing the Web easy to use and set up yes I would recommend Easy to setup, easy to use. I've had another tablet, but it wasn't as easy and comfortable to use. For what I bought it for, it's perfect for me. It weighs less than a pound (compared to my other tablet), and I can read what's on the screen easier. Without a manual, the best thing you can do is play with it. I'm still learning this and expect to get rolling on it very soon. use it everyday. enjoy reading using the Kindle Fire HD 10. Easy to set up. Good size tablet. Like the addition of Alexa Great gift for my dad who cant get out in the yard anymore like he used to. He's not tech savvy but he got used to the kindle pretty quickly. Got this for my nephew, he had a galaxy and loves the amazon My mother in law loves her kindle!! She plays her games on it and can use it without glasses! I would recommend this tablet because of the value The Kindle10 is OK, but a bit confusing to figure out. I do love the larger screen since I need to increase the text size. However, I did find a book that does explain the Kindle10 version on Amazon. I love the kindle. I'm not completely happy with the sound quality of the speaker's. And, a month later it already seems to be lagging and freezing a bit. I have one music app, several books, and a few games on it. I don't seem to be using it as much as my 7 during long trips just because of the size. The kindle fire 10 is a major upgrade from the original fire. My kids, 8 and 11, referred to it as an IPad when it was first received. As I age, it's difficult for me to see the smaller screens so when this one came out .... I was delighted!!! Love playing my games!!! This tablet is so much easier to use than my 6"" fire. It is great for reading or eatching movies. I was looking for a larger tablet than my 7"" Kindle Fire and was on the fence that the 10"" Kindle Fire would be too large. Much to my surprise, it has been an easy adjustment. While larger, the video viewing is better and the magazine reading is much easier on the eyes. Although I miss my 7"" for my book reading as the 10"" seems too big, I am happy overall with the new tablet. I like Kindle obviously but I find the 10 inch is bulky, heavier and difficult to handle by someone with carpal tunnel syndrome and arthritis. It's easier to see the screen on the 10"" but I prefer the smaller screen because it's better for handling with my arthritic, weak joints/grip. I do have to admit the bigger screen is better for watching videos and movies! I love my original Kindle Fire but the size and features on the latest Kindle are a plus Easy to use and the large screen has wonderfully clear picture. Best Kindle yet, better resolution faster processor, very flexible use We have had several of the Kindles over the years. This was a replacement to an HDX (wish they still made those). The screen is big and very clear and easy to navigate. Kids play alot of games and use it to read books on for school. I would also recommend these to family members, like grandparents. The screen size and ease of use makes for less calls back to the family IT person. I bought this Tablet for my Wife. She uses it every day. It is very usefulto her. She uses it in place of a computer. She watches movies on it.The Graphics are excellent. I bought this for a family member because they had the smaller 7"" Amazon Fire. The 10"" version can be held easier in my opinion I find the picture quality amazing, the size over earlier model is welcome. Also, battery lasts many hours. For the price, it is a real bargain. Excellent product. I Upgraded to the Fire HD 10 10.1 I bought this for my wife who is an avid reader and she loves it more than her last one. upgraded from a previous model and cannot be happier Love this product works great so far i would recommend this to others Biggest and best Kindle yet. Light as a feather. Buy one today. This is my first kindle and I have been very pleased with it for what I payed for it. Perfect technology for my 11 year old son for games, reading, and homework. This tablet does everything that we need it to do. The screen looks really good and it doesn't seem to be under powered. The expandable storage feature is awesome if you want to store music and movies on it. The only thing that is a negative is the limited selection of apps for it. I knew about it before I bought it and it hasn't been an issue yet. This was an Xmas gift for my wife. She had wanted a pad of some sort but I just couldn't afford an Ipad so I looked at the Fire as an alternative. First the screen size was just what I wanted. Second the price was very reasonable. Third it had functions and capabilities that were suitable for my wife's skills and needs. She absolutely loves it and I actually got a compliment on my present giving. That don't happen very often let me tell you. I will recommend this she's pleased I'm pleased what else do you need? My son was able to piggyback off of this gift, and purchased her the cover to go with it. So it really worked for my family. And I made my wife happy . Purchased as a gift and the owner loves the functionality and size of the tablet. I bought this for my daughter and she absolutely loves this Kindle. It is a good size and the price was right. Love my new Kindle Fire HD 10. I travel with it as well as use it at home. Perfect size for my needs. I own a 8in. but fount it was too small. Just ordered a keyboard to take when traveling.",5,"Unknown Electronics,Tablets & E-Readers,Tablets,Back To College,College Electronics,College Ipads & Tablets,Featured Brands,Amazon Devices,Electronics Deals,Computers & Tablets,All Tablets,Electronics Features,eBook Readers",0,"    Electronics,Tablets & E-Readers,Tablets,Back To College,College Electronics,College Ipads & Tablets,Featured Brands,Amazon Devices,Electronics Deals,Computers & Tablets,All Tablets,Electronics Features,eBook Readers",0,0,Accessories & Power
B018SZT3BK,"Fire Tablet, 7 Display, Wi-Fi, 8 GB - Includes Special Offers, Black",Amazon,"Fire Tablets,Tablets,Computers & Tablets,All Tablets,Computers/Tablets & Networking,Tablets & eBook Readers","This tablet could be so much better if the apps actually worked decently. The built in Amazon pieces for Prime members is great and work flawlessly. But it's not enough to overcome the terrible app behavior and countless freezes. They need to take a lesson or two from Apple. I needed a tablet to keep at the hospital during overnight stays so I decided based on price to get the kindle 8 and I am pleased I did! For only $89 the bright picture, sound, storage, and ease of use is well worth it. Bought this as a gift for my mom and couldn't be more pleased at how she is enjoying it. very glad I bought this tablet, The price was good and my friends love it Excellent tablet! I purchased for someone in a nursing home and she loves it! Why buy an I-pad when you can pay much less for a tablet that will do everything you need it to do, plus you get all the cost benefits of Amazon purchasing. One of the best buys on the market. Any one who doesn't want to spend too much money and get a tablet for kids it is perfect for them. I like it a lot. Got it just to be able to get on line while husband was on the laptop but there is so much more. Very user friendly. A few basic directions and you breeze through most set ups. I can check the breaking news, weather or look up an address etc.& be out the door meanwhile the laptop is still booting. The Fire shut down (Moko case) is merely shutting the cover. Weak spot; For listening to music has rather poor sound but movies, shows, voices etc are clear & fine. Will be getting the Fire Stick shortly. No opinion on camera/video yet. My wife has used a Kindle Fire for years now and it was time to upgrade her. This device went on sale right before Mother's Day and I knew it was time to upgrade her 3 year old device. I picked a color and ordered and delivery to the store and pickup was just in time for the weekend. Overall, great product and great service from Best Buy for getting it to me in time. I love the kindle. I have had 4 versions now. (None of them broke down, I just upgraded) The new one has more storage space and handles everything I want to do. It is the perfect size and easy to carry. The Fire products are just a great deal. Next release includes Alexa the famous personal assistant - so add to all the features and great value on this generation and another price drop as well!!!! I just enjoy and find it easier to read on this than my iPad. I replaced my old Gen 1 Kindle Fire and this doesn't disappoint. It was a great experience. I will be back in the future!! How can you beat a good android based tablet under $100? By making it an Amazon tablet. Great product works great will be using this for years. Very happy with this product. It is a great deal at this price point I use my Fire every day. I'm very satisfied with it's performance and size. The battery last a long time, so I can use the Kindle for hours without recharging. Gave this as an early bday gift for a friend that hooked me on eReaders. The improvements to the time it holds a charge and screen size are awesome! The Kindle Fire HD8 6th Generation is Wonderful! My old, old, old one was the 7"" screen which was fine, but the 8"" is even nicer. It still fits easily in my purse to take along with me. It's great having the camera which takes nice pics. I haven't tried the ""Alexa"" feature yet, so can't say much about that. The blue shade feature is wonderful for night time reading in bed. With my old one, even on the lowest setting, it would still disturb my husband sometimes. The blue shade provides a soft, gentle color that is easy to read and easy on your eyes. Using the internet is much quicker and smoother on this version as well. It's just better suited to it than my older version was. My only complaint is that the choices for cases are much more limited than cases for the older versions. After lots of searching, I found one on Amazon that I really like, but didn't have much choice in designs/colors.Overall I LOVE my Kindle! I already had the Kindle Fire 7"", and this KF8 not only has a bigger picture screen but is faster. I am 75 and enjoy it very much. Great for reading. Meets the needs. very well designed and a good place to start for reading ebooks and watching online shows on the go. I love this tablet. It is a perfect size, works great and was very affordable. Best tablet hands down for kids! Great parental controls and content selection is awesome with Amazon Freetime! Does exactly what I wanted. Highly recommend for an inexpensive travel reader. My mom loves this More space and functions very well! So easy to use and keep track of what children are doing . We bought one for one of my kids for their birthday and his brother liked it so much that he bought himself one with his birthday money. This tablet has exceeded all of my expectations. This was purchased to replace a 4 year old iPad mini, and I could not be happier. This work great. I purchased one for myself, then went back bought one for my niece. Then thought how much I love the ease and function of the Kindle got my sister one. I can't say how much I use my Kindle my niece and sister agree best gift I every gave them. Original purchase for Amazon Fire HD 8 32 GB model put on backorder and cancelled by local Elk Grove CA Best Buy store. Purchased Amazon Fire HD 8 16 GB model from local Best Buy store. A total of $29.99 Sales Tax, Fees & Surcharges were not returned from original Order Number: BBY01-800223005180. Why was the $29.99 not returned? The Amazon Fire HD 8 16 GB (6th Generation) works good. This is a great tablet for the price. Gave it my not so tech savvy mom for her birthday and she loves it! This is a very nice Tablet and for the Price I think is a great Price/performance ratio. Enjoying it very much so far. The only con so far is that does not come open to Access google play store, though there are some work arounds. Nice size and excelent resolution for ocasional streaming. Does everything I need. Can watch movies and read books. Good this is an excellent tablet, I will recommend it I absolutely love this tablet!!! If I had bought this prior to buying my Kindle Paperwhite e-reader, I would have not purchased the e-reader at all, however it's nice to have just a designated e-reader device. The size is perfect! I am actually going to use this device instead of my 17"" laptop to check my emails during the day. This was my second e reader and I love it easy to operate along with a lot of apps available. It was time for me to upgrade and glad I did. This Fire HD 8 is bigger, more apps, easier to switch from one application to the other, features more songs, great addition of audible, and glad this version includes a charger. I love the fact that I can play movies and fall asleep. Once the movie is done, the table goes off. This is a cheap tablet, but you get more bang for your buck! I bought this for my sister after her child stepped on her laptop and broke the screen! She is in love with it - it's just the right size for her to do her photo editing, surf the web, watch videos, etc. It's quite durable as well - seeing as how a four-year-old has his hands on it quite often :)The only thing that could be improved is the camera quality - but we didn't buy it to take pictures with. Just to edit them! This generation works much better than my previous Kindle Fire. I'm very happy with it. Slow response. Wait 5 sec to turn a page. Frustrating. Best Buy says too bad so sad for me. My only wish is I would be more computer litterate. I have trouble understanding what to do next to continue so I go back to start of games. I bought for the Kindle and reading apps. but have put netflix on it I purchased the Fire Tablet basically as an e-reader. However, after finding out how to install the Google Play Store, it is much more. Nothing speedy or top of the line, but what would one expect for the price. No regrets! 2nd one I've purchased! Does not run down charge quickly.l Good tablet althought the availability of apps thru their appstore is limited. Love the no glare feature. Perfect for outdoors. This is light weight and will be great for travel. Works great. But could use more apps and less preloaded junk. Bought this tablet for my 4 yo and 9 yo. Tablet was perfect for their use of watching movies and kid games Just what my 10 year old needed to take her tech to the next level. Love the parental controls to keep her safe online Bought four of these for grandkids. Suitable for adults, super fast, great operating system. Extremely easy to setup. Good screen quality, good battery life. Extremely pleased.","Fire Tablet, 7 Display, Wi-Fi, 8 GB - Includes Special Offers, Black Amazon Fire Tablets,Tablets,Computers & Tablets,All Tablets,Computers/Tablets & Networking,Tablets & eBook Readers This tablet could be so much better if the apps actually worked decently. The built in Amazon pieces for Prime members is great and work flawlessly. But it's not enough to overcome the terrible app behavior and countless freezes. They need to take a lesson or two from Apple. I needed a tablet to keep at the hospital during overnight stays so I decided based on price to get the kindle 8 and I am pleased I did! For only $89 the bright picture, sound, storage, and ease of use is well worth it. Bought this as a gift for my mom and couldn't be more pleased at how she is enjoying it. very glad I bought this tablet, The price was good and my friends love it Excellent tablet! I purchased for someone in a nursing home and she loves it! Why buy an I-pad when you can pay much less for a tablet that will do everything you need it to do, plus you get all the cost benefits of Amazon purchasing. One of the best buys on the market. Any one who doesn't want to spend too much money and get a tablet for kids it is perfect for them. I like it a lot. Got it just to be able to get on line while husband was on the laptop but there is so much more. Very user friendly. A few basic directions and you breeze through most set ups. I can check the breaking news, weather or look up an address etc.& be out the door meanwhile the laptop is still booting. The Fire shut down (Moko case) is merely shutting the cover. Weak spot; For listening to music has rather poor sound but movies, shows, voices etc are clear & fine. Will be getting the Fire Stick shortly. No opinion on camera/video yet. My wife has used a Kindle Fire for years now and it was time to upgrade her. This device went on sale right before Mother's Day and I knew it was time to upgrade her 3 year old device. I picked a color and ordered and delivery to the store and pickup was just in time for the weekend. Overall, great product and great service from Best Buy for getting it to me in time. I love the kindle. I have had 4 versions now. (None of them broke down, I just upgraded) The new one has more storage space and handles everything I want to do. It is the perfect size and easy to carry. The Fire products are just a great deal. Next release includes Alexa the famous personal assistant - so add to all the features and great value on this generation and another price drop as well!!!! I just enjoy and find it easier to read on this than my iPad. I replaced my old Gen 1 Kindle Fire and this doesn't disappoint. It was a great experience. I will be back in the future!! How can you beat a good android based tablet under $100? By making it an Amazon tablet. Great product works great will be using this for years. Very happy with this product. It is a great deal at this price point I use my Fire every day. I'm very satisfied with it's performance and size. The battery last a long time, so I can use the Kindle for hours without recharging. Gave this as an early bday gift for a friend that hooked me on eReaders. The improvements to the time it holds a charge and screen size are awesome! The Kindle Fire HD8 6th Generation is Wonderful! My old, old, old one was the 7"" screen which was fine, but the 8"" is even nicer. It still fits easily in my purse to take along with me. It's great having the camera which takes nice pics. I haven't tried the ""Alexa"" feature yet, so can't say much about that. The blue shade feature is wonderful for night time reading in bed. With my old one, even on the lowest setting, it would still disturb my husband sometimes. The blue shade provides a soft, gentle color that is easy to read and easy on your eyes. Using the internet is much quicker and smoother on this version as well. It's just better suited to it than my older version was. My only complaint is that the choices for cases are much more limited than cases for the older versions. After lots of searching, I found one on Amazon that I really like, but didn't have much choice in designs/colors.Overall I LOVE my Kindle! I already had the Kindle Fire 7"", and this KF8 not only has a bigger picture screen but is faster. I am 75 and enjoy it very much. Great for reading. Meets the needs. very well designed and a good place to start for reading ebooks and watching online shows on the go. I love this tablet. It is a perfect size, works great and was very affordable. Best tablet hands down for kids! Great parental controls and content selection is awesome with Amazon Freetime! Does exactly what I wanted. Highly recommend for an inexpensive travel reader. My mom loves this More space and functions very well! So easy to use and keep track of what children are doing . We bought one for one of my kids for their birthday and his brother liked it so much that he bought himself one with his birthday money. This tablet has exceeded all of my expectations. This was purchased to replace a 4 year old iPad mini, and I could not be happier. This work great. I purchased one for myself, then went back bought one for my niece. Then thought how much I love the ease and function of the Kindle got my sister one. I can't say how much I use my Kindle my niece and sister agree best gift I every gave them. Original purchase for Amazon Fire HD 8 32 GB model put on backorder and cancelled by local Elk Grove CA Best Buy store. Purchased Amazon Fire HD 8 16 GB model from local Best Buy store. A total of $29.99 Sales Tax, Fees & Surcharges were not returned from original Order Number: BBY01-800223005180. Why was the $29.99 not returned? The Amazon Fire HD 8 16 GB (6th Generation) works good. This is a great tablet for the price. Gave it my not so tech savvy mom for her birthday and she loves it! This is a very nice Tablet and for the Price I think is a great Price/performance ratio. Enjoying it very much so far. The only con so far is that does not come open to Access google play store, though there are some work arounds. Nice size and excelent resolution for ocasional streaming. Does everything I need. Can watch movies and read books. Good this is an excellent tablet, I will recommend it I absolutely love this tablet!!! If I had bought this prior to buying my Kindle Paperwhite e-reader, I would have not purchased the e-reader at all, however it's nice to have just a designated e-reader device. The size is perfect! I am actually going to use this device instead of my 17"" laptop to check my emails during the day. This was my second e reader and I love it easy to operate along with a lot of apps available. It was time for me to upgrade and glad I did. This Fire HD 8 is bigger, more apps, easier to switch from one application to the other, features more songs, great addition of audible, and glad this version includes a charger. I love the fact that I can play movies and fall asleep. Once the movie is done, the table goes off. This is a cheap tablet, but you get more bang for your buck! I bought this for my sister after her child stepped on her laptop and broke the screen! She is in love with it - it's just the right size for her to do her photo editing, surf the web, watch videos, etc. It's quite durable as well - seeing as how a four-year-old has his hands on it quite often :)The only thing that could be improved is the camera quality - but we didn't buy it to take pictures with. Just to edit them! This generation works much better than my previous Kindle Fire. I'm very happy with it. Slow response. Wait 5 sec to turn a page. Frustrating. Best Buy says too bad so sad for me. My only wish is I would be more computer litterate. I have trouble understanding what to do next to continue so I go back to start of games. I bought for the Kindle and reading apps. but have put netflix on it I purchased the Fire Tablet basically as an e-reader. However, after finding out how to install the Google Play Store, it is much more. Nothing speedy or top of the line, but what would one expect for the price. No regrets! 2nd one I've purchased! Does not run down charge quickly.l Good tablet althought the availability of apps thru their appstore is limited. Love the no glare feature. Perfect for outdoors. This is light weight and will be great for travel. Works great. But could use more apps and less preloaded junk. Bought this tablet for my 4 yo and 9 yo. Tablet was perfect for their use of watching movies and kid games Just what my 10 year old needed to take her tech to the next level. Love the parental controls to keep her safe online Bought four of these for grandkids. Suitable for adults, super fast, great operating system. Extremely easy to setup. Good screen quality, good battery life. Extremely pleased.",4,"Fire Tablet, 7 Display, Wi-Fi, 8 GB - Includes Special Offers, Black Fire Tablets,Tablets,Computers & Tablets,All Tablets,Computers/Tablets & Networking,Tablets & eBook Readers",0,"Fire Tablet, 7 Display, Wi-Fi, 8 GB - Includes Special Offers, Black Fire Tablet, 7 Display, Wi-Fi, 8 GB - Includes Special Offers, Black Fire Tablet, 7 Display, Wi-Fi, 8 GB - Includes Special Offers, Black Fire Tablet, 7 Display, Wi-Fi, 8 GB - Includes Special Offers, Black Fire Tablets,Tablets,Computers & Tablets,All Tablets,Computers/Tablets & Networking,Tablets & eBook Readers",1,1,Fire Tablets - Standard
B018T075DC,"Brand New Amazon Kindle Fire 16gb 7 Ips Display Tablet Wifi 16 Gb Blue,,,",Amazon,"Fire Tablets,Tablets,Computers & Tablets,All Tablets","This is a great little tablet for what you're paying for it! Gets everything done that I need it to Easy to use and great value. Excellent viewing with good color Love my Kindle! So when mother table died I brought her this and now I don't get calls all the time to help her figure out where everything is Bought it for my wifes Yoga Training Course.So much cheaper than buying all the paperback books she needed, and she loves it!Cheaper books, music, emails.. What more do you need? Bigger screen, longer battery life and faster loading...an improvement over the last model and a great choice if this is your first tablet. As a college student, it beats spending more on books and having to lug the extra weight on my back Long battery life, good screen, reasonably fast. Alexa. This is my second kindle fire. The 6th gen is an even better experience. Glad I preordered.","Brand New Amazon Kindle Fire 16gb 7 Ips Display Tablet Wifi 16 Gb Blue,,, Amazon Fire Tablets,Tablets,Computers & Tablets,All Tablets This is a great little tablet for what you're paying for it! Gets everything done that I need it to Easy to use and great value. Excellent viewing with good color Love my Kindle! So when mother table died I brought her this and now I don't get calls all the time to help her figure out where everything is Bought it for my wifes Yoga Training Course.So much cheaper than buying all the paperback books she needed, and she loves it!Cheaper books, music, emails.. What more do you need? Bigger screen, longer battery life and faster loading...an improvement over the last model and a great choice if this is your first tablet. As a college student, it beats spending more on books and having to lug the extra weight on my back Long battery life, good screen, reasonably fast. Alexa. This is my second kindle fire. The 6th gen is an even better experience. Glad I preordered.",1,"Brand New Amazon Kindle Fire 16gb 7 Ips Display Tablet Wifi 16 Gb Blue,,, Fire Tablets,Tablets,Computers & Tablets,All Tablets",2,"Brand New Amazon Kindle Fire 16gb 7 Ips Display Tablet Wifi 16 Gb Blue,,, Brand New Amazon Kindle Fire 16gb 7 Ips Display Tablet Wifi 16 Gb Blue,,, Brand New Amazon Kindle Fire 16gb 7 Ips Display Tablet Wifi 16 Gb Blue,,, Brand New Amazon Kindle Fire 16gb 7 Ips Display Tablet Wifi 16 Gb Blue,,, Fire Tablets,Tablets,Computers & Tablets,All Tablets",2,2,Kindle Fire 16GB Tablets
B018Y225IA,"Brand New Amazon Kindle Fire 16gb 7 Ips Display Tablet Wifi 16 Gb Blue,,,",Amazon,"Computers/Tablets & Networking,Tablets & eBook Readers,Computers & Tablets,Tablets,All Tablets","My kids have enjoyed using this device. They have downloaded games and shows. This tablet is the perfect size and so easy to use. Read, play games or any other purpose--it is great! Bought this for vacation electronics. Music, magazines, audibles and books in one reasonably priced piece. Didn't worry about my expensive mobile phone and iPad being at the beach or in the car or elements. Easy access to book reader. Love watching my Netflix.Con - Slow getting on Internet. Upgraded; easy to use; thinner; very happy with it. I got this tablet on a deal and has good quality of video you can watch. I love my Kindle. It's light and I haven't experienced nnby problems with it thus far. I just wish I could upload my music from Google Play on here It has a great camera and I really enjoy my games and Facebook on this larger screen than my phone. I love not using my data up on my phone. This Kindle Fire is lighter than my old one. The speed is great & all apps load very quickly. I also like that it comes in different colors. Grandkids and adult parents love it. The parents texted and the grandkids play games. Easy to use at home or lunch at the office. The only problem I have is that you have to restart often. Great while using public transportation. Too slow for games and videos i bought it for my youngest son so they wouldnt fight for the ipad but they still do Great value, just the right size and weight. Suits my needs perfectly. Performs very well. Easy to get accessories to fit. I have a Kindle and my grandson uses it when he comes to visit. We decided to get him one. This was a birthday gift for a family member who loves to read books. Couple this with Amazon gift cards and the library is endless! Fun product that can be used for many purposes. Great for streaming or reading on the go with great graphics. Makes an awesome gift! The Kindle Fire is nice to use as a tablet to play games and surf the web as well as download and read books on. It has good speed, keeps a good charge and is affordable. This is a very good reader for the money. Very versatile. I purchased this tablet for my grandmother to use. She loves it. It is easy to navigate for her. The only thing that annoys her is when the apps need to be updated. She does not have internet at home so she has to wait to update her apps when she visits family (who has internet service). The Amazon Fire 7 Tablet 16GB is very a good value... highly recommend. For this price everybody should have one of this tablet, it works really good Just installed, but like it so far. The picture is clear and the price is affordable. Since I purchased mine the wife thought she would also like one so we picked up her one and she is using it a lot. My sister in-law recommended these to my wife and I and I thought I would try one. They are just the right size to lay in bed of a evening and read a good book for a while. Good customer service during my quest to get a good deal and quality gadget. I bought this tablet for my grandson and he absolutely loves it!!!!! my dauther loves the tablet and I can get the SD to get more storage and load up all the disney movies that I purchased. it is a great purchase. Excellent little tablet for reading books when you're on the go. Easy to use. Like all of the features. Lightweight. I bought this as a gift and it has performed perfectly. Can't beat at this price. I would recommend this excellent Amazon - Fire 7 Tablet product My son has the Hd fire used for last 3 years, I bought this one for my moms birthday. She loves it. It's easy to navigate and the ability to increase the size of the print allows for the smaller screen cheaper price :) is very good product and the difiitioin is very good thanks I was worried that it would have lag, but it didn't. I got this to replace my Kindle paperwhite (Which I still LOVE), because I wanted to be able to listen to the audio on the books as well. IT's a great little tablet that does so much of what I wanted it to do. The stand by time and play time are better than I thought they would be as well. I LOVE the blue light filter, although that takes time to get used to it if your not already accustomed to that sort of thing. The only other thing I really don't care for is the fact you can not easily add Google play store. Enjoy using this product. My granddaughter downloads multiplied games to play and can play them while traveling. Good size and can easily fit into small bag. Great tool for kids, special when you don't need to $$$ to much. just what I was looking for to putin my guest room. It has a good picture I thoroughly enjoy reading on this. That is the main reason I bought it and it fits nicely in my purse. Perfect for reading but also has many other functions. Downloaded my favorite games & travel apps. Set up easy. So far, works great. Good picture and sound quality. Handy size. Meets my needs and then some. fits easily into my purse or bag. small compact!!! It's an ok tablet because you need to have an Amazon account in order to download free apps It was all that my grandson wanted and didn't have to search everywhere to find it. So far, so good. I'm quite pleased with the purchase. I had an early version of Kindle (pre-touch screen) and I didn't anticipate that added feature would make that much difference but it is so nice. I still like hard copy books but reading on the Kindle Fire is quite enjoyable. My daughter loves the Amazon Fire tablet that I purchased for her! I bought this tablet for myself because I bought the 8 gb one for my 6 year old and was so impressed with it that I bought myself the 16 gb one Love the size of the tablet for travel, it responds to touches quickly and has a great picture! The protector was not made for the Fire 7 as it was to large and had no directions that were coherent. Worse purchase from Best Buy ever. I can read just about any book that is published and not leave my house to go to the store and have to buy them. I bought this tablet to replace one I had (different brand) that was worn out. This is a pretty good tablet for the price. I just wanted something to use til I could get something bigger. I've had no problems with it other than some of the games I played on my other one not being available on the Fire.","Brand New Amazon Kindle Fire 16gb 7 Ips Display Tablet Wifi 16 Gb Blue,,, Amazon Computers/Tablets & Networking,Tablets & eBook Readers,Computers & Tablets,Tablets,All Tablets My kids have enjoyed using this device. They have downloaded games and shows. This tablet is the perfect size and so easy to use. Read, play games or any other purpose--it is great! Bought this for vacation electronics. Music, magazines, audibles and books in one reasonably priced piece. Didn't worry about my expensive mobile phone and iPad being at the beach or in the car or elements. Easy access to book reader. Love watching my Netflix.Con - Slow getting on Internet. Upgraded; easy to use; thinner; very happy with it. I got this tablet on a deal and has good quality of video you can watch. I love my Kindle. It's light and I haven't experienced nnby problems with it thus far. I just wish I could upload my music from Google Play on here It has a great camera and I really enjoy my games and Facebook on this larger screen than my phone. I love not using my data up on my phone. This Kindle Fire is lighter than my old one. The speed is great & all apps load very quickly. I also like that it comes in different colors. Grandkids and adult parents love it. The parents texted and the grandkids play games. Easy to use at home or lunch at the office. The only problem I have is that you have to restart often. Great while using public transportation. Too slow for games and videos i bought it for my youngest son so they wouldnt fight for the ipad but they still do Great value, just the right size and weight. Suits my needs perfectly. Performs very well. Easy to get accessories to fit. I have a Kindle and my grandson uses it when he comes to visit. We decided to get him one. This was a birthday gift for a family member who loves to read books. Couple this with Amazon gift cards and the library is endless! Fun product that can be used for many purposes. Great for streaming or reading on the go with great graphics. Makes an awesome gift! The Kindle Fire is nice to use as a tablet to play games and surf the web as well as download and read books on. It has good speed, keeps a good charge and is affordable. This is a very good reader for the money. Very versatile. I purchased this tablet for my grandmother to use. She loves it. It is easy to navigate for her. The only thing that annoys her is when the apps need to be updated. She does not have internet at home so she has to wait to update her apps when she visits family (who has internet service). The Amazon Fire 7 Tablet 16GB is very a good value... highly recommend. For this price everybody should have one of this tablet, it works really good Just installed, but like it so far. The picture is clear and the price is affordable. Since I purchased mine the wife thought she would also like one so we picked up her one and she is using it a lot. My sister in-law recommended these to my wife and I and I thought I would try one. They are just the right size to lay in bed of a evening and read a good book for a while. Good customer service during my quest to get a good deal and quality gadget. I bought this tablet for my grandson and he absolutely loves it!!!!! my dauther loves the tablet and I can get the SD to get more storage and load up all the disney movies that I purchased. it is a great purchase. Excellent little tablet for reading books when you're on the go. Easy to use. Like all of the features. Lightweight. I bought this as a gift and it has performed perfectly. Can't beat at this price. I would recommend this excellent Amazon - Fire 7 Tablet product My son has the Hd fire used for last 3 years, I bought this one for my moms birthday. She loves it. It's easy to navigate and the ability to increase the size of the print allows for the smaller screen cheaper price :) is very good product and the difiitioin is very good thanks I was worried that it would have lag, but it didn't. I got this to replace my Kindle paperwhite (Which I still LOVE), because I wanted to be able to listen to the audio on the books as well. IT's a great little tablet that does so much of what I wanted it to do. The stand by time and play time are better than I thought they would be as well. I LOVE the blue light filter, although that takes time to get used to it if your not already accustomed to that sort of thing. The only other thing I really don't care for is the fact you can not easily add Google play store. Enjoy using this product. My granddaughter downloads multiplied games to play and can play them while traveling. Good size and can easily fit into small bag. Great tool for kids, special when you don't need to $$$ to much. just what I was looking for to putin my guest room. It has a good picture I thoroughly enjoy reading on this. That is the main reason I bought it and it fits nicely in my purse. Perfect for reading but also has many other functions. Downloaded my favorite games & travel apps. Set up easy. So far, works great. Good picture and sound quality. Handy size. Meets my needs and then some. fits easily into my purse or bag. small compact!!! It's an ok tablet because you need to have an Amazon account in order to download free apps It was all that my grandson wanted and didn't have to search everywhere to find it. So far, so good. I'm quite pleased with the purchase. I had an early version of Kindle (pre-touch screen) and I didn't anticipate that added feature would make that much difference but it is so nice. I still like hard copy books but reading on the Kindle Fire is quite enjoyable. My daughter loves the Amazon Fire tablet that I purchased for her! I bought this tablet for myself because I bought the 8 gb one for my 6 year old and was so impressed with it that I bought myself the 16 gb one Love the size of the tablet for travel, it responds to touches quickly and has a great picture! The protector was not made for the Fire 7 as it was to large and had no directions that were coherent. Worse purchase from Best Buy ever. I can read just about any book that is published and not leave my house to go to the store and have to buy them. I bought this tablet to replace one I had (different brand) that was worn out. This is a pretty good tablet for the price. I just wanted something to use til I could get something bigger. I've had no problems with it other than some of the games I played on my other one not being available on the Fire.",1,"Brand New Amazon Kindle Fire 16gb 7 Ips Display Tablet Wifi 16 Gb Blue,,, Computers/Tablets & Networking,Tablets & eBook Readers,Computers & Tablets,Tablets,All Tablets",2,"Brand New Amazon Kindle Fire 16gb 7 Ips Display Tablet Wifi 16 Gb Blue,,, Brand New Amazon Kindle Fire 16gb 7 Ips Display Tablet Wifi 16 Gb Blue,,, Brand New Amazon Kindle Fire 16gb 7 Ips Display Tablet Wifi 16 Gb Blue,,, Brand New Amazon Kindle Fire 16gb 7 Ips Display Tablet Wifi 16 Gb Blue,,, Computers/Tablets & Networking,Tablets & eBook Readers,Computers & Tablets,Tablets,All Tablets",2,2,Kindle Fire 16GB Tablets
B018Y229OU,"Fire Tablet, 7 Display, Wi-Fi, 8 GB - Includes Special Offers, Magenta",Amazon,"Fire Tablets,Tablets,Computers & Tablets,All Tablets,Electronics, Tech Toys, Movies, Music,Electronics,iPad & Tablets,Android Tablets,Frys","Good basic tablet for checking email , web browsing , and reading ebooks. I love this tablet. It was a great buy. I would strongly recommend buying it. It's a great reader but also good for surfing the web. Brought my old tablet in to my local store, and when they said that I would need to replace iit, they suggested this tablet. I love this tablet as much as my firsdt one! Easy to set up and use, plus the price was reasonable. :) Good Inexpensive tablet for someone that does not use it that often. I got this for my niece. I would say this product is sturdy enough for kids 6 and older. She is able to play games and watch videos on it. She does occasionally read with it too. Overall a great product and won't break your bank. A great product for my kids and great learning apps at the app store Purchased for my toddler. Best investment yet. Also added the protection plan. Very happy with purchase. Serves it purpose. Buying this device I thought it could replace my phone which my kids love to use to watch their videos. It's great with applications but it's limited when it comes to kids video outside of Amazon's store. This is a great tablet for us seniors because it is not overly complicated to use. The 7"" screen is just the right size for old eyes. This amazon tablet is perfect for most things we need to use a tablet for. The batteryseems to last a long time. It is a great buy. Nice tablet for the price. Got it for my son Birthday. Hasn't opened it yet but my brother in law has 2 and it works great. Great tablet for kids just in case they break it I got two of these for my young kids. It does everything I could ask for and I can limit how much they use it. Great product for a great price It's a great value for the price point of the tablet I got this for my class! I love the setting for it! I have a child account so my students can only use the apps that I put! Awesome tablet!! Great product rooted with custom ROM. Slim ROM on XDA. Parental controls are amazing and easy to use on this kindle. My son loves it. It was very affordable. And it has everything you need. I enjoy the compact size Overall this is a great tablet for the money. It does exactly what you need it to do. If you looking for a tablet to search the web, or just do basic things this is the tablet that you should get. Tablet is good for it's cost. Works cool. Not used much so far. Easy enough for a 5 year old to use and with the chip added he can add games to his tablet I bought four of these for.my kids for xmas. They haven't put them dwn willingly yet! I think it was a great deal for a great product! I own an older model but wanted to get my relatives a good and fairly priced tablet and the kindle goes above and beyond. Great price on an excellent tablet. I purchased 3 and everyone loved them and they are easy to use as well! I would recommend to anyone at any age! I was very pleased with the Amazon Fire 7 inch tablet. The product is priced right making it a great buy and value. this is just as good as a laptop of ipad why waste money on something expensive get this I bought this in thanksgiving day. It's good for the price !! Something new for my wife. She is still earning how to navigate the item but enjoys more apps at her finger tips. Its small and compact and easy t take on trips so she can read, take pictures or listen to her music. the new kindle is a good, inexpensive 7"" tablet with nice features and a good easy to use operating system. It is responsive and the screen has a good resolution. 8GB is adequate and the provided SD card slot allows you to increase your storage capacity. Good and easy to buy this tablet with low price! Worth to buy this tablet works great and is a great price made great christmas presents I bought this tab for my mother. I felt it was a great Christmas gift. She was very exited to see it and actually thought to get one. I might buy one for myself. battery life is good. clarity and color are good. still learning how to navigate. Had to buy Sims cards for more storage but good choice for kids Small enough to carry and works fast enough for small jobs Bought for my 6 yr old autistic grandson. So far so good with parental guidance. This is my first tablet. It's very user friendly. Like the parental controls on it. So my kids can use it. Great tablet for beginners, nice and simple. Great price This was a great present for my husband who is extremely tech savvy and very particular about his choice of equipment. He was overjoyed with this. Glad I choose to stick with Samsung. This is an amazing tablet for the value price. It has gone beyond my expectations. These operate fast and efficiently. The screen clarity is excellent. Photos aren't as clear as they could be, but for the price they are wonderful. These are an excellent purchase! This is an awesome tablet. Very easy to access and read books as well as to add apps For it being a Amazon tablet it does everything you need it to do on a general point. Purchased as a gift for daughter and she hasn't put it down yet.This is now her go to device over her laptop,MP3 player or phone. To me that speaks volumes! Bought it for my mom for Christmas so she won't use up all her data on her phone. So far she is really enjoying it and likes the screen size. Great tablet for someone who is looking to just begin. I bought the Amazon Fire as a gift and it works great. If you want a tablet that is not expensive and will work for games this would be a great choice. i bought this for my husband and he loves using it Purchased for a child as a first tablet. Coupled with the price, it's a good introductory option for streaming media and playing games. Slow to use because there are constant popups. Barely dropped it 2 feet to the ground and now it doesn't work. Highly unsatisfied. This was a gift bought because I have had one for years and am completely happy with everything about it. I bought this product as a gift for a couple of boys. They really enjoy it. It also works great with Amazon Prime. It's a good device for your kindle books and magazines. Very slow if you want to stream videos though. Don't think it was made for that. For its price is a great buy. I purchased this for my mom for Easter - her eye sight isn't as good as it use to be but she loved to play games on her phone. So this is bigger for her to play her games and for 80 years young she is doing great with it. Got one of these for my 3 yr old nephew and 2 yr old niece. They are just the right size, durable and a good price point.","Fire Tablet, 7 Display, Wi-Fi, 8 GB - Includes Special Offers, Magenta Amazon Fire Tablets,Tablets,Computers & Tablets,All Tablets,Electronics, Tech Toys, Movies, Music,Electronics,iPad & Tablets,Android Tablets,Frys Good basic tablet for checking email , web browsing , and reading ebooks. I love this tablet. It was a great buy. I would strongly recommend buying it. It's a great reader but also good for surfing the web. Brought my old tablet in to my local store, and when they said that I would need to replace iit, they suggested this tablet. I love this tablet as much as my firsdt one! Easy to set up and use, plus the price was reasonable. :) Good Inexpensive tablet for someone that does not use it that often. I got this for my niece. I would say this product is sturdy enough for kids 6 and older. She is able to play games and watch videos on it. She does occasionally read with it too. Overall a great product and won't break your bank. A great product for my kids and great learning apps at the app store Purchased for my toddler. Best investment yet. Also added the protection plan. Very happy with purchase. Serves it purpose. Buying this device I thought it could replace my phone which my kids love to use to watch their videos. It's great with applications but it's limited when it comes to kids video outside of Amazon's store. This is a great tablet for us seniors because it is not overly complicated to use. The 7"" screen is just the right size for old eyes. This amazon tablet is perfect for most things we need to use a tablet for. The batteryseems to last a long time. It is a great buy. Nice tablet for the price. Got it for my son Birthday. Hasn't opened it yet but my brother in law has 2 and it works great. Great tablet for kids just in case they break it I got two of these for my young kids. It does everything I could ask for and I can limit how much they use it. Great product for a great price It's a great value for the price point of the tablet I got this for my class! I love the setting for it! I have a child account so my students can only use the apps that I put! Awesome tablet!! Great product rooted with custom ROM. Slim ROM on XDA. Parental controls are amazing and easy to use on this kindle. My son loves it. It was very affordable. And it has everything you need. I enjoy the compact size Overall this is a great tablet for the money. It does exactly what you need it to do. If you looking for a tablet to search the web, or just do basic things this is the tablet that you should get. Tablet is good for it's cost. Works cool. Not used much so far. Easy enough for a 5 year old to use and with the chip added he can add games to his tablet I bought four of these for.my kids for xmas. They haven't put them dwn willingly yet! I think it was a great deal for a great product! I own an older model but wanted to get my relatives a good and fairly priced tablet and the kindle goes above and beyond. Great price on an excellent tablet. I purchased 3 and everyone loved them and they are easy to use as well! I would recommend to anyone at any age! I was very pleased with the Amazon Fire 7 inch tablet. The product is priced right making it a great buy and value. this is just as good as a laptop of ipad why waste money on something expensive get this I bought this in thanksgiving day. It's good for the price !! Something new for my wife. She is still earning how to navigate the item but enjoys more apps at her finger tips. Its small and compact and easy t take on trips so she can read, take pictures or listen to her music. the new kindle is a good, inexpensive 7"" tablet with nice features and a good easy to use operating system. It is responsive and the screen has a good resolution. 8GB is adequate and the provided SD card slot allows you to increase your storage capacity. Good and easy to buy this tablet with low price! Worth to buy this tablet works great and is a great price made great christmas presents I bought this tab for my mother. I felt it was a great Christmas gift. She was very exited to see it and actually thought to get one. I might buy one for myself. battery life is good. clarity and color are good. still learning how to navigate. Had to buy Sims cards for more storage but good choice for kids Small enough to carry and works fast enough for small jobs Bought for my 6 yr old autistic grandson. So far so good with parental guidance. This is my first tablet. It's very user friendly. Like the parental controls on it. So my kids can use it. Great tablet for beginners, nice and simple. Great price This was a great present for my husband who is extremely tech savvy and very particular about his choice of equipment. He was overjoyed with this. Glad I choose to stick with Samsung. This is an amazing tablet for the value price. It has gone beyond my expectations. These operate fast and efficiently. The screen clarity is excellent. Photos aren't as clear as they could be, but for the price they are wonderful. These are an excellent purchase! This is an awesome tablet. Very easy to access and read books as well as to add apps For it being a Amazon tablet it does everything you need it to do on a general point. Purchased as a gift for daughter and she hasn't put it down yet.This is now her go to device over her laptop,MP3 player or phone. To me that speaks volumes! Bought it for my mom for Christmas so she won't use up all her data on her phone. So far she is really enjoying it and likes the screen size. Great tablet for someone who is looking to just begin. I bought the Amazon Fire as a gift and it works great. If you want a tablet that is not expensive and will work for games this would be a great choice. i bought this for my husband and he loves using it Purchased for a child as a first tablet. Coupled with the price, it's a good introductory option for streaming media and playing games. Slow to use because there are constant popups. Barely dropped it 2 feet to the ground and now it doesn't work. Highly unsatisfied. This was a gift bought because I have had one for years and am completely happy with everything about it. I bought this product as a gift for a couple of boys. They really enjoy it. It also works great with Amazon Prime. It's a good device for your kindle books and magazines. Very slow if you want to stream videos though. Don't think it was made for that. For its price is a great buy. I purchased this for my mom for Easter - her eye sight isn't as good as it use to be but she loved to play games on her phone. So this is bigger for her to play her games and for 80 years young she is doing great with it. Got one of these for my 3 yr old nephew and 2 yr old niece. They are just the right size, durable and a good price point.",4,"Fire Tablet, 7 Display, Wi-Fi, 8 GB - Includes Special Offers, Magenta Fire Tablets,Tablets,Computers & Tablets,All Tablets,Electronics, Tech Toys, Movies, Music,Electronics,iPad & Tablets,Android Tablets,Frys",0,"Fire Tablet, 7 Display, Wi-Fi, 8 GB - Includes Special Offers, Magenta Fire Tablet, 7 Display, Wi-Fi, 8 GB - Includes Special Offers, Magenta Fire Tablet, 7 Display, Wi-Fi, 8 GB - Includes Special Offers, Magenta Fire Tablet, 7 Display, Wi-Fi, 8 GB - Includes Special Offers, Magenta Fire Tablets,Tablets,Computers & Tablets,All Tablets,Electronics, Tech Toys, Movies, Music,Electronics,iPad & Tablets,Android Tablets,Frys",1,1,Fire Tablets - Standard
B018Y22BI4,"Echo (White),,,
Echo (White),,,",Amazon,"Computers & Tablets,Tablets,All Tablets,Computers/Tablets & Networking,Tablets & eBook Readers,Fire Tablets,Frys","I love this product. Perfect size for travel. I take it everywhere. Great for watching videos as well. Great little tablet once you get the hang of it. I bought this for my wife and she uses it daily without any issues. Great price! Kids love it. Lots of space for apps! My kids love the product. Really durable after drops. It's was on sale on this color,put the play store and made it real Android tablet Bought this for my son's birthday and he absolutely loves it. Great price as well. My son love his kindle! Perfect size and good price Great product. Highly recommended. Great value and great price I wanted something small to read books on on the go. This fit the bill perfectly! Not to big and not to small. It does more things than I was expecting! Upgrading from an older version. This kindle is so much faster. Love my new kindle.","Echo (White),,,
Echo (White),,, Amazon Computers & Tablets,Tablets,All Tablets,Computers/Tablets & Networking,Tablets & eBook Readers,Fire Tablets,Frys I love this product. Perfect size for travel. I take it everywhere. Great for watching videos as well. Great little tablet once you get the hang of it. I bought this for my wife and she uses it daily without any issues. Great price! Kids love it. Lots of space for apps! My kids love the product. Really durable after drops. It's was on sale on this color,put the play store and made it real Android tablet Bought this for my son's birthday and he absolutely loves it. Great price as well. My son love his kindle! Perfect size and good price Great product. Highly recommended. Great value and great price I wanted something small to read books on on the go. This fit the bill perfectly! Not to big and not to small. It does more things than I was expecting! Upgrading from an older version. This kindle is so much faster. Love my new kindle.",5,"Echo (White),,,
Echo (White),,, Computers & Tablets,Tablets,All Tablets,Computers/Tablets & Networking,Tablets & eBook Readers,Fire Tablets,Frys",0,"Echo (White),,,
Echo (White),,, Echo (White),,,
Echo (White),,, Echo (White),,,
Echo (White),,, Echo (White),,,
Echo (White),,, Computers & Tablets,Tablets,All Tablets,Computers/Tablets & Networking,Tablets & eBook Readers,Fire Tablets,Frys",3,3,Echo & Smart Home
B018Y22C2Y,"Fire Tablet, 7 Display, Wi-Fi, 8 GB - Includes Special Offers, Black",Amazon,"Electronics,Computers,Computer Accessories,Cases & Bags,Fire Tablets,Electronics Features,Tablets,Computers & Tablets,Kids' Tablets,Electronics, Tech Toys, Movies, Music,iPad & Tablets,Top Rated","My 3 yr old has already figured it all out. User friendly and durable with the case. Lots of free content, keeps them busy when need be. My children really enjoy this tablet. We have tried other brand tablets and those were not too kid friendly, even though they were kid tablets, and I found them a little advanced for my children's ages. So this tablet was perfectly age appropriate, and with a bigger memory than the previous, no complaints. I love it so and so my kids.They r enjoying playing the educational games, and watching cartoons. I love it for my kids, they r enjoying playing games and watching kids cartoon. My daughter loves it! She uses it with ease, which makes me an mommy very happy. No complaints. I would definitely recommend this product to a friend. Very helpful employees at Best Buy as well. What a great tablet for for the grand kids.easy to use,can't say how many times it's hit the floor and no damage.","Fire Tablet, 7 Display, Wi-Fi, 8 GB - Includes Special Offers, Black Amazon Electronics,Computers,Computer Accessories,Cases & Bags,Fire Tablets,Electronics Features,Tablets,Computers & Tablets,Kids' Tablets,Electronics, Tech Toys, Movies, Music,iPad & Tablets,Top Rated My 3 yr old has already figured it all out. User friendly and durable with the case. Lots of free content, keeps them busy when need be. My children really enjoy this tablet. We have tried other brand tablets and those were not too kid friendly, even though they were kid tablets, and I found them a little advanced for my children's ages. So this tablet was perfectly age appropriate, and with a bigger memory than the previous, no complaints. I love it so and so my kids.They r enjoying playing the educational games, and watching cartoons. I love it for my kids, they r enjoying playing games and watching kids cartoon. My daughter loves it! She uses it with ease, which makes me an mommy very happy. No complaints. I would definitely recommend this product to a friend. Very helpful employees at Best Buy as well. What a great tablet for for the grand kids.easy to use,can't say how many times it's hit the floor and no damage.",4,"Fire Tablet, 7 Display, Wi-Fi, 8 GB - Includes Special Offers, Black Electronics,Computers,Computer Accessories,Cases & Bags,Fire Tablets,Electronics Features,Tablets,Computers & Tablets,Kids' Tablets,Electronics, Tech Toys, Movies, Music,iPad & Tablets,Top Rated",0,"Fire Tablet, 7 Display, Wi-Fi, 8 GB - Includes Special Offers, Black Fire Tablet, 7 Display, Wi-Fi, 8 GB - Includes Special Offers, Black Fire Tablet, 7 Display, Wi-Fi, 8 GB - Includes Special Offers, Black Fire Tablet, 7 Display, Wi-Fi, 8 GB - Includes Special Offers, Black Electronics,Computers,Computer Accessories,Cases & Bags,Fire Tablets,Electronics Features,Tablets,Computers & Tablets,Kids' Tablets,Electronics, Tech Toys, Movies, Music,iPad & Tablets,Top Rated",1,1,Fire Tablets - Standard
B018Y23MNM,"Fire Kids Edition Tablet, 7 Display, Wi-Fi, 16 GB, Green Kid-Proof Case",Amazon,"Tablets,Fire Tablets,Computers & Tablets,All Tablets","I purchased two of these tablet a pink and blue. They was for my 5 and 7 years children. They really love their tablets. Yes, it was a birthday gift. This was perfect for entertaining my 20-month old great grandson during car trips, shopping and bedtime. Need to definitely get a memory card. Not enough memory to hold kids apps. Just what she needed to keep her interested in short games & letters i would not change any thing on it at all it works very good This is a good tablet for children and adults too. However there is an issue with the port and charger cable. We did not even have this tablet 3 weeks before it would barley charge. Took it back to best buy and they said they could not fox it, and imagine the port is not covered under the manufacturer warranty. So now I have a tablet that takes a couple days to charge. Its really frustrating. The only draw back to this device is no internet service included. My 1 year old granddaugther loves hers and I don't leave home without it. Its a decent tablet for a really good price. it has lots of pre-installed apps, which only a couple are used by my son. He loves taking and editing videos, so the front and rear cameras are essential. Its a nice tablet overall, and I'm sure he and I will like it more once it is completely set up the way we want it. The protective rubber guard works so well. Easy parental controls Easy to use meet standards my kids really enjoyed it Its a good product and also you can be monitoring what can your kids see Initially we purchased the Kids Kindle Fire for our 3 year old. The parental controls and time limitations are super easy to set up. We have a Samsung Galaxy tablet that our 9 year old son uses, but we ended up getting a second Fire for him because it seemed very kid-friendly and I didn't have to worry about any inappropriate content popping up. Lots of good educational apps and games. Good kids tablet for games and videos but the charger is pretty annoying. My son is 18 months and this kids him nice and quiet Easy to use. Great for kids. Great for mom when kids steal mom's phone. Lightweight. Great protective case. But it gets really dirty, real quick. Not a lot of memory, dies fast. Great games........ He loves his kindle takes it everywhere. does school work on it plus plays games Excellent piece of equipment. This is an excellent product for kids. There are lots of games, books (including interactive ones) and cartoons. I also like you can set a time limit for how long you want your child to play or use the Fire. The only downfall is the charger cable sucks. My grandson loved this. He is 4 and it was perfect. This tablet has been very satisfactory in functionality. Good cushioning on the outer case (better than another tablet I had purchased previously), still pictures & video are pretty good. No problems with accounts, parental controls & wireless connection. Overall a good tablet for kids. It's the perfect tablet for a kid to watch cartoons and play games. The protection is awesome! Love the case it helps the tablet be safe so the screen doesnt break to easy Goog tablet the only bad part is that you have to be creating a profile and thats where it gets complicated because when they sell u the tablet they saw its for kids Bought this for a 2 year old. She loves it! She's already got more things figured out on it than I do!. Good educational programs and some fun ones too! My 3yr. old loves this tablet. Easy for her to use. She watches videos plays games. My grand daughter loved it. She plays with it all the time. This product is a great learning tool for my 4yr old toddler. It's has the option for kid mode or regular tablet mode. the product is working perfectly and the service was greatThank you its a great great gift that can be used by everyone I bought the Tablet for my grandson for Christmas. It was the best investment that I have made in all time. He is learning so much that he can't put it down. As a matter of fact, he sleeps this it just about every night. My daughter loves it we like that it has a worry free gaurantee and parental controls it was Nice sturdy case. Good way to start children on tablets. Love the parental controls and more storage than previous models, but still seems to run out. I bought this as a gift for my elementary school aged niece. She immediately put it to work playing games and watching video. Her face lit up and in the nearly two months since I purchased it for her, she's had no problems! Good for toddlersEasy to carryEasy to download Purchased one for my older son last year....Got this second d one for the younger one so they don't fight over them. Great Christmas gift for my son. Best tablet ever. This was easy to setup and easy to hand over to my 4 yr old. She loves the different games and apps that are available to her. This a great tablet for a child. Fully functional Amazon fire tablet with a special GUI just for the little ones . Plus a 2 year warranty no matter what happens to it. Definitely worth it! My son love it. He watch his favorite cartoon shows and love to read books My daughter loves it and so does my son and wife too. I like the fact that it comes w/a case. It's easy for the child to operate, instructions are clear. Really good for KIDS use kids lock so they don't see what the don't suppose to see love this Great for my 7 year old she loves it!!! Great price and great product!!! A bargain for the price especially for the coverage of the warranty. A gift for my 4 year old granddaughter. Things can happen to it. She absolutely loves it and pretty easy to use! Bought this for my granddaughter for Christmas. She absolutely loves it. I got this for my kids and I am able to have parental control over all of them, put a time limit on play time, they each have their own apps, games and books that are appropriate for their age. My kids love it and they are learning! With this kids edition I get 1 free year of all kids appropriate app,games,videos and books! My daugther used to have a leap frog tablet, but when it started to have battery issues I went to the store and found out that they no longer produced the tablet, so best buy gave me store credit and they recomended me this tablet. My daugther loves it and so do I. On kidz mode I can rest assured that she is only going to see kids safe content like interactive book, games and apps. On tablet mode she can watch movies with the SD card slot which can go all they way to 128GB!I put a 32 GB which help us on our loooong christmas trip... Works great. Easy to set time limits and goals. Easy to set up multiple profiles. Excellent product. As advertised. This washer and dryer is very basic but still nice with lots of options. Great for my small family. Worth the money!","Fire Kids Edition Tablet, 7 Display, Wi-Fi, 16 GB, Green Kid-Proof Case Amazon Tablets,Fire Tablets,Computers & Tablets,All Tablets I purchased two of these tablet a pink and blue. They was for my 5 and 7 years children. They really love their tablets. Yes, it was a birthday gift. This was perfect for entertaining my 20-month old great grandson during car trips, shopping and bedtime. Need to definitely get a memory card. Not enough memory to hold kids apps. Just what she needed to keep her interested in short games & letters i would not change any thing on it at all it works very good This is a good tablet for children and adults too. However there is an issue with the port and charger cable. We did not even have this tablet 3 weeks before it would barley charge. Took it back to best buy and they said they could not fox it, and imagine the port is not covered under the manufacturer warranty. So now I have a tablet that takes a couple days to charge. Its really frustrating. The only draw back to this device is no internet service included. My 1 year old granddaugther loves hers and I don't leave home without it. Its a decent tablet for a really good price. it has lots of pre-installed apps, which only a couple are used by my son. He loves taking and editing videos, so the front and rear cameras are essential. Its a nice tablet overall, and I'm sure he and I will like it more once it is completely set up the way we want it. The protective rubber guard works so well. Easy parental controls Easy to use meet standards my kids really enjoyed it Its a good product and also you can be monitoring what can your kids see Initially we purchased the Kids Kindle Fire for our 3 year old. The parental controls and time limitations are super easy to set up. We have a Samsung Galaxy tablet that our 9 year old son uses, but we ended up getting a second Fire for him because it seemed very kid-friendly and I didn't have to worry about any inappropriate content popping up. Lots of good educational apps and games. Good kids tablet for games and videos but the charger is pretty annoying. My son is 18 months and this kids him nice and quiet Easy to use. Great for kids. Great for mom when kids steal mom's phone. Lightweight. Great protective case. But it gets really dirty, real quick. Not a lot of memory, dies fast. Great games........ He loves his kindle takes it everywhere. does school work on it plus plays games Excellent piece of equipment. This is an excellent product for kids. There are lots of games, books (including interactive ones) and cartoons. I also like you can set a time limit for how long you want your child to play or use the Fire. The only downfall is the charger cable sucks. My grandson loved this. He is 4 and it was perfect. This tablet has been very satisfactory in functionality. Good cushioning on the outer case (better than another tablet I had purchased previously), still pictures & video are pretty good. No problems with accounts, parental controls & wireless connection. Overall a good tablet for kids. It's the perfect tablet for a kid to watch cartoons and play games. The protection is awesome! Love the case it helps the tablet be safe so the screen doesnt break to easy Goog tablet the only bad part is that you have to be creating a profile and thats where it gets complicated because when they sell u the tablet they saw its for kids Bought this for a 2 year old. She loves it! She's already got more things figured out on it than I do!. Good educational programs and some fun ones too! My 3yr. old loves this tablet. Easy for her to use. She watches videos plays games. My grand daughter loved it. She plays with it all the time. This product is a great learning tool for my 4yr old toddler. It's has the option for kid mode or regular tablet mode. the product is working perfectly and the service was greatThank you its a great great gift that can be used by everyone I bought the Tablet for my grandson for Christmas. It was the best investment that I have made in all time. He is learning so much that he can't put it down. As a matter of fact, he sleeps this it just about every night. My daughter loves it we like that it has a worry free gaurantee and parental controls it was Nice sturdy case. Good way to start children on tablets. Love the parental controls and more storage than previous models, but still seems to run out. I bought this as a gift for my elementary school aged niece. She immediately put it to work playing games and watching video. Her face lit up and in the nearly two months since I purchased it for her, she's had no problems! Good for toddlersEasy to carryEasy to download Purchased one for my older son last year....Got this second d one for the younger one so they don't fight over them. Great Christmas gift for my son. Best tablet ever. This was easy to setup and easy to hand over to my 4 yr old. She loves the different games and apps that are available to her. This a great tablet for a child. Fully functional Amazon fire tablet with a special GUI just for the little ones . Plus a 2 year warranty no matter what happens to it. Definitely worth it! My son love it. He watch his favorite cartoon shows and love to read books My daughter loves it and so does my son and wife too. I like the fact that it comes w/a case. It's easy for the child to operate, instructions are clear. Really good for KIDS use kids lock so they don't see what the don't suppose to see love this Great for my 7 year old she loves it!!! Great price and great product!!! A bargain for the price especially for the coverage of the warranty. A gift for my 4 year old granddaughter. Things can happen to it. She absolutely loves it and pretty easy to use! Bought this for my granddaughter for Christmas. She absolutely loves it. I got this for my kids and I am able to have parental control over all of them, put a time limit on play time, they each have their own apps, games and books that are appropriate for their age. My kids love it and they are learning! With this kids edition I get 1 free year of all kids appropriate app,games,videos and books! My daugther used to have a leap frog tablet, but when it started to have battery issues I went to the store and found out that they no longer produced the tablet, so best buy gave me store credit and they recomended me this tablet. My daugther loves it and so do I. On kidz mode I can rest assured that she is only going to see kids safe content like interactive book, games and apps. On tablet mode she can watch movies with the SD card slot which can go all they way to 128GB!I put a 32 GB which help us on our loooong christmas trip... Works great. Easy to set time limits and goals. Easy to set up multiple profiles. Excellent product. As advertised. This washer and dryer is very basic but still nice with lots of options. Great for my small family. Worth the money!",4,"Fire Kids Edition Tablet, 7 Display, Wi-Fi, 16 GB, Green Kid-Proof Case Tablets,Fire Tablets,Computers & Tablets,All Tablets",0,"Fire Kids Edition Tablet, 7 Display, Wi-Fi, 16 GB, Green Kid-Proof Case Fire Kids Edition Tablet, 7 Display, Wi-Fi, 16 GB, Green Kid-Proof Case Fire Kids Edition Tablet, 7 Display, Wi-Fi, 16 GB, Green Kid-Proof Case Fire Kids Edition Tablet, 7 Display, Wi-Fi, 16 GB, Green Kid-Proof Case Tablets,Fire Tablets,Computers & Tablets,All Tablets",1,4,Fire HD Tablets
B018Y23P7K,Unknown,Amazon,"Fire Tablets,Tablets,Computers & Tablets,All Tablets,Frys",Performs as described. Always reliable & dependable.,"Unknown Amazon Fire Tablets,Tablets,Computers & Tablets,All Tablets,Frys Performs as described. Always reliable & dependable.",5,"Unknown Fire Tablets,Tablets,Computers & Tablets,All Tablets,Frys",0,"    Fire Tablets,Tablets,Computers & Tablets,All Tablets,Frys",3,3,Echo & Smart Home
B01AHB9C1E,"Fire HD 8 Tablet with Alexa, 8 HD Display, 32 GB, Tangerine - with Special Offers,",Amazon,"Tablets,Fire Tablets,Computers & Tablets,All Tablets","My grandkids play on my smaller one. Thought I better get a back up for me. It has such a BIG screen to see better. It loads games and books very fast! Fast fun tablet with great speakers compared to previous fire tablet. Worth the money Easy-to-use. Lots of books obviously but also lots of apps. I have always had a kindle fire but I had one that was just overloaded with books and so I bought a new one with more memory. It is awesome and so fast. But also the battery charges very fast and hold a charge for a very long time. Dont have option for password ask you before buying apps once you authorized as allow its done.Not as many free good apps Like apple have it My husband's previous tablet died a sudden death, so I gave it back and bought this FIRE. The sound volume and quality is much better. meh. it works. i find it difficult to navigate. i also have an ipad mini. this seems to be less intuitive than the ipad. Love my new Kindle! Only had to login, and all my books were there from older Kindle...Excellant Purchase!! Great tab for my kids. This is the third fire tablet that we have purchased for our kids. My mom loves the kindle fire hd 8. She had the first kindle and it was time for an upgrade! Great buy for her birthday present!! I had one of the first Kindle fires for years and I loved it. So I wanted another newer one and it's great! Has a good battery. Gets use everyday by my girlfriend who i bought it for with no complaints, also love the color. Also may get one for myself. can not do without my kindle fire.I had an earlier model 4 years ago.it is still going , just wanted a backup.","Fire HD 8 Tablet with Alexa, 8 HD Display, 32 GB, Tangerine - with Special Offers, Amazon Tablets,Fire Tablets,Computers & Tablets,All Tablets My grandkids play on my smaller one. Thought I better get a back up for me. It has such a BIG screen to see better. It loads games and books very fast! Fast fun tablet with great speakers compared to previous fire tablet. Worth the money Easy-to-use. Lots of books obviously but also lots of apps. I have always had a kindle fire but I had one that was just overloaded with books and so I bought a new one with more memory. It is awesome and so fast. But also the battery charges very fast and hold a charge for a very long time. Dont have option for password ask you before buying apps once you authorized as allow its done.Not as many free good apps Like apple have it My husband's previous tablet died a sudden death, so I gave it back and bought this FIRE. The sound volume and quality is much better. meh. it works. i find it difficult to navigate. i also have an ipad mini. this seems to be less intuitive than the ipad. Love my new Kindle! Only had to login, and all my books were there from older Kindle...Excellant Purchase!! Great tab for my kids. This is the third fire tablet that we have purchased for our kids. My mom loves the kindle fire hd 8. She had the first kindle and it was time for an upgrade! Great buy for her birthday present!! I had one of the first Kindle fires for years and I loved it. So I wanted another newer one and it's great! Has a good battery. Gets use everyday by my girlfriend who i bought it for with no complaints, also love the color. Also may get one for myself. can not do without my kindle fire.I had an earlier model 4 years ago.it is still going , just wanted a backup.",4,"Fire HD 8 Tablet with Alexa, 8 HD Display, 32 GB, Tangerine - with Special Offers, Tablets,Fire Tablets,Computers & Tablets,All Tablets",0,"Fire HD 8 Tablet with Alexa, 8 HD Display, 32 GB, Tangerine - with Special Offers, Fire HD 8 Tablet with Alexa, 8 HD Display, 32 GB, Tangerine - with Special Offers, Fire HD 8 Tablet with Alexa, 8 HD Display, 32 GB, Tangerine - with Special Offers, Fire HD 8 Tablet with Alexa, 8 HD Display, 32 GB, Tangerine - with Special Offers, Tablets,Fire Tablets,Computers & Tablets,All Tablets",1,4,Fire HD Tablets
B01AHB9CN2,"All-New Fire HD 8 Tablet, 8 HD Display, Wi-Fi, 16 GB - Includes Special Offers, Magenta",Amazon,"Electronics,iPad & Tablets,All Tablets,Fire Tablets,Tablets,Computers & Tablets","This product so far has not disappointed. My children love to use it and I like the ability to monitor control what content they see with ease. great for beginner or experienced person. Bought as a gift and she loves it Inexpensive tablet for him to use and learn on, step up from the NABI. He was thrilled with it, learn how to Skype on it already... I've had my Fire HD 8 two weeks now and I love it. This tablet is a great value.We are Prime Members and that is where this tablet SHINES. I love being able to easily access all of the Prime content as well as movies you can download and watch laterThis has a 1280/800 screen which has some really nice look to it its nice and crisp and very bright infact it is brighter then the ipad pro costing $900 base model. The build on this fire is INSANELY AWESOME running at only 7.7mm thick and the smooth glossy feel on the back it is really amazing to hold its like the futuristic tab in ur hands. I bought this for my grand daughter when she comes over to visit. I set it up with her as the user, entered her age and name and now Amazon makes sure that she only accesses sites and content that are appropriate to her age. Simple to do and she loves the capabilities. I also bought and installed a 64gig SD card which gives this little tablet plenty of storage. For the price I think this tablet is best one out there. You can spend hundreds of dollars more for additional speed and capacity but when it comes to the basics this tablets does everything that most people will ever need at a fraction of the cost. This amazon fire 8 inch tablet is the perfect size. I purchased it for my husband so that he has a bigger screen than just his phone. He had gotten me one a few years ago so I knew it would be a good purchase. Great for e-reading on the go, nice and light weight, and for the price point given, definitely worth the purchase. I gave this as a Christmas gift to my inlaws, husband and uncle. They loved it and how easy they are to use with fantastic features! Great as a device to read books. I like that it links with my borrowed library e-books. Switched from another popular tablet brand and I am happy with the choice I made. It took some time to get books from my previous non-Kindle reader, but finally figured out a way! I love ordering books and reading them with the reader. Not easy for elderly users cease of ads that pop up. Excellent product. Easy to use, large screen makes watching movies and reading easier. Wanted my father to have his first tablet and this is a very good value. He can watch movies and play a few games. Easy enough for him to use. Simply does everything I need. Thank youAnd silk works wonders Got it as a present and love the size of the screen The kindle is easiest to use, graphics and screen crisp, clear, brilliant colors. nice reader. almost perfect for what i want/need. good bargain I really like this tablet. I would have given 5 stars but sometimes you have to push start several times after you unlock the screen and it is a little annoying. Great video quality lots of fun apps fun for the whole family Love love love my kindle fire 8.....this is what my 9 yr old granddaughter said when I bought this for her at Christmas..we have purchased kindled in the past but this one has been the best....love the fact that you can now use a memory card in it...that helps so much when you use it for books...games...music and viedos...thanks Excellent tablet with nice screen. I wish Amazon would pre install the play store, this would have been perfect. Preloaded with the reading app from Kindle but expandable with other apps. Perfect for travel. Carry your library, games and productivity apps in a small footprint. Very happy with this product and easy to use..picture is clear, takes great pictures.. My grandchildren are home schooled and utilize the tables for many learning apps! They LOVE using them as it makes them feel ""so grown up""! The tablets are a great leaning tool and they are receiving many benefits from them! Great size, easy to carry for traveling. Need to spend more time Looking into apps for contact manegement, interactive calenders and most important, music storage and use. I purchased this when my last tablet died. It meets all basic needs and the price was great. Perfect for downloading and reading books !! Perfect size and has a nice, bright screen. I was surprised when I learned of the capabilities of this device. Now my husband has more access to his desktop and I am doing things which I couldn't on his device. I got it for my son. Its user friendly and durable. The visual quality on the Fire 8 HD is amazing. It runs very fast and is easy to use, very durable. If your looking for a affordable gift this is it!. This is a great tablet for the price, would recommend it to anyone looking for a basic tablet. Works great. Love the portability of books. Overall great product I am still learning all the things I can do with my new Kindle Fire. It is so much better (lighter in weight and easier to use) than my old tablet. Just the right size for reading books and playing some games. I love everything about this tablet! The imaging is sharp and clear. It's fast and light weight. Love it! Overall a nice product for traveling purposes Value for money My children love this table great quality of pictures, excellent camera I bought 3 tablets and my family was not disappointed. Great tablet fast screen good size never gives me problem Bought this for my 87 year old grandmother who wanted to be able to play games and read books from the library. My aunt lives with her and can help her use it so its perfect for that type of user. After playing with It, I would consider it for just about anyone other than a hardcore user that wants the latest and greatest tech. if you are tech saavy, you can do more with these Fire tablets than advertised. This is exactly what the person wanted as a gift and she enjoys using it. Does all basic functions of a tablet. Hardcore users may want an iPad. Works great for a simple tablet. Not a huge fan of the silk browser but it could be worse! I am very happy with my purchase! It's fast and easy to use. This is my second kindle fire . More flexibility than a Kindle and bigger screen. Like it because I can surf the web and download and read books. For the money you cannot beat this tablet. Full of features, picture quality is great, and very fast speed while using the internet. Easy to use, solid build, sharp HP screen for movies. Who needs more? Tablet is perfect for beginners who just want basic this is my first tablet .. love it .. actually read my first e-book on it .. large screen, easy to read & play games .. fits nicely in my purse","All-New Fire HD 8 Tablet, 8 HD Display, Wi-Fi, 16 GB - Includes Special Offers, Magenta Amazon Electronics,iPad & Tablets,All Tablets,Fire Tablets,Tablets,Computers & Tablets This product so far has not disappointed. My children love to use it and I like the ability to monitor control what content they see with ease. great for beginner or experienced person. Bought as a gift and she loves it Inexpensive tablet for him to use and learn on, step up from the NABI. He was thrilled with it, learn how to Skype on it already... I've had my Fire HD 8 two weeks now and I love it. This tablet is a great value.We are Prime Members and that is where this tablet SHINES. I love being able to easily access all of the Prime content as well as movies you can download and watch laterThis has a 1280/800 screen which has some really nice look to it its nice and crisp and very bright infact it is brighter then the ipad pro costing $900 base model. The build on this fire is INSANELY AWESOME running at only 7.7mm thick and the smooth glossy feel on the back it is really amazing to hold its like the futuristic tab in ur hands. I bought this for my grand daughter when she comes over to visit. I set it up with her as the user, entered her age and name and now Amazon makes sure that she only accesses sites and content that are appropriate to her age. Simple to do and she loves the capabilities. I also bought and installed a 64gig SD card which gives this little tablet plenty of storage. For the price I think this tablet is best one out there. You can spend hundreds of dollars more for additional speed and capacity but when it comes to the basics this tablets does everything that most people will ever need at a fraction of the cost. This amazon fire 8 inch tablet is the perfect size. I purchased it for my husband so that he has a bigger screen than just his phone. He had gotten me one a few years ago so I knew it would be a good purchase. Great for e-reading on the go, nice and light weight, and for the price point given, definitely worth the purchase. I gave this as a Christmas gift to my inlaws, husband and uncle. They loved it and how easy they are to use with fantastic features! Great as a device to read books. I like that it links with my borrowed library e-books. Switched from another popular tablet brand and I am happy with the choice I made. It took some time to get books from my previous non-Kindle reader, but finally figured out a way! I love ordering books and reading them with the reader. Not easy for elderly users cease of ads that pop up. Excellent product. Easy to use, large screen makes watching movies and reading easier. Wanted my father to have his first tablet and this is a very good value. He can watch movies and play a few games. Easy enough for him to use. Simply does everything I need. Thank youAnd silk works wonders Got it as a present and love the size of the screen The kindle is easiest to use, graphics and screen crisp, clear, brilliant colors. nice reader. almost perfect for what i want/need. good bargain I really like this tablet. I would have given 5 stars but sometimes you have to push start several times after you unlock the screen and it is a little annoying. Great video quality lots of fun apps fun for the whole family Love love love my kindle fire 8.....this is what my 9 yr old granddaughter said when I bought this for her at Christmas..we have purchased kindled in the past but this one has been the best....love the fact that you can now use a memory card in it...that helps so much when you use it for books...games...music and viedos...thanks Excellent tablet with nice screen. I wish Amazon would pre install the play store, this would have been perfect. Preloaded with the reading app from Kindle but expandable with other apps. Perfect for travel. Carry your library, games and productivity apps in a small footprint. Very happy with this product and easy to use..picture is clear, takes great pictures.. My grandchildren are home schooled and utilize the tables for many learning apps! They LOVE using them as it makes them feel ""so grown up""! The tablets are a great leaning tool and they are receiving many benefits from them! Great size, easy to carry for traveling. Need to spend more time Looking into apps for contact manegement, interactive calenders and most important, music storage and use. I purchased this when my last tablet died. It meets all basic needs and the price was great. Perfect for downloading and reading books !! Perfect size and has a nice, bright screen. I was surprised when I learned of the capabilities of this device. Now my husband has more access to his desktop and I am doing things which I couldn't on his device. I got it for my son. Its user friendly and durable. The visual quality on the Fire 8 HD is amazing. It runs very fast and is easy to use, very durable. If your looking for a affordable gift this is it!. This is a great tablet for the price, would recommend it to anyone looking for a basic tablet. Works great. Love the portability of books. Overall great product I am still learning all the things I can do with my new Kindle Fire. It is so much better (lighter in weight and easier to use) than my old tablet. Just the right size for reading books and playing some games. I love everything about this tablet! The imaging is sharp and clear. It's fast and light weight. Love it! Overall a nice product for traveling purposes Value for money My children love this table great quality of pictures, excellent camera I bought 3 tablets and my family was not disappointed. Great tablet fast screen good size never gives me problem Bought this for my 87 year old grandmother who wanted to be able to play games and read books from the library. My aunt lives with her and can help her use it so its perfect for that type of user. After playing with It, I would consider it for just about anyone other than a hardcore user that wants the latest and greatest tech. if you are tech saavy, you can do more with these Fire tablets than advertised. This is exactly what the person wanted as a gift and she enjoys using it. Does all basic functions of a tablet. Hardcore users may want an iPad. Works great for a simple tablet. Not a huge fan of the silk browser but it could be worse! I am very happy with my purchase! It's fast and easy to use. This is my second kindle fire . More flexibility than a Kindle and bigger screen. Like it because I can surf the web and download and read books. For the money you cannot beat this tablet. Full of features, picture quality is great, and very fast speed while using the internet. Easy to use, solid build, sharp HP screen for movies. Who needs more? Tablet is perfect for beginners who just want basic this is my first tablet .. love it .. actually read my first e-book on it .. large screen, easy to read & play games .. fits nicely in my purse",4,"All-New Fire HD 8 Tablet, 8 HD Display, Wi-Fi, 16 GB - Includes Special Offers, Magenta Electronics,iPad & Tablets,All Tablets,Fire Tablets,Tablets,Computers & Tablets",0,"All-New Fire HD 8 Tablet, 8 HD Display, Wi-Fi, 16 GB - Includes Special Offers, Magenta All-New Fire HD 8 Tablet, 8 HD Display, Wi-Fi, 16 GB - Includes Special Offers, Magenta All-New Fire HD 8 Tablet, 8 HD Display, Wi-Fi, 16 GB - Includes Special Offers, Magenta All-New Fire HD 8 Tablet, 8 HD Display, Wi-Fi, 16 GB - Includes Special Offers, Magenta Electronics,iPad & Tablets,All Tablets,Fire Tablets,Tablets,Computers & Tablets",1,4,Fire HD Tablets
B01AHB9CYG,"All-New Fire HD 8 Tablet, 8 HD Display, Wi-Fi, 32 GB - Includes Special Offers, Magenta",Amazon,"Tablets,Fire Tablets,Electronics,Computers,Computer Components,Hard Drives & Storage,Computers & Tablets,All Tablets","Through all of my research this was the best value for what I was looking for in an e-reader with additional options I was not sure I would use or not. Turns I do because of the ease of usage. Pretty decent tablet. Good for mindless games and Netflix. You get what you pay for. Much more memory that my prior kindles. Luv that I can add a sd card for extra storage good quality, low cost compare to iPad, i like this. I was going to have to be face down after eye surgery recently and decided to get a tablet to be able to look at the internet and movies on something other than my phone. While there are ones which have more features (and better software), the Fire HD8 had a good price and was available. It had gotten good reviews, and it performs well, with great battery life. If you're looking for a good, basic tablet, this is a nice option. I love the tablets HD picture is beautiful. The fire tablet is very fast to load and is easy to use. Great tablet. This is very nice for a little over 100.00 dollars. It took a bit to get use to after using a iPad. I got this to travel with or take to the beach nice size very lightweight. I couldn't get the tablet to work with my WiFi so I returned it and bought a Samsung A-8. This tablet is small, compact and easy to handle. It's easy to figure out the main functions. My one complaint is that it does not support some big apps such as Dropbox or Google Drive. I'm a Windows person & this is not Windows. I'm still learning. I am happy with the size as it fits easily in to my purse, but I HATE touch items - I always seem to touch the wrong area (like spelling something, I go for a letter & get one of the letters next to - so it slows down my typing - one of the reasons I don't have a smartphone). All in all it's pretty good. I guess I would recommend it because it's the way this world is turning. However, they don't make a glass protective screen cover - only plastic. Ordered for my daughter to replace an older version and she loves it. Larger screen and colored case are a big plus. I have not set up tablet, geeks squad to do so Monday April 3 2017 Have been using this for a while and never believe it would be so handy and helpful. Product features are good and is quite handy to carry anywhere. I love the internet, tweeting and facebook. No computers can complete me!! My kindle takes care of all my needs ;) !!!Juju I like it. It keeps my granddaughter business and great apps too. She loves it, the only problem I have is getting it away from her, even while riding in vehicles. LOL I bought this because I have ebooks in college. Not only could I not get my ebook. I called the school IT department. They could not either. My semester was already started. The sales representative at the store told me this is what I needed. I ended up buying a tablet from my phone carrier and my ebooks were right there in less than 5 minutes with the schools IT department help. Wife really likes it. Works great& likes the front & back camera. I bought this kindle for my 11yr old granddaughter for Christmas. Me and my husband both had kindles several years prior, and she and my 6 year old grandson love watching and playing on them. Both children have all kinds of game systems but use the kindle way more. My 6 yr old grandson still plays with mine and loves watching you tube, videos and playing games on it. He has several game systems, Xbox, sega, ds but still uses my kindle all the time over those systems.my husband used his all the time for everything from internet to watching movies and shows. I'm getting ready to buy my grandson a new kindle( mine is a bit older and has cracked screen now but still works good).He would like one to call his own. I'm looking at a 16 GB or 32 GB.they are really durable and tough. This is my first Fire Kindle. I love it. It is fast, and has good internet. It gives me quick access to all my Kindle library. I found out it's easier to scroll through the pages than when using Kindle Touch. Fast on internet, easy connection. Easy to use. Clear display. Was looking at iPad mini. After reading reviews of both Kindle fire and iPad I bought the Kindle for so much less $$$ And I don't have to put up the Apple's native apps etc. Thanks. We really like this tablet . It's easy to use All I wanted was a Kindle to read books. I got this instead!! Excellent choice because I can read books and do so much more!! I had to return this product as it was not compatible with things such as Facebook and Itunes... which is what I needed it for. Great if you are into books and streaming movies! Love this Kindle. There are to many apps and games offered for download. Love the book selection Easy to navigate The charger seems a bit loose, though I like the ease of use and good support from Amazon. A reasonable price for a versatile tablet. This tablet is excellent considering the price. It has a very clear display, is a fairly large tablet, and has plenty of memory to store a lot of apps, music, pictures and more. Considering the price, this tablet has the best value out of all tablets to date in my opinion. I've had lots of tablets in the past, mostly from the Samsung line, but this is my first Amazon Fire, so I want to write this review for others who have never tried one of these. At the time that this was written, Alexa had not been added to the tablet.First, while this device runs an Android type of operating system, Amazon puts its own spin on the operating system. I don't feel like I'm using Android. This feels different to me. It doesn't have the same level of customization that Android users have come to appreciate. That being said, if you are an Amazon Prime member, this device has been tailored to be your content entertainment machine. It's simply a fun way to consume your magazines, books, etc.There are 3 on-screen buttons on the bottom of the device. The middle button immediately takes you to your home screen. The button to the left acts as a sort of ""back"" button. It also lets me get rid of my keyboard when I don't need it on screen, but it's open. The button to the right is super important. It took me a couple of days to realize what it does. That square shaped button is what you press you see what apps you have open. It lets you switch between apps, but it also lets you see which apps you have open and close them out. You can close them by pressing the ""X"" button in the corner of the window that appears or by touching the app window and swiping to the right. If you leave all of those apps open and you never close them, you'll drain your battery. Make sure you use that little square button to clear your apps.The device has several menus that you swipe left to view. First, you start with your home screen. You literally can stay on this screen and do anything you need to do on the tablet. All of your apps are housed here. You swipe up to view all of them. The tablet comes with several apps pre-installed such as Slik, Amazon's own internet browser, Audible, Good Reads, the Amazon app store, a weather app, etc. You can go to the Amazon app store to download other apps such as Twitter, Facebook, etc. You can combine the apps on this page into folders. You just drag one app to another app and a folder appears. This made my home screen much more manageable. You can change the size of the font on the home screen from normal to large or small in the device settings. This feature doesn't necessarily increase the size of the font within your apps, however. I believe it only changes the font on your main screens.If you have a magazine or newspaper subscription that is connected to your device, when you have a new issues, it will show up at the top of your home page screen under the heading of ""new items."" The device comes with a free 6 month subscription to the Washington Post. You'll see that under ""new items"" when you initially activate your tablet.You can change the wallpaper on the screen to use one of your own photos. You can do this through the settings menu on the device. If you want to use one of your own photos, however, you need to either take it on the device or move it into Amazon's Photos app, which is a cloud-based app.So far, I haven't found a way to effectively use a different photo management app that will let me change my wallpaper. I'm not crazy about the Amazon Photo app. I found it annoying to move my photos from my phone into Amazon's cloud just so I could view them on my tablet. That being said, I'm not planning to take photos on this device. I just wanted a few pet photos on there and the ability to change my wallpaper.Beyond the home screen, you can swipe to the right to view your other screen. They are pre-arranged to be: books, videos, games, shop, apps, music, audiobooks, and newstand. All of those screens are connected to your Amazon account. For example, if you have Kindle books you've already purchased, they automatically will appear under the Books menu. Your magazines and newspaper subscriptions will appear under the newstand menu. There doesn't seem to be a way to change the order of the menu pages. That bugs me, but it's not the end of the world. There's also one menu to the left of the ""home"" menu. It's the ""recent"" page. It shows you what you've received looked at on the tablet. I never use it, but it might be handy for some people.One of my favorite features of this tablet is Amazon's ""On Deck"" capability. If you're an Amazon Prime member, Amazon will periodically download a video to your device that it thinks you might like. The items don't count against your pre-installed memory and they automatically deleted off if your memory starts getting full. You can turn off the ""on deck"" feature if you don't like it. I've been content with the video playback capability. This isn't my major use of the device, but the images look fine and the audio is OK. I'll talk more about the speakers later. My other favorite feature of this tablet is viewing magazine content through the Newstand. I've tried 3 magazines on here and they all look gorgeous. Now, I can always have my magazines with me so if I'm stuck at the airport or at the doctor's office, I always have them. One of my regular magazines includes a free digital version of the magazine for free. I just had to connect my account to the device. This allows me to download the back issues of the magazine for as long as I've had an account. My other magazine didn't include a digital edition so I canceled the print edition of it and switched to the digital version. (It was an inexpensive magazine, anyway.) There are several magazines that you can try free for 30 days on the device. I did this with a third magazine and decided to keep it for a year. Viewing magazines on this gadget is a pleasure.The Kindle Fire doesn't come with the Google Play store installed. You can side load it to the device without rooting it (and breaking your warranty.) You can Google to find the instructions to do this. It's not difficult to do if you're fairly comfortable with technology. It probably took me 10 minutes. Most of the apps I wanted were in the Amazon store, but there were a handful that I had paid for through Google Play. The only way I could have them was to go back to access that store. They have worked fine so far. I despise the keyboard that Amazon pre-installed on this device. There are no lines between the letters on the keyboard. I suppose it designed to be better for swyping through keys, but I hate it. I fixed that problem by going to Google Play and downloading a new keyboard. It was a pretty easy problem to solve so I can't complain.Apps that are connecting to the Internet can be a little slow to load on this device compared to my other gadgets, but that generally doesn't bother me. If you were using this tablet to replace your personal laptop, however, that might drive you crazy. The screen on this device isn't bad. If I compare it to my fancy phone, it's not as shape, but when you think about the price of this device compared to my smartphone, the screen is outstanding.The speakers are OK. There are two of them located on the bottom of the screen. I won't say that they are fantastic. They aren't. In my opinion, they are fine for watching YouTube or a television show. They are not OK for listening to music if you are an audiophile. You can make it a little better by downloading a different music app instead of relying on the pre-install app, but still your music will sound tinny. That being said, you can always connect your tablet to a bluetooth speaker, use a pair of headphones, etc.This device wasn't made for taking pictures. It has a front and back camera, but they aren't designed to be spectacular. I'm not using them.I find this device a little difficult to hold in my hands. I think that's partly because of the size and partly because it feels very slick. Also, I do have some hand problems (similar to someone who has Carpal Tunnel syndrome). I think it will be easier to handle once my case arrives. I'm still waiting for it. I'm greatly enjoying this device. It's simply fun to use the tablet. There are weaknesses that come with that lower price tag, but you legitimately get a lot of bang for your buck, particularly if you regularly use Amazon services. If you don't typically use Amazon and you are just looking for a tablet for viewing the Internet and you're looking for a low price tag, this device may be OK for you. I bought this to replace a damaged much more expensive tablet of my daughters. Great item and just as nice as the more expensive one. She absolutely loves it. Fantastic tablet fire one is great. Small and portable I purchased this product with an eye on simply trying out a tablet. It has become a product I use every day. You have to get used to the Amazon app store, which is different than the Google Play store, though it is still android-based. The tablet is fast and the user experience is satisfying. I purchased the 32Gb. model for the extra storage space. It is a great tablet for under $100! Decent little tablet if you are not a game player. Tablet shuts down and I cant get it back on when I play games for long periods of time. It's not my ipad, that's for sure. Does a lot more than old tablet.It Hasmore memory. Excellent value, lets me lug all my favorite books around and read whenever. Wouldn't be without it. I love my Amazon Fire HD 8. It's not too small and not too big. I was looking at other tablets, and decided on the Amazon Fire HD 8 because of the price, and because I have Amazon Prime, I purchased it online at Best Buy, and then picked it up at the store on Black Friday. It is my first tablet, and so I wanted to start with one that I can have fun with, and I am. I do have a laptop for important things. I have put off buying a tablet because all the ipads I tried with friends were hypersensitive making it difficult for me to navigate easily. This one is the bomb - I am 68 and not a techie but quite intelligent - this Kindle Fire is a perfect fit for me and does everything I want it to do and more with great speed and wonderful resolution. I am new at tablets and look forward to enjoying learning all that this Kindle Fire will provide for me - so far each step has been a breeze. I just love it. my daughter just loved this kindle fire. she said it was the perfect gift that she could receive. I love my kindle fire. Its a great reading device. Easy to set up, great picture love it! Keeps my kids entertained and they love it also ....it was a gift. The last 2 models of Kindle HDX 8 have been terrible. We have purchased 2 of each model of Kindle and up until the last 2 models, they have been great. Last years had to be replaced 7 or 8 times and for the same problem. The slot for the SD card is defective. I gave up and bought the newest model. It shuts completely down if you try to plug it in to external speakers and sometimes it shuts down for no reason. It's going back after the first of the year. This is going to be my last year for Kindles unless they make them the same quality as before. Phooey! Easy to use with great picture. I would recommend it to a friend. This product was purchased for my Grandson. He had a fire 6. He however loves the HD 8. He uses it for music & gaming mostly. Great electronic device. This works great. I read a LOT and I needed something that would handle all my eBooks. It has all the other bells and whistles as any tablet but I use it for the eBooks and one game. Excellent! So far the tablet has been working without any issues. Haven't used it enough to rate it any higher but time will tell. This is the right device to play with puzzles, you can avoid samsung/verizon constant advertisements. Only wish the battery would last longer or charge faster. My Fire is compact and easy to use. Mainly used to read online books at lunch time. The battery lasts much longer than previous tablet I had and charges much quicker. very happy with my Fire. Used it for watching television shows. The picture was clear and the audio was decent for the location of the speakers. great kid friendly product, hours of enjoyment for all. Only negative is the apps. Thought they were from android but they're an Amazon version and limited. I have really enjoyed my new kindle and the ability to take pictures. It stays charged a long time when I am reading a book or watching a movie. I just wish that kindles could run on an LTE network as well when you do not have a WiFi signal.","All-New Fire HD 8 Tablet, 8 HD Display, Wi-Fi, 32 GB - Includes Special Offers, Magenta Amazon Tablets,Fire Tablets,Electronics,Computers,Computer Components,Hard Drives & Storage,Computers & Tablets,All Tablets Through all of my research this was the best value for what I was looking for in an e-reader with additional options I was not sure I would use or not. Turns I do because of the ease of usage. Pretty decent tablet. Good for mindless games and Netflix. You get what you pay for. Much more memory that my prior kindles. Luv that I can add a sd card for extra storage good quality, low cost compare to iPad, i like this. I was going to have to be face down after eye surgery recently and decided to get a tablet to be able to look at the internet and movies on something other than my phone. While there are ones which have more features (and better software), the Fire HD8 had a good price and was available. It had gotten good reviews, and it performs well, with great battery life. If you're looking for a good, basic tablet, this is a nice option. I love the tablets HD picture is beautiful. The fire tablet is very fast to load and is easy to use. Great tablet. This is very nice for a little over 100.00 dollars. It took a bit to get use to after using a iPad. I got this to travel with or take to the beach nice size very lightweight. I couldn't get the tablet to work with my WiFi so I returned it and bought a Samsung A-8. This tablet is small, compact and easy to handle. It's easy to figure out the main functions. My one complaint is that it does not support some big apps such as Dropbox or Google Drive. I'm a Windows person & this is not Windows. I'm still learning. I am happy with the size as it fits easily in to my purse, but I HATE touch items - I always seem to touch the wrong area (like spelling something, I go for a letter & get one of the letters next to - so it slows down my typing - one of the reasons I don't have a smartphone). All in all it's pretty good. I guess I would recommend it because it's the way this world is turning. However, they don't make a glass protective screen cover - only plastic. Ordered for my daughter to replace an older version and she loves it. Larger screen and colored case are a big plus. I have not set up tablet, geeks squad to do so Monday April 3 2017 Have been using this for a while and never believe it would be so handy and helpful. Product features are good and is quite handy to carry anywhere. I love the internet, tweeting and facebook. No computers can complete me!! My kindle takes care of all my needs ;) !!!Juju I like it. It keeps my granddaughter business and great apps too. She loves it, the only problem I have is getting it away from her, even while riding in vehicles. LOL I bought this because I have ebooks in college. Not only could I not get my ebook. I called the school IT department. They could not either. My semester was already started. The sales representative at the store told me this is what I needed. I ended up buying a tablet from my phone carrier and my ebooks were right there in less than 5 minutes with the schools IT department help. Wife really likes it. Works great& likes the front & back camera. I bought this kindle for my 11yr old granddaughter for Christmas. Me and my husband both had kindles several years prior, and she and my 6 year old grandson love watching and playing on them. Both children have all kinds of game systems but use the kindle way more. My 6 yr old grandson still plays with mine and loves watching you tube, videos and playing games on it. He has several game systems, Xbox, sega, ds but still uses my kindle all the time over those systems.my husband used his all the time for everything from internet to watching movies and shows. I'm getting ready to buy my grandson a new kindle( mine is a bit older and has cracked screen now but still works good).He would like one to call his own. I'm looking at a 16 GB or 32 GB.they are really durable and tough. This is my first Fire Kindle. I love it. It is fast, and has good internet. It gives me quick access to all my Kindle library. I found out it's easier to scroll through the pages than when using Kindle Touch. Fast on internet, easy connection. Easy to use. Clear display. Was looking at iPad mini. After reading reviews of both Kindle fire and iPad I bought the Kindle for so much less $$$ And I don't have to put up the Apple's native apps etc. Thanks. We really like this tablet . It's easy to use All I wanted was a Kindle to read books. I got this instead!! Excellent choice because I can read books and do so much more!! I had to return this product as it was not compatible with things such as Facebook and Itunes... which is what I needed it for. Great if you are into books and streaming movies! Love this Kindle. There are to many apps and games offered for download. Love the book selection Easy to navigate The charger seems a bit loose, though I like the ease of use and good support from Amazon. A reasonable price for a versatile tablet. This tablet is excellent considering the price. It has a very clear display, is a fairly large tablet, and has plenty of memory to store a lot of apps, music, pictures and more. Considering the price, this tablet has the best value out of all tablets to date in my opinion. I've had lots of tablets in the past, mostly from the Samsung line, but this is my first Amazon Fire, so I want to write this review for others who have never tried one of these. At the time that this was written, Alexa had not been added to the tablet.First, while this device runs an Android type of operating system, Amazon puts its own spin on the operating system. I don't feel like I'm using Android. This feels different to me. It doesn't have the same level of customization that Android users have come to appreciate. That being said, if you are an Amazon Prime member, this device has been tailored to be your content entertainment machine. It's simply a fun way to consume your magazines, books, etc.There are 3 on-screen buttons on the bottom of the device. The middle button immediately takes you to your home screen. The button to the left acts as a sort of ""back"" button. It also lets me get rid of my keyboard when I don't need it on screen, but it's open. The button to the right is super important. It took me a couple of days to realize what it does. That square shaped button is what you press you see what apps you have open. It lets you switch between apps, but it also lets you see which apps you have open and close them out. You can close them by pressing the ""X"" button in the corner of the window that appears or by touching the app window and swiping to the right. If you leave all of those apps open and you never close them, you'll drain your battery. Make sure you use that little square button to clear your apps.The device has several menus that you swipe left to view. First, you start with your home screen. You literally can stay on this screen and do anything you need to do on the tablet. All of your apps are housed here. You swipe up to view all of them. The tablet comes with several apps pre-installed such as Slik, Amazon's own internet browser, Audible, Good Reads, the Amazon app store, a weather app, etc. You can go to the Amazon app store to download other apps such as Twitter, Facebook, etc. You can combine the apps on this page into folders. You just drag one app to another app and a folder appears. This made my home screen much more manageable. You can change the size of the font on the home screen from normal to large or small in the device settings. This feature doesn't necessarily increase the size of the font within your apps, however. I believe it only changes the font on your main screens.If you have a magazine or newspaper subscription that is connected to your device, when you have a new issues, it will show up at the top of your home page screen under the heading of ""new items."" The device comes with a free 6 month subscription to the Washington Post. You'll see that under ""new items"" when you initially activate your tablet.You can change the wallpaper on the screen to use one of your own photos. You can do this through the settings menu on the device. If you want to use one of your own photos, however, you need to either take it on the device or move it into Amazon's Photos app, which is a cloud-based app.So far, I haven't found a way to effectively use a different photo management app that will let me change my wallpaper. I'm not crazy about the Amazon Photo app. I found it annoying to move my photos from my phone into Amazon's cloud just so I could view them on my tablet. That being said, I'm not planning to take photos on this device. I just wanted a few pet photos on there and the ability to change my wallpaper.Beyond the home screen, you can swipe to the right to view your other screen. They are pre-arranged to be: books, videos, games, shop, apps, music, audiobooks, and newstand. All of those screens are connected to your Amazon account. For example, if you have Kindle books you've already purchased, they automatically will appear under the Books menu. Your magazines and newspaper subscriptions will appear under the newstand menu. There doesn't seem to be a way to change the order of the menu pages. That bugs me, but it's not the end of the world. There's also one menu to the left of the ""home"" menu. It's the ""recent"" page. It shows you what you've received looked at on the tablet. I never use it, but it might be handy for some people.One of my favorite features of this tablet is Amazon's ""On Deck"" capability. If you're an Amazon Prime member, Amazon will periodically download a video to your device that it thinks you might like. The items don't count against your pre-installed memory and they automatically deleted off if your memory starts getting full. You can turn off the ""on deck"" feature if you don't like it. I've been content with the video playback capability. This isn't my major use of the device, but the images look fine and the audio is OK. I'll talk more about the speakers later. My other favorite feature of this tablet is viewing magazine content through the Newstand. I've tried 3 magazines on here and they all look gorgeous. Now, I can always have my magazines with me so if I'm stuck at the airport or at the doctor's office, I always have them. One of my regular magazines includes a free digital version of the magazine for free. I just had to connect my account to the device. This allows me to download the back issues of the magazine for as long as I've had an account. My other magazine didn't include a digital edition so I canceled the print edition of it and switched to the digital version. (It was an inexpensive magazine, anyway.) There are several magazines that you can try free for 30 days on the device. I did this with a third magazine and decided to keep it for a year. Viewing magazines on this gadget is a pleasure.The Kindle Fire doesn't come with the Google Play store installed. You can side load it to the device without rooting it (and breaking your warranty.) You can Google to find the instructions to do this. It's not difficult to do if you're fairly comfortable with technology. It probably took me 10 minutes. Most of the apps I wanted were in the Amazon store, but there were a handful that I had paid for through Google Play. The only way I could have them was to go back to access that store. They have worked fine so far. I despise the keyboard that Amazon pre-installed on this device. There are no lines between the letters on the keyboard. I suppose it designed to be better for swyping through keys, but I hate it. I fixed that problem by going to Google Play and downloading a new keyboard. It was a pretty easy problem to solve so I can't complain.Apps that are connecting to the Internet can be a little slow to load on this device compared to my other gadgets, but that generally doesn't bother me. If you were using this tablet to replace your personal laptop, however, that might drive you crazy. The screen on this device isn't bad. If I compare it to my fancy phone, it's not as shape, but when you think about the price of this device compared to my smartphone, the screen is outstanding.The speakers are OK. There are two of them located on the bottom of the screen. I won't say that they are fantastic. They aren't. In my opinion, they are fine for watching YouTube or a television show. They are not OK for listening to music if you are an audiophile. You can make it a little better by downloading a different music app instead of relying on the pre-install app, but still your music will sound tinny. That being said, you can always connect your tablet to a bluetooth speaker, use a pair of headphones, etc.This device wasn't made for taking pictures. It has a front and back camera, but they aren't designed to be spectacular. I'm not using them.I find this device a little difficult to hold in my hands. I think that's partly because of the size and partly because it feels very slick. Also, I do have some hand problems (similar to someone who has Carpal Tunnel syndrome). I think it will be easier to handle once my case arrives. I'm still waiting for it. I'm greatly enjoying this device. It's simply fun to use the tablet. There are weaknesses that come with that lower price tag, but you legitimately get a lot of bang for your buck, particularly if you regularly use Amazon services. If you don't typically use Amazon and you are just looking for a tablet for viewing the Internet and you're looking for a low price tag, this device may be OK for you. I bought this to replace a damaged much more expensive tablet of my daughters. Great item and just as nice as the more expensive one. She absolutely loves it. Fantastic tablet fire one is great. Small and portable I purchased this product with an eye on simply trying out a tablet. It has become a product I use every day. You have to get used to the Amazon app store, which is different than the Google Play store, though it is still android-based. The tablet is fast and the user experience is satisfying. I purchased the 32Gb. model for the extra storage space. It is a great tablet for under $100! Decent little tablet if you are not a game player. Tablet shuts down and I cant get it back on when I play games for long periods of time. It's not my ipad, that's for sure. Does a lot more than old tablet.It Hasmore memory. Excellent value, lets me lug all my favorite books around and read whenever. Wouldn't be without it. I love my Amazon Fire HD 8. It's not too small and not too big. I was looking at other tablets, and decided on the Amazon Fire HD 8 because of the price, and because I have Amazon Prime, I purchased it online at Best Buy, and then picked it up at the store on Black Friday. It is my first tablet, and so I wanted to start with one that I can have fun with, and I am. I do have a laptop for important things. I have put off buying a tablet because all the ipads I tried with friends were hypersensitive making it difficult for me to navigate easily. This one is the bomb - I am 68 and not a techie but quite intelligent - this Kindle Fire is a perfect fit for me and does everything I want it to do and more with great speed and wonderful resolution. I am new at tablets and look forward to enjoying learning all that this Kindle Fire will provide for me - so far each step has been a breeze. I just love it. my daughter just loved this kindle fire. she said it was the perfect gift that she could receive. I love my kindle fire. Its a great reading device. Easy to set up, great picture love it! Keeps my kids entertained and they love it also ....it was a gift. The last 2 models of Kindle HDX 8 have been terrible. We have purchased 2 of each model of Kindle and up until the last 2 models, they have been great. Last years had to be replaced 7 or 8 times and for the same problem. The slot for the SD card is defective. I gave up and bought the newest model. It shuts completely down if you try to plug it in to external speakers and sometimes it shuts down for no reason. It's going back after the first of the year. This is going to be my last year for Kindles unless they make them the same quality as before. Phooey! Easy to use with great picture. I would recommend it to a friend. This product was purchased for my Grandson. He had a fire 6. He however loves the HD 8. He uses it for music & gaming mostly. Great electronic device. This works great. I read a LOT and I needed something that would handle all my eBooks. It has all the other bells and whistles as any tablet but I use it for the eBooks and one game. Excellent! So far the tablet has been working without any issues. Haven't used it enough to rate it any higher but time will tell. This is the right device to play with puzzles, you can avoid samsung/verizon constant advertisements. Only wish the battery would last longer or charge faster. My Fire is compact and easy to use. Mainly used to read online books at lunch time. The battery lasts much longer than previous tablet I had and charges much quicker. very happy with my Fire. Used it for watching television shows. The picture was clear and the audio was decent for the location of the speakers. great kid friendly product, hours of enjoyment for all. Only negative is the apps. Thought they were from android but they're an Amazon version and limited. I have really enjoyed my new kindle and the ability to take pictures. It stays charged a long time when I am reading a book or watching a movie. I just wish that kindles could run on an LTE network as well when you do not have a WiFi signal.",4,"All-New Fire HD 8 Tablet, 8 HD Display, Wi-Fi, 32 GB - Includes Special Offers, Magenta Tablets,Fire Tablets,Electronics,Computers,Computer Components,Hard Drives & Storage,Computers & Tablets,All Tablets",0,"All-New Fire HD 8 Tablet, 8 HD Display, Wi-Fi, 32 GB - Includes Special Offers, Magenta All-New Fire HD 8 Tablet, 8 HD Display, Wi-Fi, 32 GB - Includes Special Offers, Magenta All-New Fire HD 8 Tablet, 8 HD Display, Wi-Fi, 32 GB - Includes Special Offers, Magenta All-New Fire HD 8 Tablet, 8 HD Display, Wi-Fi, 32 GB - Includes Special Offers, Magenta Tablets,Fire Tablets,Electronics,Computers,Computer Components,Hard Drives & Storage,Computers & Tablets,All Tablets",1,4,Fire HD Tablets
B01BFIBRIE,"Fire Tablet, 7 Display, Wi-Fi, 8 GB - Includes Special Offers, Black",Amazon,"Electronics,iPad & Tablets,All Tablets,Computers & Tablets,Tablets,eBook Readers","doesnot work After three weeksI cannot open it. so sad This device is a classic reader for people also a good gift for students. It is very comfortable to use it. I had previously purchased the first kindle fire for reading but I would get distracted with all those other apps you can get on it. When the kindle paper white came out I decided Ill give it a try. I love reading in the dark with it and that it looks like the pages in a physical book. I also love the word wise it helps to review words you didnt know later if you want, growing your vocabulary. This is a nice reader that we gave to our granddaughter. She enjoys he childrens books she can read and we enjoy the limited Wi-Fi capabilities. The paperwhite is very similar to a real book. The light setting is helpful and eyes friendly. One battery charge can last long. I bough this for my husband and he loves it so much uses it everyday!! Worth ever penny! I had one of the original Kindles and gave it to my daughter when I got an iPad. As much as I love my iPad, it's not ideal as an E-reader. After a trip or two this summer to the beach with a good old fashioned paperback, I figured I'd try out the New Kindle Paperwhite. I'm so glad I did! It is small, lightweight, and holds a charge for days! I love it, and have been reading book after book since my purchase. Love the Kindle product and the paper white is easy to read in daylight, low light, and no light. Very easy to use. It's small enough to fit in my purse so I can always have a book to read with me. Great product we love it, buybuyby good good good product The battery lasts very long. This saves me so much space at home!! I take it with me everywhere gym, work, long trips!! Very happy with my purchase... I got it just for reading text books...great for readin I really enjoy my new kindle. I can read in the dark, I can have all my books without taking up space, and the battery lasts a long time. Really like the touch screen factor. Really lights up easy to read especially since you can enlarge the font Is easy to use, great to look up words you dont know as you go along.Its also great that the light isnt shone up into your eyes, it makes it so that they dont get easily tired and they dont hurt. Comments on Kindle Paperwhite1) Basic functioning of page forward & back - excellent2) Footnote action often led to loosing place. It was easy to accidentally press a footnote when doing normal forward or back. Pressing the top right x sometimes returned to text, but often was dead - requiring selecting Go To Footnotes. Picking the correct < footnote returned to correct position - but too easy to accidentally press a different footnote - send me off to wrong text position. While doing things right raises no problems - it is to easy to get in trouble. Enabling the x at all times would be safer.3) Occasionally a small print message such as 91 highlighters would appear between the lines. Supposed to show where other kindle users highlighted text. Does not highlight any text. You will not regret this purchase! The kindle holds a charge for more than a week, is super light weight, easy on the eyes, and allows you to define words with the point of a finger! It even adds defined words to a vocabulary list, so you can review them! I prefer the deficated e-readers to tablets for reading. I have both this Paoerwhite and a current-gen Nook Glow Light. I really like the Glow Light  especially its rugged construction  and I still use it, but the Paperwhite is better.The Glow Light has no bevel and a touch-sensitive button on the front. This means I am constantantly turning the page or returing to the home screen by accident. It's very annoying, and I have a hard time finding a comfortable way to hold it. It seems like I'm always thinking about where my fingers are. I do not have this problem at all on the Paperwhite.The Paperwhite is a great little reader for the money. I would definitely buy another. I WOULD RECOMMEND THIS TO YOU. This product is really light and portable. You can carry it to caf or library for reading. There is no harm to your eyes because of it specific technology. The only drawback is that it will flash when you turn the page. But this is the common problem for this kind of reading stuff. I think it is acceptable. I bought on the price of 99 with a 25 discount. So it really worth it. Got this for my fianc and she loves how easy it is to use, and how light the product is. Would highly recommend to all book readers. Bought for our child who has vision issues but LOVES to read.  She can borrow library books and they return ""automatically"". Appreciate that the screen lighting is more gentle than other tablet items. Grateful for no game options. Wish I could control the ads better! That's my only complaint. Some advertised books are plain wrong for a young one but there it is with a sample or picture. Just gotta keep an eye on that. Purchased this as an upgrade to the first generation Kindle Paperwhite. The backlight is greatly improved, the display is of a higher quality, the words are clearer and the internal process is a lot quicker  opening books and page flipping is noticeably speedier.The one thing that does annoy me about the 3rd generation Paperwhite is the way it's manufactured  when you hold it at a certain angle and you look at the bottom of the screen, you can see a small section of the display covered in the e-ink used to render the words and images on the rest of the screen. At first I thought this was a manufacturing defect, so I took it back to Best Buy and exchanged it for the same model, only to find that the second model had the same issue, except more-visible.This appears to have something to do with the way the display is placed behind the bezel during the manufacturing process. When the Paperwhite first came out, it was the crown jewel of Amazon's e-reader line, and Amazon was careful to precision-craft the devices. Now, that honor falls to the more-expensive Voyage, with the Paperwhite becoming the flagship, but still cheaper, option in the Kindle lineup, meaning the manufacturing quality of the Paperwhite is likely a bit reduced compared to that of the Voyage.This won't be a huge annoyance for some people. It is for me. And it's seriously made me consider whether it's worth contacting Amazon over.For everyone else, though, this is a great e-reader and well worth the money. If you're looking for an e-reader, this is the one to buy. I absolutely LOVE my new Kindle! I'll never run out of good books to read again! Best Buy had it delivered 3 days before I even expected it to arrive. Couldn't be happier El libro electrnico es muy prctico, puedes tener todos los libros ah. If you are a hardcore reader, this is your Kindle! The light makes a huge difference to read under any conditions, its a big improvement from the standard Kindle, if you are unsure between one or the other, go for the Paperwhite, its worth the extra money. It took a bit for me to get used to the Kindle as I was used to reading the books on my phone with the Kindle app. I was a bit bummed with losing the color. I also dont like that it has no sound. Other than that it's a nice lightweight device with a good battery life. At first I thought it was defective because it froze up the first time I plugged in the usb. It actually stayed frozen for a couple days before it finally started working again. Purchased this as an upgrade to the first generation Kindle Paperwhite. The backlight is greatly improved, the display is of a higher quality, the words are clearer and the internal process is a lot quicker — opening books and page flipping is noticeably speedier.The one thing that does annoy me about the 3rd generation Paperwhite is the way it's manufactured — when you hold it at a certain angle and you look at the bottom of the screen, you can see a small section of the display covered in the e-ink used to render the words and images on the rest of the screen. At first I thought this was a manufacturing defect, so I took it back to Best Buy and exchanged it for the same model, only to find that the second model had the same issue, except more-visible.This appears to have something to do with the way the display is placed behind the bezel during the manufacturing process. When the Paperwhite first came out, it was the crown jewel of Amazon's e-reader line, and Amazon was careful to precision-craft the devices. Now, that honor falls to the more-expensive Voyage, with the Paperwhite becoming the flagship, but still cheaper, option in the Kindle lineup, meaning the manufacturing quality of the Paperwhite is likely a bit reduced compared to that of the Voyage.This won't be a huge annoyance for some people. It is for me. And it's seriously made me consider whether it's worth contacting Amazon over.For everyone else, though, this is a great e-reader and well worth the money. If you're looking for an e-reader, this is the one to buy. The device has friendly operation interface. The resolution is high.The battery also lasts pretty long. It is a good one. I like it. Bought this for my son to encourage his reading ,and very pleased with this device. I have sideloaded the ability to rent library books and it works well. He can read easily without tiring his eyes or needing to go to library frequently. Since I have to drive him everywhere it helped both of us.  I wish there were more apps available and native library rental specifically. If you like to read books, I totally recommend this product. I love reading books and the kindle paperwhite really helps. I used to read books on the iPad all the time but it would strain my eyes. After reading all the reviews I decided it was finally time to get a ereader. Since I had my iPad already I just needed one to strictly read books, so I got the paperwhite. It is so nice to read from especially in the sun. It's almost like reading from the actual book. It's the perfect size to read in one hand and stores so many books, even some for my child. It's also great for traveling. I have all my books on hand no matter where I go.  There are only two cons to the paperwhite. One is that the touch screen is not that receptive as compared to an iPad. At times it doesn't register my swipes or taps. The other con is that it's only black and white. It really isn't a problem when I'm reading, just for the children's books.","Fire Tablet, 7 Display, Wi-Fi, 8 GB - Includes Special Offers, Black Amazon Electronics,iPad & Tablets,All Tablets,Computers & Tablets,Tablets,eBook Readers doesnot work After three weeksI cannot open it. so sad This device is a classic reader for people also a good gift for students. It is very comfortable to use it. I had previously purchased the first kindle fire for reading but I would get distracted with all those other apps you can get on it. When the kindle paper white came out I decided Ill give it a try. I love reading in the dark with it and that it looks like the pages in a physical book. I also love the word wise it helps to review words you didnt know later if you want, growing your vocabulary. This is a nice reader that we gave to our granddaughter. She enjoys he childrens books she can read and we enjoy the limited Wi-Fi capabilities. The paperwhite is very similar to a real book. The light setting is helpful and eyes friendly. One battery charge can last long. I bough this for my husband and he loves it so much uses it everyday!! Worth ever penny! I had one of the original Kindles and gave it to my daughter when I got an iPad. As much as I love my iPad, it's not ideal as an E-reader. After a trip or two this summer to the beach with a good old fashioned paperback, I figured I'd try out the New Kindle Paperwhite. I'm so glad I did! It is small, lightweight, and holds a charge for days! I love it, and have been reading book after book since my purchase. Love the Kindle product and the paper white is easy to read in daylight, low light, and no light. Very easy to use. It's small enough to fit in my purse so I can always have a book to read with me. Great product we love it, buybuyby good good good product The battery lasts very long. This saves me so much space at home!! I take it with me everywhere gym, work, long trips!! Very happy with my purchase... I got it just for reading text books...great for readin I really enjoy my new kindle. I can read in the dark, I can have all my books without taking up space, and the battery lasts a long time. Really like the touch screen factor. Really lights up easy to read especially since you can enlarge the font Is easy to use, great to look up words you dont know as you go along.Its also great that the light isnt shone up into your eyes, it makes it so that they dont get easily tired and they dont hurt. Comments on Kindle Paperwhite1) Basic functioning of page forward & back - excellent2) Footnote action often led to loosing place. It was easy to accidentally press a footnote when doing normal forward or back. Pressing the top right x sometimes returned to text, but often was dead - requiring selecting Go To Footnotes. Picking the correct < footnote returned to correct position - but too easy to accidentally press a different footnote - send me off to wrong text position. While doing things right raises no problems - it is to easy to get in trouble. Enabling the x at all times would be safer.3) Occasionally a small print message such as 91 highlighters would appear between the lines. Supposed to show where other kindle users highlighted text. Does not highlight any text. You will not regret this purchase! The kindle holds a charge for more than a week, is super light weight, easy on the eyes, and allows you to define words with the point of a finger! It even adds defined words to a vocabulary list, so you can review them! I prefer the deficated e-readers to tablets for reading. I have both this Paoerwhite and a current-gen Nook Glow Light. I really like the Glow Light  especially its rugged construction  and I still use it, but the Paperwhite is better.The Glow Light has no bevel and a touch-sensitive button on the front. This means I am constantantly turning the page or returing to the home screen by accident. It's very annoying, and I have a hard time finding a comfortable way to hold it. It seems like I'm always thinking about where my fingers are. I do not have this problem at all on the Paperwhite.The Paperwhite is a great little reader for the money. I would definitely buy another. I WOULD RECOMMEND THIS TO YOU. This product is really light and portable. You can carry it to caf or library for reading. There is no harm to your eyes because of it specific technology. The only drawback is that it will flash when you turn the page. But this is the common problem for this kind of reading stuff. I think it is acceptable. I bought on the price of 99 with a 25 discount. So it really worth it. Got this for my fianc and she loves how easy it is to use, and how light the product is. Would highly recommend to all book readers. Bought for our child who has vision issues but LOVES to read.  She can borrow library books and they return ""automatically"". Appreciate that the screen lighting is more gentle than other tablet items. Grateful for no game options. Wish I could control the ads better! That's my only complaint. Some advertised books are plain wrong for a young one but there it is with a sample or picture. Just gotta keep an eye on that. Purchased this as an upgrade to the first generation Kindle Paperwhite. The backlight is greatly improved, the display is of a higher quality, the words are clearer and the internal process is a lot quicker  opening books and page flipping is noticeably speedier.The one thing that does annoy me about the 3rd generation Paperwhite is the way it's manufactured  when you hold it at a certain angle and you look at the bottom of the screen, you can see a small section of the display covered in the e-ink used to render the words and images on the rest of the screen. At first I thought this was a manufacturing defect, so I took it back to Best Buy and exchanged it for the same model, only to find that the second model had the same issue, except more-visible.This appears to have something to do with the way the display is placed behind the bezel during the manufacturing process. When the Paperwhite first came out, it was the crown jewel of Amazon's e-reader line, and Amazon was careful to precision-craft the devices. Now, that honor falls to the more-expensive Voyage, with the Paperwhite becoming the flagship, but still cheaper, option in the Kindle lineup, meaning the manufacturing quality of the Paperwhite is likely a bit reduced compared to that of the Voyage.This won't be a huge annoyance for some people. It is for me. And it's seriously made me consider whether it's worth contacting Amazon over.For everyone else, though, this is a great e-reader and well worth the money. If you're looking for an e-reader, this is the one to buy. I absolutely LOVE my new Kindle! I'll never run out of good books to read again! Best Buy had it delivered 3 days before I even expected it to arrive. Couldn't be happier El libro electrnico es muy prctico, puedes tener todos los libros ah. If you are a hardcore reader, this is your Kindle! The light makes a huge difference to read under any conditions, its a big improvement from the standard Kindle, if you are unsure between one or the other, go for the Paperwhite, its worth the extra money. It took a bit for me to get used to the Kindle as I was used to reading the books on my phone with the Kindle app. I was a bit bummed with losing the color. I also dont like that it has no sound. Other than that it's a nice lightweight device with a good battery life. At first I thought it was defective because it froze up the first time I plugged in the usb. It actually stayed frozen for a couple days before it finally started working again. Purchased this as an upgrade to the first generation Kindle Paperwhite. The backlight is greatly improved, the display is of a higher quality, the words are clearer and the internal process is a lot quicker — opening books and page flipping is noticeably speedier.The one thing that does annoy me about the 3rd generation Paperwhite is the way it's manufactured — when you hold it at a certain angle and you look at the bottom of the screen, you can see a small section of the display covered in the e-ink used to render the words and images on the rest of the screen. At first I thought this was a manufacturing defect, so I took it back to Best Buy and exchanged it for the same model, only to find that the second model had the same issue, except more-visible.This appears to have something to do with the way the display is placed behind the bezel during the manufacturing process. When the Paperwhite first came out, it was the crown jewel of Amazon's e-reader line, and Amazon was careful to precision-craft the devices. Now, that honor falls to the more-expensive Voyage, with the Paperwhite becoming the flagship, but still cheaper, option in the Kindle lineup, meaning the manufacturing quality of the Paperwhite is likely a bit reduced compared to that of the Voyage.This won't be a huge annoyance for some people. It is for me. And it's seriously made me consider whether it's worth contacting Amazon over.For everyone else, though, this is a great e-reader and well worth the money. If you're looking for an e-reader, this is the one to buy. The device has friendly operation interface. The resolution is high.The battery also lasts pretty long. It is a good one. I like it. Bought this for my son to encourage his reading ,and very pleased with this device. I have sideloaded the ability to rent library books and it works well. He can read easily without tiring his eyes or needing to go to library frequently. Since I have to drive him everywhere it helped both of us.  I wish there were more apps available and native library rental specifically. If you like to read books, I totally recommend this product. I love reading books and the kindle paperwhite really helps. I used to read books on the iPad all the time but it would strain my eyes. After reading all the reviews I decided it was finally time to get a ereader. Since I had my iPad already I just needed one to strictly read books, so I got the paperwhite. It is so nice to read from especially in the sun. It's almost like reading from the actual book. It's the perfect size to read in one hand and stores so many books, even some for my child. It's also great for traveling. I have all my books on hand no matter where I go.  There are only two cons to the paperwhite. One is that the touch screen is not that receptive as compared to an iPad. At times it doesn't register my swipes or taps. The other con is that it's only black and white. It really isn't a problem when I'm reading, just for the children's books.",4,"Fire Tablet, 7 Display, Wi-Fi, 8 GB - Includes Special Offers, Black Electronics,iPad & Tablets,All Tablets,Computers & Tablets,Tablets,eBook Readers",0,"Fire Tablet, 7 Display, Wi-Fi, 8 GB - Includes Special Offers, Black Fire Tablet, 7 Display, Wi-Fi, 8 GB - Includes Special Offers, Black Fire Tablet, 7 Display, Wi-Fi, 8 GB - Includes Special Offers, Black Fire Tablet, 7 Display, Wi-Fi, 8 GB - Includes Special Offers, Black Electronics,iPad & Tablets,All Tablets,Computers & Tablets,Tablets,eBook Readers",1,1,Fire Tablets - Standard
B01BH83OOM,Unknown,Amazon Echo,"Featured Brands,Electronics,Amazon Devices,Home,Home Improvement,Home Safety & Security,Home Security,Alarms & Sensors,Smart Home & Home Automation Devices,Mobile,Mobile Speakers,Mobile Bluetooth Speakers,Smart Hubs & Wireless Routers,Smart Hubs,Home, Garage & Office,Smart Home,Voice Assistants,Smart Home & Connected Living,Amazon Tap,Portable Audio,MP3 Accessories,Speakers,Amazon Echo,Electronics Features,TVs & Electronics,Portable Audio & Electronics,MP3 Player Accessories,Home Theater & Audio,Kindle Store,Frys,Electronic Components,Home Automation,Electronics, Tech Toys, Movies, Music,Audio,Bluetooth Speakers","excellent gift, ok sound, great portability, would buy again The echo is easy to use and fun to use once you buy one you'll want them for all over your house. The Amazon Echo Tap is a nice & interesting device...but it did not fit my needs. I also have the Amazon Echo and absolutely love it. So what's the difference? A. You have to walk up the the Tap to touch it - this is not as convenient and not as fun as the talking to the Echo from across the room. B. The audio quality not very good - more like a small bluetooth speaker. C. The Tap is fine around the house when it's connected to the home wi-fi, but when you are out of the house it must connect to your cell phone or other wi-fi?? That is not going to work very well. Enjoying my Tap, asking Alexa questions, and the small form factor makes it easy to take along while traveling. Decent battery life and sound for such a small speaker. Only reason I didn't give 5 stars, was the difficulty in connecting the Tap to public wifi's such as hotels, in my situation...takes some effort. As a bluetooth speaker, the Tap rocks! The sound quality is excellent, plenty loud when needed, and excellent quality with no stutters in streaming. I bought this one instead of the Echo because it is portable, and I can lug it from room to room. The charging stand is very convenient, and the Tap stays there most of the time. Having to press the button to activate each of the voice commands is not an issue for me, but is something to consider. (If you want hands free use, you may want the big brother Echo device, which is hands free, but tethered in place by a power cord, so not portable). The feel of the Tap with the black fabric cover is nice, and will not slip out of your hand. The fabric is like tough upholstery cover, so it won't stain or be easy to damage, but is quite attractive. I am glad they did that, as bare plastic would be easy to drop. I found it easy to pair with bluetooth and wireless, and it works as advertised! I mostly just use it for playing music and asking Alexa silly questions for fun! I occasionally use it for shopping lists, which shows up on my phone, and checking the weather. Who knows what the future holds,when I have time to sit down and really learn all that it can do? I understand that Amazon plans to add more Alexa skills all the time, and if one got into smart house control with compatible products, the Tap would eliminate all remotes, which I already have too many of. I think it is a really fun, cool item, and I am glad I got it! It is so much fun to use voice commands instead of typing, especially the tiny smart phone typing ! I could get used to this! I have the Alexa app on my phone, which allows certain voice commands to show up on my phone, like shopping lists, to do lists, calendar. The Tap can also check traffic, weather, movies, etc directly through Wi Fi, no phone needed. However, the Alexa phone app actually helps you figure out what you can do with the Tap. The Tap can read Audible and some kindle ebooks to you as well! BTW, I haven't had any problems having it understand me, which is amazing, since I grew up in Texas and expected a problem with my accent. Obviously, this item is ideal for people who are Amazon Prime members, so you can stream Prime Music, although it also streams Pandora and other music services, and does many things without any connection to Amazon. I guess the most unique thing about the Tap is its ability to stream wi fi music directly, without a computer or phone driving it - that and the voice control. I have paid more for smaller ""just"" bluetooth speakers, so to me, this was a super deal, and continues to be a source of fun and entertainment! If you have an Amazon Echo already then you know what a great gadget it is. This is Echo in baby size and portable. The newer version can be ""woken up"" with your voice like its big sister or you can program it to only respond when you push the mike button. It had all the features of Echo and excellent sound for its size. I have it in the bedroom and use it as an alarm and music when I get dressed. All in all a great item for the price. It's so fantastic to just ask a device to turn on lights, or play music. So convenient. Love this! I was debating whether to get the stationary Alexa device or the Tap and decided on portability. It's been fun figuring out how to phrase requests but with a little trial and error we're on a roll. I use it for play lists at work, alarm clock announcement by Dan Marino and news briefs. It's surprisingly sturdy but wish it was waterproof so I could take it with me while fishing. I like how it plays music. It is perfect to connect to smart home products. Such as nest, Belkin , and many others. It is easy to use. Great speaker and the sound is great. Use it every day. Love being able to use Alexa when attached to my network. I read all reviews about the tap so I decided to try it, I love it. The tap keeps me up to date with weather, news etc. I use it every day. IMPORTANT UPDATE (3/8/17): As you read my original review, please be aware that Amazon announced in early February (2017) a new firmware update that allows Amazon Tap owners to enable a hands-free option! By going into Settings in the Alexa app, you can now choose the hands-free option and have your Tap respond to voice commands without touching it, just like the Echo and Echo Dot! This is a fabulous development and something Tap owners have been hoping for. Thank you, Amazon!Since the lack of hands-free operation was the one major shortcoming of the Tap, this wonderful little device has now gotten a whole lot better. One thing to keep in mind, though, especially if you use your Tap on battery power: The hands-free mode will drain the battery more quickly, because it requires the microphone to be on at all times. But since you can easily toggle between hands-free or regular tap mode using the Alexa app, you can pick and choose how you want to use your Tap for maximum battery life and convenience.-------------------------I admit that I was a little skeptical when Amazon first introduced its Echo device. But I decided to buy one anyway, thinking that if I didn't like it I could easily sell it. After all, back in the early days of the Echo it was in very high demand. So the financial risk associated with trying it was minimal. Today, as an avid music listener who loves to cook, I'm thrilled that I decided to give the Echo a try.I had wanted a device that I could stream music with in the kitchen, and the Echos hands-free voice control made it very appealing. But how would it sound That question was quickly answered as soon as I set up and started using my Echo.Read more Love it works great a lot of fun great for listening to music I own an echo and the tap. The tap is slower to respond. If you haven't used the echo then you will like the tap. Picked this up to have a portable option for playing music in the garage. Love that it's battery powered. Never had an issue of it running out of juice. The only issue I have is with the mics, it doesn't respond to your voice as well as the Echo or Dot. Then again it wasn't really designed to listen for the Alexa command since it originally required you to ""tap"" the speaker to get it to listen. So i was looking for a bluetooth speaker for my part time job. A guy i work with at bestbuy showed me his amazon tap speaker and it was awesome! I loved u can hook it up via wifi and stream music and such. Its portable its got clean and crisp sound. It also can leave the phone i had my phone placed upstairs and i was in the basement with the speaker and it was still connected. Its very easy to use i have no complants about this speaker at all Best sounding Amazon speaker hands down. The only annoyance is that it beeps after the ""Alexa"" wake word and after the command, unlike the other echos I have with no obvious way to turn this off. Other than that, sounds great and can take with you pretty well anywhere.... Since I purchased returned couple of times now is dead I have to return it again. My first problem didn't paired. I love this product , so nice to have for trips!!! Good product works amazing . Works awesome from home . Anyone needing a compact and easily mobile speaker should look at this. The sound quality is excellent, it is easy to sync via Bluetooth and gives you the ability to stream music when connected to wifi. Great product for the price and perfect for the office. Cute speaker. a bit expensive but the amazon streaming capabilities make it worth it Most speaker like this will be over USD150.00 but this one is less than that price with a great sound quality Love the Tap, plays my daughter' s music. Works well if you are a Amazon Prime member. This product works great with my amazon account and best part is it does not listen too all my conversations. While it is an option I prefer to hit the button for it to recognize a voice command. That way its not listening till I tell it to unlike Google's device and the other amazon devices. Really like the Wi Fi & being able to take it to any room in the house. My music sounds great. Love all the features. Overall for an Alexa product it does the same thing as all the other ones. This one is specifically portable and only needs to be put on the base for charging. The one main issue is that it is not voice activated (meaning it does not listen to you unless you press any of the buttons on top or the mic button in front. By having this feature, I could see it causing excess battery usage. Needs to be able to apps better. I first boughy alezxa from amazon and found the voice recognition and search algorithms lacking This is the echo you can take anywhere. Runs on battery and can connect via bluetooth when away from wifi. Alexa on the go. Works as Bluetooth speaker with your comparable phone. Overall I was a little skeptical because this wasn't the product I wanted. Turns out, it's amazing! I wanted a speaker to listen to Pandora and go so much more! Being able to speak to Alexa and get news, weather, timer, light controls and so much more! Love the product! I have the Amazon dot, which is great. But after purchasing the tap, which was on sale too, I was sold. You can take it any where. And the sound is great!!! We have had the full-size Echo for over a year, and I love it. The Tap requires you to push the button before Alexa responds to your requests, so that takes a little getting used to after using the big Echo's voice activated requests. The Tap speaker is not as good as the big Echo, but it is a nice portable blue tooth speaker that holds a battery charge. Overall, I really like this...and I found it at best buy for $78! This is a awesome product. My husband and I love it. Great value and quality speaker that also connects to the information highway. Unlike the larger version, this does not need to be plugged in..making it portable....although you have to press the button for every request..it's great to take with you where ever you go..fully rechargable We really love our new Amazon Tap. My Son enjoys playing with it. So far we are very much enjoying the product. Great for outdoor use by the pool due to its portability. We have not had a chance to really test how long it can go without a charge but a couple hours has been no problem. Only catch is that you cannot stream a single Spotify account on more than one device at the same time, so if you find yourself purchasing the Dot or Echo you will not be able to stream using the same account at the same time. The Amazon Tap is outstanding. There have been more applications slowly becoming avaliable. It is simple to use. It works with our Nest, which is a nice application. The Tap works great, just like Alexa's little helper. We bought this Amazon Tap Bluetooth and wifi wireless speaker for my brother. He loves it! He can play his fave tunes by the pool and it really holds a charge for hours of wireless listening. The Amazon Tap is a great addition to my Smarthome system. We particularly like that we can move it from room to room without AC attached & the battery lasts a long time. We even take it outside to listen to music from Amazon Prime and Spotify. We recommend it highly. Works really well with echo and is really neat and fun Use is all the time. Backyard favorite. Great by the fire. It takes me a few tries to figure out how to connect to internet and then change it to blue tooth when needed. Overall , once it's set up it's super easy to use. Works best if you have Spotify premium. Voice recognition is good and it improves over time. Sound quality is good. Battery is really good. Bought the Echo Tap, Echo Dot, Phillips Hue Starter Kit and a Honeywell Thermostat for my wife for her birthday.She loves it and so do I!Cant wait to add more automated products to it. No need to have my phone out fumbling through multiple apps to change lighting and temperature, check weather, play music, etc., I just ask Alexa to do it while I continue at what I'm doing.Also, when the Dot and Tap are in the same room, the one that is closest to you typically answers your requests. Nice device that will only improve with time. I'm glad that I bought this product, it's easy to understand, my grandkids loves it. The Tap is a great companion to your every day business. It has become my partner in my daily communications. Overall sound is not as good as Echo, my primary source for Amazon content. However, the Tap is great for medium volume music and radio stations and as an alarm clock. It's portability sets it apart, however, it's nice to be able to take it from room to room and to the garage and patio without disconnecting. Recent software update now allows listening mode. It does require a brief pause after saying Alexa wake word, but it does work. This drains the battery more quickly but you can keep it in the charger base or toggle off listening mode at the touch of a button. The portability and voice activation now make this a worthwhile addition to my Echo, which is fabulous!","Unknown Amazon Echo Featured Brands,Electronics,Amazon Devices,Home,Home Improvement,Home Safety & Security,Home Security,Alarms & Sensors,Smart Home & Home Automation Devices,Mobile,Mobile Speakers,Mobile Bluetooth Speakers,Smart Hubs & Wireless Routers,Smart Hubs,Home, Garage & Office,Smart Home,Voice Assistants,Smart Home & Connected Living,Amazon Tap,Portable Audio,MP3 Accessories,Speakers,Amazon Echo,Electronics Features,TVs & Electronics,Portable Audio & Electronics,MP3 Player Accessories,Home Theater & Audio,Kindle Store,Frys,Electronic Components,Home Automation,Electronics, Tech Toys, Movies, Music,Audio,Bluetooth Speakers excellent gift, ok sound, great portability, would buy again The echo is easy to use and fun to use once you buy one you'll want them for all over your house. The Amazon Echo Tap is a nice & interesting device...but it did not fit my needs. I also have the Amazon Echo and absolutely love it. So what's the difference? A. You have to walk up the the Tap to touch it - this is not as convenient and not as fun as the talking to the Echo from across the room. B. The audio quality not very good - more like a small bluetooth speaker. C. The Tap is fine around the house when it's connected to the home wi-fi, but when you are out of the house it must connect to your cell phone or other wi-fi?? That is not going to work very well. Enjoying my Tap, asking Alexa questions, and the small form factor makes it easy to take along while traveling. Decent battery life and sound for such a small speaker. Only reason I didn't give 5 stars, was the difficulty in connecting the Tap to public wifi's such as hotels, in my situation...takes some effort. As a bluetooth speaker, the Tap rocks! The sound quality is excellent, plenty loud when needed, and excellent quality with no stutters in streaming. I bought this one instead of the Echo because it is portable, and I can lug it from room to room. The charging stand is very convenient, and the Tap stays there most of the time. Having to press the button to activate each of the voice commands is not an issue for me, but is something to consider. (If you want hands free use, you may want the big brother Echo device, which is hands free, but tethered in place by a power cord, so not portable). The feel of the Tap with the black fabric cover is nice, and will not slip out of your hand. The fabric is like tough upholstery cover, so it won't stain or be easy to damage, but is quite attractive. I am glad they did that, as bare plastic would be easy to drop. I found it easy to pair with bluetooth and wireless, and it works as advertised! I mostly just use it for playing music and asking Alexa silly questions for fun! I occasionally use it for shopping lists, which shows up on my phone, and checking the weather. Who knows what the future holds,when I have time to sit down and really learn all that it can do? I understand that Amazon plans to add more Alexa skills all the time, and if one got into smart house control with compatible products, the Tap would eliminate all remotes, which I already have too many of. I think it is a really fun, cool item, and I am glad I got it! It is so much fun to use voice commands instead of typing, especially the tiny smart phone typing ! I could get used to this! I have the Alexa app on my phone, which allows certain voice commands to show up on my phone, like shopping lists, to do lists, calendar. The Tap can also check traffic, weather, movies, etc directly through Wi Fi, no phone needed. However, the Alexa phone app actually helps you figure out what you can do with the Tap. The Tap can read Audible and some kindle ebooks to you as well! BTW, I haven't had any problems having it understand me, which is amazing, since I grew up in Texas and expected a problem with my accent. Obviously, this item is ideal for people who are Amazon Prime members, so you can stream Prime Music, although it also streams Pandora and other music services, and does many things without any connection to Amazon. I guess the most unique thing about the Tap is its ability to stream wi fi music directly, without a computer or phone driving it - that and the voice control. I have paid more for smaller ""just"" bluetooth speakers, so to me, this was a super deal, and continues to be a source of fun and entertainment! If you have an Amazon Echo already then you know what a great gadget it is. This is Echo in baby size and portable. The newer version can be ""woken up"" with your voice like its big sister or you can program it to only respond when you push the mike button. It had all the features of Echo and excellent sound for its size. I have it in the bedroom and use it as an alarm and music when I get dressed. All in all a great item for the price. It's so fantastic to just ask a device to turn on lights, or play music. So convenient. Love this! I was debating whether to get the stationary Alexa device or the Tap and decided on portability. It's been fun figuring out how to phrase requests but with a little trial and error we're on a roll. I use it for play lists at work, alarm clock announcement by Dan Marino and news briefs. It's surprisingly sturdy but wish it was waterproof so I could take it with me while fishing. I like how it plays music. It is perfect to connect to smart home products. Such as nest, Belkin , and many others. It is easy to use. Great speaker and the sound is great. Use it every day. Love being able to use Alexa when attached to my network. I read all reviews about the tap so I decided to try it, I love it. The tap keeps me up to date with weather, news etc. I use it every day. IMPORTANT UPDATE (3/8/17): As you read my original review, please be aware that Amazon announced in early February (2017) a new firmware update that allows Amazon Tap owners to enable a hands-free option! By going into Settings in the Alexa app, you can now choose the hands-free option and have your Tap respond to voice commands without touching it, just like the Echo and Echo Dot! This is a fabulous development and something Tap owners have been hoping for. Thank you, Amazon!Since the lack of hands-free operation was the one major shortcoming of the Tap, this wonderful little device has now gotten a whole lot better. One thing to keep in mind, though, especially if you use your Tap on battery power: The hands-free mode will drain the battery more quickly, because it requires the microphone to be on at all times. But since you can easily toggle between hands-free or regular tap mode using the Alexa app, you can pick and choose how you want to use your Tap for maximum battery life and convenience.-------------------------I admit that I was a little skeptical when Amazon first introduced its Echo device. But I decided to buy one anyway, thinking that if I didn't like it I could easily sell it. After all, back in the early days of the Echo it was in very high demand. So the financial risk associated with trying it was minimal. Today, as an avid music listener who loves to cook, I'm thrilled that I decided to give the Echo a try.I had wanted a device that I could stream music with in the kitchen, and the Echos hands-free voice control made it very appealing. But how would it sound That question was quickly answered as soon as I set up and started using my Echo.Read more Love it works great a lot of fun great for listening to music I own an echo and the tap. The tap is slower to respond. If you haven't used the echo then you will like the tap. Picked this up to have a portable option for playing music in the garage. Love that it's battery powered. Never had an issue of it running out of juice. The only issue I have is with the mics, it doesn't respond to your voice as well as the Echo or Dot. Then again it wasn't really designed to listen for the Alexa command since it originally required you to ""tap"" the speaker to get it to listen. So i was looking for a bluetooth speaker for my part time job. A guy i work with at bestbuy showed me his amazon tap speaker and it was awesome! I loved u can hook it up via wifi and stream music and such. Its portable its got clean and crisp sound. It also can leave the phone i had my phone placed upstairs and i was in the basement with the speaker and it was still connected. Its very easy to use i have no complants about this speaker at all Best sounding Amazon speaker hands down. The only annoyance is that it beeps after the ""Alexa"" wake word and after the command, unlike the other echos I have with no obvious way to turn this off. Other than that, sounds great and can take with you pretty well anywhere.... Since I purchased returned couple of times now is dead I have to return it again. My first problem didn't paired. I love this product , so nice to have for trips!!! Good product works amazing . Works awesome from home . Anyone needing a compact and easily mobile speaker should look at this. The sound quality is excellent, it is easy to sync via Bluetooth and gives you the ability to stream music when connected to wifi. Great product for the price and perfect for the office. Cute speaker. a bit expensive but the amazon streaming capabilities make it worth it Most speaker like this will be over USD150.00 but this one is less than that price with a great sound quality Love the Tap, plays my daughter' s music. Works well if you are a Amazon Prime member. This product works great with my amazon account and best part is it does not listen too all my conversations. While it is an option I prefer to hit the button for it to recognize a voice command. That way its not listening till I tell it to unlike Google's device and the other amazon devices. Really like the Wi Fi & being able to take it to any room in the house. My music sounds great. Love all the features. Overall for an Alexa product it does the same thing as all the other ones. This one is specifically portable and only needs to be put on the base for charging. The one main issue is that it is not voice activated (meaning it does not listen to you unless you press any of the buttons on top or the mic button in front. By having this feature, I could see it causing excess battery usage. Needs to be able to apps better. I first boughy alezxa from amazon and found the voice recognition and search algorithms lacking This is the echo you can take anywhere. Runs on battery and can connect via bluetooth when away from wifi. Alexa on the go. Works as Bluetooth speaker with your comparable phone. Overall I was a little skeptical because this wasn't the product I wanted. Turns out, it's amazing! I wanted a speaker to listen to Pandora and go so much more! Being able to speak to Alexa and get news, weather, timer, light controls and so much more! Love the product! I have the Amazon dot, which is great. But after purchasing the tap, which was on sale too, I was sold. You can take it any where. And the sound is great!!! We have had the full-size Echo for over a year, and I love it. The Tap requires you to push the button before Alexa responds to your requests, so that takes a little getting used to after using the big Echo's voice activated requests. The Tap speaker is not as good as the big Echo, but it is a nice portable blue tooth speaker that holds a battery charge. Overall, I really like this...and I found it at best buy for $78! This is a awesome product. My husband and I love it. Great value and quality speaker that also connects to the information highway. Unlike the larger version, this does not need to be plugged in..making it portable....although you have to press the button for every request..it's great to take with you where ever you go..fully rechargable We really love our new Amazon Tap. My Son enjoys playing with it. So far we are very much enjoying the product. Great for outdoor use by the pool due to its portability. We have not had a chance to really test how long it can go without a charge but a couple hours has been no problem. Only catch is that you cannot stream a single Spotify account on more than one device at the same time, so if you find yourself purchasing the Dot or Echo you will not be able to stream using the same account at the same time. The Amazon Tap is outstanding. There have been more applications slowly becoming avaliable. It is simple to use. It works with our Nest, which is a nice application. The Tap works great, just like Alexa's little helper. We bought this Amazon Tap Bluetooth and wifi wireless speaker for my brother. He loves it! He can play his fave tunes by the pool and it really holds a charge for hours of wireless listening. The Amazon Tap is a great addition to my Smarthome system. We particularly like that we can move it from room to room without AC attached & the battery lasts a long time. We even take it outside to listen to music from Amazon Prime and Spotify. We recommend it highly. Works really well with echo and is really neat and fun Use is all the time. Backyard favorite. Great by the fire. It takes me a few tries to figure out how to connect to internet and then change it to blue tooth when needed. Overall , once it's set up it's super easy to use. Works best if you have Spotify premium. Voice recognition is good and it improves over time. Sound quality is good. Battery is really good. Bought the Echo Tap, Echo Dot, Phillips Hue Starter Kit and a Honeywell Thermostat for my wife for her birthday.She loves it and so do I!Cant wait to add more automated products to it. No need to have my phone out fumbling through multiple apps to change lighting and temperature, check weather, play music, etc., I just ask Alexa to do it while I continue at what I'm doing.Also, when the Dot and Tap are in the same room, the one that is closest to you typically answers your requests. Nice device that will only improve with time. I'm glad that I bought this product, it's easy to understand, my grandkids loves it. The Tap is a great companion to your every day business. It has become my partner in my daily communications. Overall sound is not as good as Echo, my primary source for Amazon content. However, the Tap is great for medium volume music and radio stations and as an alarm clock. It's portability sets it apart, however, it's nice to be able to take it from room to room and to the garage and patio without disconnecting. Recent software update now allows listening mode. It does require a brief pause after saying Alexa wake word, but it does work. This drains the battery more quickly but you can keep it in the charger base or toggle off listening mode at the touch of a button. The portability and voice activation now make this a worthwhile addition to my Echo, which is fabulous!",2,"Unknown Featured Brands,Electronics,Amazon Devices,Home,Home Improvement,Home Safety & Security,Home Security,Alarms & Sensors,Smart Home & Home Automation Devices,Mobile,Mobile Speakers,Mobile Bluetooth Speakers,Smart Hubs & Wireless Routers,Smart Hubs,Home, Garage & Office,Smart Home,Voice Assistants,Smart Home & Connected Living,Amazon Tap,Portable Audio,MP3 Accessories,Speakers,Amazon Echo,Electronics Features,TVs & Electronics,Portable Audio & Electronics,MP3 Player Accessories,Home Theater & Audio,Kindle Store,Frys,Electronic Components,Home Automation,Electronics, Tech Toys, Movies, Music,Audio,Bluetooth Speakers",3,"    Featured Brands,Electronics,Amazon Devices,Home,Home Improvement,Home Safety & Security,Home Security,Alarms & Sensors,Smart Home & Home Automation Devices,Mobile,Mobile Speakers,Mobile Bluetooth Speakers,Smart Hubs & Wireless Routers,Smart Hubs,Home, Garage & Office,Smart Home,Voice Assistants,Smart Home & Connected Living,Amazon Tap,Portable Audio,MP3 Accessories,Speakers,Amazon Echo,Electronics Features,TVs & Electronics,Portable Audio & Electronics,MP3 Player Accessories,Home Theater & Audio,Kindle Store,Frys,Electronic Components,Home Automation,Electronics, Tech Toys, Movies, Music,Audio,Bluetooth Speakers",3,3,Echo & Smart Home
B01J2G4VBG,"Amazon 5W USB Official OEM Charger and Power Adapter for Fire Tablets and Kindle eReaders,,,
Amazon 5W USB Official OEM Charger and Power Adapter for Fire Tablets and Kindle eReaders,,,",Amazon,"Amazon Devices & Accessories,Amazon Device Accessories,Power Adapters & Cables,Kindle Store,Kindle E-Reader Accessories,Kindle Paperwhite Accessories","Bought to use with Kindle. Works fine! Good quality and charges the kindle quickly. good Works very well! Love my kindle! Nice Works just as you'd expect. Small and compact which is nice, and charges the kindle really quickly (faster than it charges on my laptop). A little expensive for what it is, but glad I ordered this. Worked as expected. A must have item. Most buyers will have a phone or other charger that will work so you probably don't need to buy this. very good So far this product has worked great. I bought it to replace my kindle charger that was no longer charging my older kindle fire. I bought a new USB cord as well. It charges my kindle so much faster than any of the other chargers I have. I would definitely recommend this product. Great product... Met all my expectations The plug seems to be working well. I think it's the connection in my Kindle that is worn out! It's okay so far. Got one to go with my Kindle Paper white! Works great! Fine. Works as expected. Makes charging time quicker. cheap - need to constantly make sure plugged in - slightly too small - saved some bucks there - not amazon quality Very handy It worked fine however I returned everything as the Kindle was too small. Good! This charger is produced by Amazon and backed by its excellent quality control and manufacturing process. I have more than one and am glad I ordered another. You can never have too many USB chargers. Appreciate this modular option for directly charging a Kindle. If you actually paid 20 for this adapter, you're out of your mind. Have not yet received it yet, but I am sure it will be great, as I was assure if was what I would need to go with my Kindle Voyage Reader to recharge it. I am anxiously awaiting for the arrival of my reader so I can start getting books to read. Sincerely, JudieMae Perfectly packaged with that hi-tech mojo. Works as advertised I mean... it work fine, but 20 fine There's nothing special here and it's a joke that Amazon doesn't just ship a charging plug with the Kindle in the first place. You should be able to find plenty of non-OEM chargers that'll work in terms of watts and voltage for far less money, like 5. Perfect turns out this was not necessary ... being returned. It works. This is the THIRD power charger that I have HAD to buy at cost of over 30 each since my Kindle Fire purchase. Why can't the chargers last a REASONABLE amount of time When I connected this charger, I received a message saying that it was a LOW level charger it probably would not charge while the Kindle was in use. NOT ACCEPTABLE for this cost!!! Needed a new one.. the dog ate my old one Arrived intact, and works well to charge my little kindle. Pleased with my purchase. nice, compact, shipped in the mail. works well with supplied kindle cord. This is working very well so far. I wish this came in white to match my Kindle Paperwhite What can I say about the plug....it is great. Now I have the option of using the plug to charge my Apple ipod or using my USB cord and adapter that charges my pod directly into the wall port. I do prefer the plug though. Meet my needs but feel should be supplied when actually purchasing the Oasis E-Reader. just what is needed! Delighted plus really well made product Works well Very good! Just what I needed. Perfect Takes too many time, even being Prime Necessary for recharging Voyage kindle. Too Really expected a chord with it for the price we paid. Very dissapointed. Easy to use...long cord. Yes, no problem it works great","Amazon 5W USB Official OEM Charger and Power Adapter for Fire Tablets and Kindle eReaders,,,
Amazon 5W USB Official OEM Charger and Power Adapter for Fire Tablets and Kindle eReaders,,, Amazon Amazon Devices & Accessories,Amazon Device Accessories,Power Adapters & Cables,Kindle Store,Kindle E-Reader Accessories,Kindle Paperwhite Accessories Bought to use with Kindle. Works fine! Good quality and charges the kindle quickly. good Works very well! Love my kindle! Nice Works just as you'd expect. Small and compact which is nice, and charges the kindle really quickly (faster than it charges on my laptop). A little expensive for what it is, but glad I ordered this. Worked as expected. A must have item. Most buyers will have a phone or other charger that will work so you probably don't need to buy this. very good So far this product has worked great. I bought it to replace my kindle charger that was no longer charging my older kindle fire. I bought a new USB cord as well. It charges my kindle so much faster than any of the other chargers I have. I would definitely recommend this product. Great product... Met all my expectations The plug seems to be working well. I think it's the connection in my Kindle that is worn out! It's okay so far. Got one to go with my Kindle Paper white! Works great! Fine. Works as expected. Makes charging time quicker. cheap - need to constantly make sure plugged in - slightly too small - saved some bucks there - not amazon quality Very handy It worked fine however I returned everything as the Kindle was too small. Good! This charger is produced by Amazon and backed by its excellent quality control and manufacturing process. I have more than one and am glad I ordered another. You can never have too many USB chargers. Appreciate this modular option for directly charging a Kindle. If you actually paid 20 for this adapter, you're out of your mind. Have not yet received it yet, but I am sure it will be great, as I was assure if was what I would need to go with my Kindle Voyage Reader to recharge it. I am anxiously awaiting for the arrival of my reader so I can start getting books to read. Sincerely, JudieMae Perfectly packaged with that hi-tech mojo. Works as advertised I mean... it work fine, but 20 fine There's nothing special here and it's a joke that Amazon doesn't just ship a charging plug with the Kindle in the first place. You should be able to find plenty of non-OEM chargers that'll work in terms of watts and voltage for far less money, like 5. Perfect turns out this was not necessary ... being returned. It works. This is the THIRD power charger that I have HAD to buy at cost of over 30 each since my Kindle Fire purchase. Why can't the chargers last a REASONABLE amount of time When I connected this charger, I received a message saying that it was a LOW level charger it probably would not charge while the Kindle was in use. NOT ACCEPTABLE for this cost!!! Needed a new one.. the dog ate my old one Arrived intact, and works well to charge my little kindle. Pleased with my purchase. nice, compact, shipped in the mail. works well with supplied kindle cord. This is working very well so far. I wish this came in white to match my Kindle Paperwhite What can I say about the plug....it is great. Now I have the option of using the plug to charge my Apple ipod or using my USB cord and adapter that charges my pod directly into the wall port. I do prefer the plug though. Meet my needs but feel should be supplied when actually purchasing the Oasis E-Reader. just what is needed! Delighted plus really well made product Works well Very good! Just what I needed. Perfect Takes too many time, even being Prime Necessary for recharging Voyage kindle. Too Really expected a chord with it for the price we paid. Very dissapointed. Easy to use...long cord. Yes, no problem it works great",0,"Amazon 5W USB Official OEM Charger and Power Adapter for Fire Tablets and Kindle eReaders,,,
Amazon 5W USB Official OEM Charger and Power Adapter for Fire Tablets and Kindle eReaders,,, Amazon Devices & Accessories,Amazon Device Accessories,Power Adapters & Cables,Kindle Store,Kindle E-Reader Accessories,Kindle Paperwhite Accessories",1,"Amazon 5W USB Official OEM Charger and Power Adapter for Fire Tablets and Kindle eReaders,,,
Amazon 5W USB Official OEM Charger and Power Adapter for Fire Tablets and Kindle eReaders,,, Amazon 5W USB Official OEM Charger and Power Adapter for Fire Tablets and Kindle eReaders,,,
Amazon 5W USB Official OEM Charger and Power Adapter for Fire Tablets and Kindle eReaders,,, Amazon 5W USB Official OEM Charger and Power Adapter for Fire Tablets and Kindle eReaders,,,
Amazon 5W USB Official OEM Charger and Power Adapter for Fire Tablets and Kindle eReaders,,, Amazon 5W USB Official OEM Charger and Power Adapter for Fire Tablets and Kindle eReaders,,,
Amazon 5W USB Official OEM Charger and Power Adapter for Fire Tablets and Kindle eReaders,,, Amazon Devices & Accessories,Amazon Device Accessories,Power Adapters & Cables,Kindle Store,Kindle E-Reader Accessories,Kindle Paperwhite Accessories",0,0,Accessories & Power
B01J4ORNHU,"Fire Tablet, 7 Display, Wi-Fi, 8 GB - Includes Special Offers, Black",Amazon,"Kindle Store,Categories,eBook Readers & Accessories,Fire TV Accessories,Electronics,Power Adapters & Cables,Amazon Device Accessories,Power Adapters","I bought an extra power cord for my Echo a month ago but it has been on backorder. Then when I went to check, it was not scheduled to ship for another few weeks. I then saw this one, and it is new. I placed an order for it and it was at my door in two days with Prime.I love my Echo and wish I could buy another at the introductory rate that I did a year ago. We use it daily in our household, mainly for news and listening to music while cooking in the kitchen. We wanted another one for the main bedroom for the alarm, weather, and music. Having poor eyesight, it is nice to ask Alexa what the weather is rather then trying to find my glasses in the dark. I bough the extra cord and plugged it into my nightstand. I now unplug the one in the kitchen and plug it into the bedroom. Within a minute it is back online.So much easier than buying two Echos. Feels solid and just like the first one, very pleased. These are made for the Echo and as I use my Echo in a couple ends of the house so it is convenient to have the two of them My original power adapter has died. I purchased this. Works as designed, but even more, it's clearly a better engineered replacement unit. You can physically see the difference, from the connector cable, to the transformer body. Our Alexa stopped working so Amazon customer service suggested I try purchasing a new adapter. It arrived and fixed the problem. It was a much cheaper, and easier fix than I anticipated. Very happy with this product! Fixed problem after several power bumps/outages even with surge protector. Happy spending cost for new power adaptor vs. new Echo Bought Amazon Fire TV 2/16/15, this is NOT the replacement cord for my model.Be aware of what you are purchasing --- this is NOT a fit for the older Fire models.Alternate, non Amazon, power cords are available for the older version of Fire TV on Amazon. My puppy chewed up the power cord that's came with my Alexa. So relieved that I could get a replacement at a reasonable price. This really helped me use my echo more- having 2 plugs helps make moving it to another room easier. I PURCHASED THIS ITEM BACK IN THE FIRST QUARTER OF 2017. I RETURNED THIS ITEM WITHIN 30 DAYS OF PURCHASE. I MAILED IT BACK PER INSTRUCTIONS BY AMAZON. TODAY MAY 26 I RECEIVED AN E-MAIL FROM AMAZON THAT THEY FAILED TO RECEIVE THE ITEM BY JUL. 20 SO THEY WILL CHARGE MY CREDIT CARD. I HAVE TO ASSUME THAT SOMEONE IN AMAZON RECEIVING DID NOT DO THEIR JOB LOGING IN THE ITEM OR US MAIL LOST THE ITEM. EITHER WAY I AM SCREWED. My kitten chewed through the power cord that came with our Echo and I had to order a new one. I was disappointed that I had to buy another plug instead of being able to buy a replacement cable like most USB cables. I bought a cord protector for this Echo power cord so that hopefully I won't have to buy another one due to a destructive kitten. Thanks to Amazon for standing behind the product they sell, mine quit working after a year and replaced it. GREAT! My Amazon Echo did not power back on after we had a loss of power, even though we had it plugged into a surge protector. I am almost a full year out of warranty for my echo and Amazon sent me this power plug for free and almost like magic my Echo came back to life as soon as it was plugged in with this new power adapter. Yay, we have Alexa back in our lives! Hooray! A while ago, my Echo power supply stopped working. At the time, Amazon was out of the OEM power supply and provided me with a replacement from China. That one worked but was bulky and not as good looking as the OEM one, so I decided, when Amazon had caught up with back orders, to reorder a 'real' power supply. Very glad that I did.Sleek, stylish power supply for my Amazon Echo. Works as it should, and hopefully will last longer than my previous power supply! As expected but cost too much. I felt amazon should have covered the failed power supply under warranty but this fixed it. I bought this thinking it was needed for the Echo that I purchased. It was not. However if I ever want an Amazon Fire TV it will be ready. My Echo's power adapter began making a tiny but very audible noise that was disconcerting. My Echo continued to work well, but I needed to get rid of the aggravating and disconcerting noise, so I bought another adapter. This adapter works without making any noise. I am pleased with it.","Fire Tablet, 7 Display, Wi-Fi, 8 GB - Includes Special Offers, Black Amazon Kindle Store,Categories,eBook Readers & Accessories,Fire TV Accessories,Electronics,Power Adapters & Cables,Amazon Device Accessories,Power Adapters I bought an extra power cord for my Echo a month ago but it has been on backorder. Then when I went to check, it was not scheduled to ship for another few weeks. I then saw this one, and it is new. I placed an order for it and it was at my door in two days with Prime.I love my Echo and wish I could buy another at the introductory rate that I did a year ago. We use it daily in our household, mainly for news and listening to music while cooking in the kitchen. We wanted another one for the main bedroom for the alarm, weather, and music. Having poor eyesight, it is nice to ask Alexa what the weather is rather then trying to find my glasses in the dark. I bough the extra cord and plugged it into my nightstand. I now unplug the one in the kitchen and plug it into the bedroom. Within a minute it is back online.So much easier than buying two Echos. Feels solid and just like the first one, very pleased. These are made for the Echo and as I use my Echo in a couple ends of the house so it is convenient to have the two of them My original power adapter has died. I purchased this. Works as designed, but even more, it's clearly a better engineered replacement unit. You can physically see the difference, from the connector cable, to the transformer body. Our Alexa stopped working so Amazon customer service suggested I try purchasing a new adapter. It arrived and fixed the problem. It was a much cheaper, and easier fix than I anticipated. Very happy with this product! Fixed problem after several power bumps/outages even with surge protector. Happy spending cost for new power adaptor vs. new Echo Bought Amazon Fire TV 2/16/15, this is NOT the replacement cord for my model.Be aware of what you are purchasing --- this is NOT a fit for the older Fire models.Alternate, non Amazon, power cords are available for the older version of Fire TV on Amazon. My puppy chewed up the power cord that's came with my Alexa. So relieved that I could get a replacement at a reasonable price. This really helped me use my echo more- having 2 plugs helps make moving it to another room easier. I PURCHASED THIS ITEM BACK IN THE FIRST QUARTER OF 2017. I RETURNED THIS ITEM WITHIN 30 DAYS OF PURCHASE. I MAILED IT BACK PER INSTRUCTIONS BY AMAZON. TODAY MAY 26 I RECEIVED AN E-MAIL FROM AMAZON THAT THEY FAILED TO RECEIVE THE ITEM BY JUL. 20 SO THEY WILL CHARGE MY CREDIT CARD. I HAVE TO ASSUME THAT SOMEONE IN AMAZON RECEIVING DID NOT DO THEIR JOB LOGING IN THE ITEM OR US MAIL LOST THE ITEM. EITHER WAY I AM SCREWED. My kitten chewed through the power cord that came with our Echo and I had to order a new one. I was disappointed that I had to buy another plug instead of being able to buy a replacement cable like most USB cables. I bought a cord protector for this Echo power cord so that hopefully I won't have to buy another one due to a destructive kitten. Thanks to Amazon for standing behind the product they sell, mine quit working after a year and replaced it. GREAT! My Amazon Echo did not power back on after we had a loss of power, even though we had it plugged into a surge protector. I am almost a full year out of warranty for my echo and Amazon sent me this power plug for free and almost like magic my Echo came back to life as soon as it was plugged in with this new power adapter. Yay, we have Alexa back in our lives! Hooray! A while ago, my Echo power supply stopped working. At the time, Amazon was out of the OEM power supply and provided me with a replacement from China. That one worked but was bulky and not as good looking as the OEM one, so I decided, when Amazon had caught up with back orders, to reorder a 'real' power supply. Very glad that I did.Sleek, stylish power supply for my Amazon Echo. Works as it should, and hopefully will last longer than my previous power supply! As expected but cost too much. I felt amazon should have covered the failed power supply under warranty but this fixed it. I bought this thinking it was needed for the Echo that I purchased. It was not. However if I ever want an Amazon Fire TV it will be ready. My Echo's power adapter began making a tiny but very audible noise that was disconcerting. My Echo continued to work well, but I needed to get rid of the aggravating and disconcerting noise, so I bought another adapter. This adapter works without making any noise. I am pleased with it.",3,"Fire Tablet, 7 Display, Wi-Fi, 8 GB - Includes Special Offers, Black Kindle Store,Categories,eBook Readers & Accessories,Fire TV Accessories,Electronics,Power Adapters & Cables,Amazon Device Accessories,Power Adapters",1,"Fire Tablet, 7 Display, Wi-Fi, 8 GB - Includes Special Offers, Black Fire Tablet, 7 Display, Wi-Fi, 8 GB - Includes Special Offers, Black Fire Tablet, 7 Display, Wi-Fi, 8 GB - Includes Special Offers, Black Fire Tablet, 7 Display, Wi-Fi, 8 GB - Includes Special Offers, Black Kindle Store,Categories,eBook Readers & Accessories,Fire TV Accessories,Electronics,Power Adapters & Cables,Amazon Device Accessories,Power Adapters",1,1,Fire Tablets - Standard
